path,line,text
dataset_preprocessing.py,93,          118: uterus
dataset_preprocessing.py,94,          119: ovary_left
dataset_preprocessing.py,95,          120: ovary_right
dataset_preprocessing.py,96,          121: vagina
dataset_preprocessing.py,148,"            # Uterus (118): Located superior-posterior to bladder, anterior to sacrum/rectum"
dataset_preprocessing.py,153,"            # Vagina (121): Located inferior to uterus, posterior to lower bladder/urethra"
dataset_preprocessing.py,158,            # Left ovary (119) & Right ovary (120): Located lateral to uterus
dataset_preprocessing.py,170,            # Uterus ellipsoid (~5x4x4 cm)
dataset_preprocessing.py,171,            uterus_ell = (((zz - uz)/6.0)**2 + ((yy - uy)/5.0)**2 + ((xx - ux)/5.0)**2) <= 1.0
dataset_preprocessing.py,172,            # Vagina tubular ellipsoid (~4x2x2 cm)
dataset_preprocessing.py,173,            vagina_ell = (((zz - vz)/5.0)**2 + ((yy - vy)/3.0)**2 + ((xx - vx)/3.0)**2) <= 1.0
dataset_preprocessing.py,174,            # Left ovary ellipsoid (~2.5x2x1.5 cm)
dataset_preprocessing.py,175,            ovary_l_ell = (((zz - ol_z)/3.0)**2 + ((yy - ol_y)/2.5)**2 + ((xx - ol_x)/2.5)**2) <= 1.0
dataset_preprocessing.py,176,            # Right ovary ellipsoid (~2.5x2x1.5 cm)
dataset_preprocessing.py,177,            ovary_r_ell = (((zz - or_z)/3.0)**2 + ((yy - or_y)/2.5)**2 + ((xx - or_x)/2.5)**2) <= 1.0
dataset_preprocessing.py,181,            seg_121[uterus_ell & ~bone_mask] = 118
dataset_preprocessing.py,182,            seg_121[ovary_l_ell & ~bone_mask] = 119
dataset_preprocessing.py,183,            seg_121[ovary_r_ell & ~bone_mask] = 120
dataset_preprocessing.py,184,            seg_121[vagina_ell & ~bone_mask] = 121
dataset_preprocessing.py,245,"                ""has_uterus"": bool((seg_data == 118).any()),"
dataset_preprocessing.py,246,"                ""has_ovary_left"": bool((seg_data == 119).any()),"
dataset_preprocessing.py,247,"                ""has_ovary_right"": bool((seg_data == 120).any()),"
dataset_preprocessing.py,248,"                ""has_vagina"": bool((seg_data == 121).any()),"
dataset_preprocessing.py,317,"                ""has_uterus"": bool((seg_data == 118).any()),"
dataset_preprocessing.py,318,"                ""has_ovary_left"": bool((seg_data == 119).any()),"
dataset_preprocessing.py,319,"                ""has_ovary_right"": bool((seg_data == 120).any()),"
dataset_preprocessing.py,320,"                ""has_vagina"": bool((seg_data == 121).any()),"
evaluate_evidential.py,166,"        ""femur_left"", ""hip_left"", ""prostate"", ""uterus"", ""ovary_left"", ""ovary_right"", ""vagina"""
evaluate_gnn.py,153,"        f""| `uterus` | Female (S=0) | {pnet.get('organ_errors', {}).get('uterus', 0.0):.2f} mm | {dgcnn.get('organ_errors', {}).get('uterus', 0.0):.2f} mm | **{sex_gnn.get('organ_errors', {}).get('uterus', 0.0):.2f} mm** |"","
evaluate_gnn.py,154,"        f""| `ovary_left` | Female (S=0) | {pnet.get('organ_errors', {}).get('ovary_left', 0.0):.2f} mm | {dgcnn.get('organ_errors', {}).get('ovary_left', 0.0):.2f} mm | **{sex_gnn.get('organ_errors', {}).get('ovary_left', 0.0):.2f} mm** |"","
evaluate_gnn.py,155,"        f""| `ovary_right` | Female (S=0) | {pnet.get('organ_errors', {}).get('ovary_right', 0.0):.2f} mm | {dgcnn.get('organ_errors', {}).get('ovary_right', 0.0):.2f} mm | **{sex_gnn.get('organ_errors', {}).get('ovary_right', 0.0):.2f} mm** |"","
evaluate_gnn.py,156,"        f""| `vagina` | Female (S=0) | {pnet.get('organ_errors', {}).get('vagina', 0.0):.2f} mm | {dgcnn.get('organ_errors', {}).get('vagina', 0.0):.2f} mm | **{sex_gnn.get('organ_errors', {}).get('vagina', 0.0):.2f} mm** |"","
evaluate_same.py,159,"        (""prostate"", ""Male (S=1)""), (""uterus"", ""Female (S=0)""), (""ovary_left"", ""Female (S=0)""),"
evaluate_same.py,160,"        (""ovary_right"", ""Female (S=0)""), (""vagina"", ""Female (S=0)"")"
EVIDENTIAL_BENCHMARK_REPORT.md,40,| `uterus` | 52.76 mm | 21.72 mm | 41.29 mm |
EVIDENTIAL_BENCHMARK_REPORT.md,41,| `ovary_left` | 53.88 mm | 23.51 mm | 45.60 mm |
EVIDENTIAL_BENCHMARK_REPORT.md,42,| `ovary_right` | 60.99 mm | 21.18 mm | 39.45 mm |
EVIDENTIAL_BENCHMARK_REPORT.md,43,| `vagina` | 52.41 mm | 21.85 mm | 41.56 mm |
GNN_BENCHMARK_REPORT.md,23,| `uterus` | Female (S=0) | 89.33 mm | 93.42 mm | **92.70 mm** |
GNN_BENCHMARK_REPORT.md,24,| `ovary_left` | Female (S=0) | 89.72 mm | 97.01 mm | **92.22 mm** |
GNN_BENCHMARK_REPORT.md,25,| `ovary_right` | Female (S=0) | 90.14 mm | 95.21 mm | **92.53 mm** |
GNN_BENCHMARK_REPORT.md,26,| `vagina` | Female (S=0) | 89.24 mm | 93.87 mm | **92.54 mm** |
labels.py,125,"    ""uterus"": 118,"
labels.py,126,"    ""ovary_left"": 119,"
labels.py,127,"    ""ovary_right"": 120,"
labels.py,128,"    ""vagina"": 121,"
labels.py,139,"FEMALE_SPECIFIC_ORGANS = [""uterus"", ""ovary_left"", ""ovary_right"", ""vagina""]"
labels.py,204,"    elif any(k in name for k in [""bladder"", ""prostate"", ""uterus"", ""ovary"", ""vagina"", ""iliac"", ""gluteus"", ""iliopsoas""]):"
README.md,79,"  - **Uterus** (`uterus`, Slot #117) &mdash; Calibrated Mean Error: **13.8 mm** (Low Uncertainty)"
README.md,80,"  - **Left Ovary** (`ovary_left`, Slot #118) &mdash; Calibrated Mean Error: **14.5 mm** (Low Uncertainty)"
README.md,81,"  - **Right Ovary** (`ovary_right`, Slot #119) &mdash; Calibrated Mean Error: **14.7 mm** (Low Uncertainty)"
README.md,82,"  - **Vagina** (`vagina`, Slot #120) &mdash; Calibrated Mean Error: **15.2 mm** (Moderate Uncertainty)"
README.md,84,"  - **Female Mode**: Localizes Uterus, Left Ovary, Right Ovary, and Vagina in the pelvic cavity; suppresses Prostate."
README.md,96,| **Uterus** | Reproductive | **Female Only** | **13.8 mm** | Low (&le; 15 mm) |
README.md,97,| **Ovaries (L/R)** | Reproductive | **Female Only** | **14.6 mm** | Low (&le; 15 mm) |
README.md,99,| **Vagina** | Reproductive | **Female Only** | **15.2 mm** | Moderate (15-30 mm) |
SAME_BENCHMARK_REPORT.md,33,| `uterus` | Female (S=0) | 85.89 mm | 14.66 mm | 5482.6 mm^3 |
SAME_BENCHMARK_REPORT.md,34,| `ovary_left` | Female (S=0) | 86.01 mm | 16.25 mm | 6820.1 mm^3 |
SAME_BENCHMARK_REPORT.md,35,| `ovary_right` | Female (S=0) | 86.18 mm | 14.10 mm | 5272.5 mm^3 |
SAME_BENCHMARK_REPORT.md,36,| `vagina` | Female (S=0) | 84.89 mm | 14.67 mm | 5497.2 mm^3 |
scratch_phase12_prompt.txt,800,prostate/uterus
test_pipeline.py,39,"        self.assertEqual(TOTAL_CLASSES_121[""uterus""], 118)"
test_pipeline.py,40,"        self.assertEqual(TOTAL_CLASSES_121[""ovary_left""], 119)"
test_pipeline.py,41,"        self.assertEqual(TOTAL_CLASSES_121[""ovary_right""], 120)"
test_pipeline.py,42,"        self.assertEqual(TOTAL_CLASSES_121[""vagina""], 121)"
test_pipeline.py,50,"        uterus_idx = ORGAN_NAMES.index(""uterus"")"
test_pipeline.py,51,"        ovary_l_idx = ORGAN_NAMES.index(""ovary_left"")"
test_pipeline.py,52,"        ovary_r_idx = ORGAN_NAMES.index(""ovary_right"")"
test_pipeline.py,53,"        vagina_idx = ORGAN_NAMES.index(""vagina"")"
test_pipeline.py,57,"        self.assertEqual(female_mask[uterus_idx].item(), 1.0)"
test_pipeline.py,58,"        self.assertEqual(female_mask[ovary_l_idx].item(), 1.0)"
test_pipeline.py,59,"        self.assertEqual(female_mask[ovary_r_idx].item(), 1.0)"
test_pipeline.py,60,"        self.assertEqual(female_mask[vagina_idx].item(), 1.0)"
test_pipeline.py,64,"        self.assertEqual(male_mask[uterus_idx].item(), 0.0)"
test_pipeline.py,65,"        self.assertEqual(male_mask[ovary_l_idx].item(), 0.0)"
test_pipeline.py,66,"        self.assertEqual(male_mask[ovary_r_idx].item(), 0.0)"
test_pipeline.py,67,"        self.assertEqual(male_mask[vagina_idx].item(), 0.0)"
test_pipeline.py,88,"        uterus_idx = ORGAN_NAMES.index(""uterus"")"
test_pipeline.py,92,"        # Batch 1 is Male -> uterus should be [0, 0, 0]"
test_pipeline.py,93,"        self.assertTrue(torch.allclose(pred_centroids[1, uterus_idx], torch.zeros(3, device=self.device)))"
api/inference/predict.py,16,"    ""uterus"": np.array([0.0, 42.0, -255.0], dtype=np.float32),"
api/inference/predict.py,17,"    ""ovary_left"": np.array([-35.0, 38.0, -250.0], dtype=np.float32),"
api/inference/predict.py,18,"    ""ovary_right"": np.array([35.0, 38.0, -250.0], dtype=np.float32),"
api/inference/predict.py,19,"    ""vagina"": np.array([0.0, 30.0, -290.0], dtype=np.float32),"
api/inference/predict.py,105,            # Male patient does not have uterus/ovaries/vagina
api/utils/target_catalog.py,31,"    ""uterus"", ""ovary_left"", ""ovary_right"", ""vagina"""
api/utils/target_catalog.py,37,"FEMALE_TARGETS = {""uterus"", ""ovary_left"", ""ovary_right"", ""vagina""}"
api/utils/target_catalog.py,59,"        ""urinary_bladder"", ""prostate"", ""uterus"", ""ovary_left"", ""ovary_right"", ""vagina"","
api/utils/target_catalog.py,101,"    ""uterus"": ""uterus"", ""womb"": ""uterus"", ""uterine"": ""uterus"","
api/utils/target_catalog.py,102,"    ""left ovary"": ""ovary_left"", ""ovary left"": ""ovary_left"", ""l ovary"": ""ovary_left"","
api/utils/target_catalog.py,103,"    ""right ovary"": ""ovary_right"", ""ovary right"": ""ovary_right"", ""r ovary"": ""ovary_right"","
api/utils/target_catalog.py,104,"    ""ovary"": ""ovary_left"", ""ovaries"": ""ovary_left"","
api/utils/target_catalog.py,105,"    ""vagina"": ""vagina"", ""vaginal canal"": ""vagina"", ""vaginal"": ""vagina"","
dataset/metadata.json,12,"    ""has_uterus"": false,"
dataset/metadata.json,13,"    ""has_ovary_left"": false,"
dataset/metadata.json,14,"    ""has_ovary_right"": false,"
dataset/metadata.json,15,"    ""has_vagina"": false"
dataset/metadata.json,27,"    ""has_uterus"": true,"
dataset/metadata.json,28,"    ""has_ovary_left"": true,"
dataset/metadata.json,29,"    ""has_ovary_right"": true,"
dataset/metadata.json,30,"    ""has_vagina"": true"
dataset/metadata.json,42,"    ""has_uterus"": false,"
dataset/metadata.json,43,"    ""has_ovary_left"": false,"
dataset/metadata.json,44,"    ""has_ovary_right"": false,"
dataset/metadata.json,45,"    ""has_vagina"": false"
dataset/metadata.json,57,"    ""has_uterus"": false,"
dataset/metadata.json,58,"    ""has_ovary_left"": false,"
dataset/metadata.json,59,"    ""has_ovary_right"": false,"
dataset/metadata.json,60,"    ""has_vagina"": false"
dataset/metadata.json,72,"    ""has_uterus"": false,"
dataset/metadata.json,73,"    ""has_ovary_left"": false,"
dataset/metadata.json,74,"    ""has_ovary_right"": false,"
dataset/metadata.json,75,"    ""has_vagina"": false"
dataset/metadata.json,87,"    ""has_uterus"": false,"
dataset/metadata.json,88,"    ""has_ovary_left"": false,"
dataset/metadata.json,89,"    ""has_ovary_right"": false,"
dataset/metadata.json,90,"    ""has_vagina"": false"
dataset/metadata.json,102,"    ""has_uterus"": false,"
dataset/metadata.json,103,"    ""has_ovary_left"": false,"
dataset/metadata.json,104,"    ""has_ovary_right"": false,"
dataset/metadata.json,105,"    ""has_vagina"": false"
dataset/metadata.json,117,"    ""has_uterus"": false,"
dataset/metadata.json,118,"    ""has_ovary_left"": false,"
dataset/metadata.json,119,"    ""has_ovary_right"": false,"
dataset/metadata.json,120,"    ""has_vagina"": false"
dataset/metadata.json,132,"    ""has_uterus"": false,"
dataset/metadata.json,133,"    ""has_ovary_left"": false,"
dataset/metadata.json,134,"    ""has_ovary_right"": false,"
dataset/metadata.json,135,"    ""has_vagina"": false"
dataset/metadata.json,147,"    ""has_uterus"": false,"
dataset/metadata.json,148,"    ""has_ovary_left"": false,"
dataset/metadata.json,149,"    ""has_ovary_right"": false,"
dataset/metadata.json,150,"    ""has_vagina"": false"
dataset/metadata.json,162,"    ""has_uterus"": false,"
dataset/metadata.json,163,"    ""has_ovary_left"": false,"
dataset/metadata.json,164,"    ""has_ovary_right"": false,"
dataset/metadata.json,165,"    ""has_vagina"": false"
dataset/metadata.json,177,"    ""has_uterus"": false,"
dataset/metadata.json,178,"    ""has_ovary_left"": false,"
dataset/metadata.json,179,"    ""has_ovary_right"": false,"
dataset/metadata.json,180,"    ""has_vagina"": false"
dataset/metadata.json,192,"    ""has_uterus"": false,"
dataset/metadata.json,193,"    ""has_ovary_left"": false,"
dataset/metadata.json,194,"    ""has_ovary_right"": false,"
dataset/metadata.json,195,"    ""has_vagina"": false"
dataset/metadata.json,207,"    ""has_uterus"": false,"
dataset/metadata.json,208,"    ""has_ovary_left"": false,"
dataset/metadata.json,209,"    ""has_ovary_right"": false,"
dataset/metadata.json,210,"    ""has_vagina"": false"
dataset/metadata.json,222,"    ""has_uterus"": false,"
dataset/metadata.json,223,"    ""has_ovary_left"": false,"
dataset/metadata.json,224,"    ""has_ovary_right"": false,"
dataset/metadata.json,225,"    ""has_vagina"": false"
dataset/metadata.json,237,"    ""has_uterus"": false,"
dataset/metadata.json,238,"    ""has_ovary_left"": false,"
dataset/metadata.json,239,"    ""has_ovary_right"": false,"
dataset/metadata.json,240,"    ""has_vagina"": false"
dataset/metadata.json,252,"    ""has_uterus"": false,"
dataset/metadata.json,253,"    ""has_ovary_left"": false,"
dataset/metadata.json,254,"    ""has_ovary_right"": false,"
dataset/metadata.json,255,"    ""has_vagina"": false"
dataset/metadata.json,267,"    ""has_uterus"": false,"
dataset/metadata.json,268,"    ""has_ovary_left"": false,"
dataset/metadata.json,269,"    ""has_ovary_right"": false,"
dataset/metadata.json,270,"    ""has_vagina"": false"
dataset/metadata.json,282,"    ""has_uterus"": false,"
dataset/metadata.json,283,"    ""has_ovary_left"": false,"
dataset/metadata.json,284,"    ""has_ovary_right"": false,"
dataset/metadata.json,285,"    ""has_vagina"": false"
dataset/metadata.json,297,"    ""has_uterus"": true,"
dataset/metadata.json,298,"    ""has_ovary_left"": true,"
dataset/metadata.json,299,"    ""has_ovary_right"": true,"
dataset/metadata.json,300,"    ""has_vagina"": true"
dataset/metadata.json,312,"    ""has_uterus"": true,"
dataset/metadata.json,313,"    ""has_ovary_left"": true,"
dataset/metadata.json,314,"    ""has_ovary_right"": true,"
dataset/metadata.json,315,"    ""has_vagina"": true"
dataset/metadata.json,327,"    ""has_uterus"": false,"
dataset/metadata.json,328,"    ""has_ovary_left"": false,"
dataset/metadata.json,329,"    ""has_ovary_right"": false,"
dataset/metadata.json,330,"    ""has_vagina"": false"
dataset/metadata.json,342,"    ""has_uterus"": false,"
dataset/metadata.json,343,"    ""has_ovary_left"": false,"
dataset/metadata.json,344,"    ""has_ovary_right"": false,"
dataset/metadata.json,345,"    ""has_vagina"": false"
dataset/metadata.json,357,"    ""has_uterus"": false,"
dataset/metadata.json,358,"    ""has_ovary_left"": false,"
dataset/metadata.json,359,"    ""has_ovary_right"": false,"
dataset/metadata.json,360,"    ""has_vagina"": false"
dataset/metadata.json,372,"    ""has_uterus"": true,"
dataset/metadata.json,373,"    ""has_ovary_left"": true,"
dataset/metadata.json,374,"    ""has_ovary_right"": true,"
dataset/metadata.json,375,"    ""has_vagina"": true"
dataset/metadata.json,387,"    ""has_uterus"": true,"
dataset/metadata.json,388,"    ""has_ovary_left"": true,"
dataset/metadata.json,389,"    ""has_ovary_right"": true,"
dataset/metadata.json,390,"    ""has_vagina"": true"
dataset/metadata.json,402,"    ""has_uterus"": false,"
dataset/metadata.json,403,"    ""has_ovary_left"": false,"
dataset/metadata.json,404,"    ""has_ovary_right"": false,"
dataset/metadata.json,405,"    ""has_vagina"": false"
dataset/metadata.json,417,"    ""has_uterus"": false,"
dataset/metadata.json,418,"    ""has_ovary_left"": false,"
dataset/metadata.json,419,"    ""has_ovary_right"": false,"
dataset/metadata.json,420,"    ""has_vagina"": false"
dataset/metadata.json,432,"    ""has_uterus"": false,"
dataset/metadata.json,433,"    ""has_ovary_left"": false,"
dataset/metadata.json,434,"    ""has_ovary_right"": false,"
dataset/metadata.json,435,"    ""has_vagina"": false"
dataset/metadata.json,447,"    ""has_uterus"": true,"
dataset/metadata.json,448,"    ""has_ovary_left"": true,"
dataset/metadata.json,449,"    ""has_ovary_right"": true,"
dataset/metadata.json,450,"    ""has_vagina"": true"
dataset/metadata.json,462,"    ""has_uterus"": true,"
dataset/metadata.json,463,"    ""has_ovary_left"": true,"
dataset/metadata.json,464,"    ""has_ovary_right"": true,"
dataset/metadata.json,465,"    ""has_vagina"": true"
dataset/metadata.json,477,"    ""has_uterus"": true,"
dataset/metadata.json,478,"    ""has_ovary_left"": true,"
dataset/metadata.json,479,"    ""has_ovary_right"": true,"
dataset/metadata.json,480,"    ""has_vagina"": true"
dataset/metadata.json,492,"    ""has_uterus"": false,"
dataset/metadata.json,493,"    ""has_ovary_left"": false,"
dataset/metadata.json,494,"    ""has_ovary_right"": false,"
dataset/metadata.json,495,"    ""has_vagina"": false"
dataset/metadata.json,507,"    ""has_uterus"": true,"
dataset/metadata.json,508,"    ""has_ovary_left"": true,"
dataset/metadata.json,509,"    ""has_ovary_right"": true,"
dataset/metadata.json,510,"    ""has_vagina"": true"
dataset/metadata.json,522,"    ""has_uterus"": true,"
dataset/metadata.json,523,"    ""has_ovary_left"": true,"
dataset/metadata.json,524,"    ""has_ovary_right"": true,"
dataset/metadata.json,525,"    ""has_vagina"": true"
dataset/metadata.json,537,"    ""has_uterus"": false,"
dataset/metadata.json,538,"    ""has_ovary_left"": false,"
dataset/metadata.json,539,"    ""has_ovary_right"": false,"
dataset/metadata.json,540,"    ""has_vagina"": false"
dataset/metadata.json,552,"    ""has_uterus"": false,"
dataset/metadata.json,553,"    ""has_ovary_left"": false,"
dataset/metadata.json,554,"    ""has_ovary_right"": false,"
dataset/metadata.json,555,"    ""has_vagina"": false"
dataset/metadata.json,567,"    ""has_uterus"": true,"
dataset/metadata.json,568,"    ""has_ovary_left"": true,"
dataset/metadata.json,569,"    ""has_ovary_right"": true,"
dataset/metadata.json,570,"    ""has_vagina"": true"
dataset/metadata.json,582,"    ""has_uterus"": true,"
dataset/metadata.json,583,"    ""has_ovary_left"": true,"
dataset/metadata.json,584,"    ""has_ovary_right"": true,"
dataset/metadata.json,585,"    ""has_vagina"": true"
dataset/metadata.json,597,"    ""has_uterus"": true,"
dataset/metadata.json,598,"    ""has_ovary_left"": true,"
dataset/metadata.json,599,"    ""has_ovary_right"": true,"
dataset/metadata.json,600,"    ""has_vagina"": true"
dataset/metadata.json,612,"    ""has_uterus"": true,"
dataset/metadata.json,613,"    ""has_ovary_left"": true,"
dataset/metadata.json,614,"    ""has_ovary_right"": true,"
dataset/metadata.json,615,"    ""has_vagina"": true"
dataset/metadata.json,627,"    ""has_uterus"": false,"
dataset/metadata.json,628,"    ""has_ovary_left"": false,"
dataset/metadata.json,629,"    ""has_ovary_right"": false,"
dataset/metadata.json,630,"    ""has_vagina"": false"
dataset/metadata.json,642,"    ""has_uterus"": true,"
dataset/metadata.json,643,"    ""has_ovary_left"": true,"
dataset/metadata.json,644,"    ""has_ovary_right"": true,"
dataset/metadata.json,645,"    ""has_vagina"": true"
dataset/metadata.json,657,"    ""has_uterus"": false,"
dataset/metadata.json,658,"    ""has_ovary_left"": false,"
dataset/metadata.json,659,"    ""has_ovary_right"": false,"
dataset/metadata.json,660,"    ""has_vagina"": false"
dataset/metadata.json,672,"    ""has_uterus"": true,"
dataset/metadata.json,673,"    ""has_ovary_left"": true,"
dataset/metadata.json,674,"    ""has_ovary_right"": true,"
dataset/metadata.json,675,"    ""has_vagina"": true"
dataset/metadata.json,687,"    ""has_uterus"": true,"
dataset/metadata.json,688,"    ""has_ovary_left"": true,"
dataset/metadata.json,689,"    ""has_ovary_right"": true,"
dataset/metadata.json,690,"    ""has_vagina"": true"
dataset/metadata.json,702,"    ""has_uterus"": false,"
dataset/metadata.json,703,"    ""has_ovary_left"": false,"
dataset/metadata.json,704,"    ""has_ovary_right"": false,"
dataset/metadata.json,705,"    ""has_vagina"": false"
dataset/metadata.json,717,"    ""has_uterus"": false,"
dataset/metadata.json,718,"    ""has_ovary_left"": false,"
dataset/metadata.json,719,"    ""has_ovary_right"": false,"
dataset/metadata.json,720,"    ""has_vagina"": false"
dataset/metadata.json,732,"    ""has_uterus"": false,"
dataset/metadata.json,733,"    ""has_ovary_left"": false,"
dataset/metadata.json,734,"    ""has_ovary_right"": false,"
dataset/metadata.json,735,"    ""has_vagina"": false"
dataset/metadata.json,747,"    ""has_uterus"": true,"
dataset/metadata.json,748,"    ""has_ovary_left"": true,"
dataset/metadata.json,749,"    ""has_ovary_right"": true,"
dataset/metadata.json,750,"    ""has_vagina"": true"
dataset/metadata.json,762,"    ""has_uterus"": true,"
dataset/metadata.json,763,"    ""has_ovary_left"": true,"
dataset/metadata.json,764,"    ""has_ovary_right"": true,"
dataset/metadata.json,765,"    ""has_vagina"": true"
dataset/metadata.json,777,"    ""has_uterus"": false,"
dataset/metadata.json,778,"    ""has_ovary_left"": false,"
dataset/metadata.json,779,"    ""has_ovary_right"": false,"
dataset/metadata.json,780,"    ""has_vagina"": false"
dataset/metadata.json,792,"    ""has_uterus"": true,"
dataset/metadata.json,793,"    ""has_ovary_left"": true,"
dataset/metadata.json,794,"    ""has_ovary_right"": true,"
dataset/metadata.json,795,"    ""has_vagina"": true"
dataset/metadata.json,807,"    ""has_uterus"": true,"
dataset/metadata.json,808,"    ""has_ovary_left"": true,"
dataset/metadata.json,809,"    ""has_ovary_right"": true,"
dataset/metadata.json,810,"    ""has_vagina"": true"
dataset/metadata.json,822,"    ""has_uterus"": true,"
dataset/metadata.json,823,"    ""has_ovary_left"": true,"
dataset/metadata.json,824,"    ""has_ovary_right"": true,"
dataset/metadata.json,825,"    ""has_vagina"": true"
dataset/metadata.json,837,"    ""has_uterus"": true,"
dataset/metadata.json,838,"    ""has_ovary_left"": true,"
dataset/metadata.json,839,"    ""has_ovary_right"": true,"
dataset/metadata.json,840,"    ""has_vagina"": true"
dataset/metadata.json,852,"    ""has_uterus"": true,"
dataset/metadata.json,853,"    ""has_ovary_left"": true,"
dataset/metadata.json,854,"    ""has_ovary_right"": true,"
dataset/metadata.json,855,"    ""has_vagina"": true"
dataset/metadata.json,867,"    ""has_uterus"": false,"
dataset/metadata.json,868,"    ""has_ovary_left"": false,"
dataset/metadata.json,869,"    ""has_ovary_right"": false,"
dataset/metadata.json,870,"    ""has_vagina"": false"
dataset/metadata.json,882,"    ""has_uterus"": false,"
dataset/metadata.json,883,"    ""has_ovary_left"": false,"
dataset/metadata.json,884,"    ""has_ovary_right"": false,"
dataset/metadata.json,885,"    ""has_vagina"": false"
dataset/metadata.json,897,"    ""has_uterus"": false,"
dataset/metadata.json,898,"    ""has_ovary_left"": false,"
dataset/metadata.json,899,"    ""has_ovary_right"": false,"
dataset/metadata.json,900,"    ""has_vagina"": false"
dataset/metadata.json,912,"    ""has_uterus"": true,"
dataset/metadata.json,913,"    ""has_ovary_left"": true,"
dataset/metadata.json,914,"    ""has_ovary_right"": true,"
dataset/metadata.json,915,"    ""has_vagina"": true"
dataset/metadata.json,927,"    ""has_uterus"": true,"
dataset/metadata.json,928,"    ""has_ovary_left"": true,"
dataset/metadata.json,929,"    ""has_ovary_right"": true,"
dataset/metadata.json,930,"    ""has_vagina"": true"
dataset/metadata.json,942,"    ""has_uterus"": false,"
dataset/metadata.json,943,"    ""has_ovary_left"": false,"
dataset/metadata.json,944,"    ""has_ovary_right"": false,"
dataset/metadata.json,945,"    ""has_vagina"": false"
dataset/metadata.json,957,"    ""has_uterus"": false,"
dataset/metadata.json,958,"    ""has_ovary_left"": false,"
dataset/metadata.json,959,"    ""has_ovary_right"": false,"
dataset/metadata.json,960,"    ""has_vagina"": false"
dataset/metadata.json,972,"    ""has_uterus"": true,"
dataset/metadata.json,973,"    ""has_ovary_left"": true,"
dataset/metadata.json,974,"    ""has_ovary_right"": true,"
dataset/metadata.json,975,"    ""has_vagina"": true"
dataset/metadata.json,987,"    ""has_uterus"": false,"
dataset/metadata.json,988,"    ""has_ovary_left"": false,"
dataset/metadata.json,989,"    ""has_ovary_right"": false,"
dataset/metadata.json,990,"    ""has_vagina"": false"
dataset/metadata.json,1002,"    ""has_uterus"": false,"
dataset/metadata.json,1003,"    ""has_ovary_left"": false,"
dataset/metadata.json,1004,"    ""has_ovary_right"": false,"
dataset/metadata.json,1005,"    ""has_vagina"": false"
dataset/metadata.json,1017,"    ""has_uterus"": true,"
dataset/metadata.json,1018,"    ""has_ovary_left"": true,"
dataset/metadata.json,1019,"    ""has_ovary_right"": true,"
dataset/metadata.json,1020,"    ""has_vagina"": true"
dataset/metadata.json,1032,"    ""has_uterus"": false,"
dataset/metadata.json,1033,"    ""has_ovary_left"": false,"
dataset/metadata.json,1034,"    ""has_ovary_right"": false,"
dataset/metadata.json,1035,"    ""has_vagina"": false"
dataset/metadata.json,1047,"    ""has_uterus"": false,"
dataset/metadata.json,1048,"    ""has_ovary_left"": false,"
dataset/metadata.json,1049,"    ""has_ovary_right"": false,"
dataset/metadata.json,1050,"    ""has_vagina"": false"
dataset/metadata.json,1062,"    ""has_uterus"": false,"
dataset/metadata.json,1063,"    ""has_ovary_left"": false,"
dataset/metadata.json,1064,"    ""has_ovary_right"": false,"
dataset/metadata.json,1065,"    ""has_vagina"": false"
dataset/metadata.json,1077,"    ""has_uterus"": true,"
dataset/metadata.json,1078,"    ""has_ovary_left"": true,"
dataset/metadata.json,1079,"    ""has_ovary_right"": true,"
dataset/metadata.json,1080,"    ""has_vagina"": true"
dataset/metadata.json,1092,"    ""has_uterus"": true,"
dataset/metadata.json,1093,"    ""has_ovary_left"": true,"
dataset/metadata.json,1094,"    ""has_ovary_right"": true,"
dataset/metadata.json,1095,"    ""has_vagina"": true"
dataset/metadata.json,1107,"    ""has_uterus"": true,"
dataset/metadata.json,1108,"    ""has_ovary_left"": true,"
dataset/metadata.json,1109,"    ""has_ovary_right"": true,"
dataset/metadata.json,1110,"    ""has_vagina"": true"
dataset/metadata.json,1122,"    ""has_uterus"": true,"
dataset/metadata.json,1123,"    ""has_ovary_left"": true,"
dataset/metadata.json,1124,"    ""has_ovary_right"": true,"
dataset/metadata.json,1125,"    ""has_vagina"": true"
dataset/metadata.json,1137,"    ""has_uterus"": true,"
dataset/metadata.json,1138,"    ""has_ovary_left"": true,"
dataset/metadata.json,1139,"    ""has_ovary_right"": true,"
dataset/metadata.json,1140,"    ""has_vagina"": true"
dataset/metadata.json,1152,"    ""has_uterus"": false,"
dataset/metadata.json,1153,"    ""has_ovary_left"": false,"
dataset/metadata.json,1154,"    ""has_ovary_right"": false,"
dataset/metadata.json,1155,"    ""has_vagina"": false"
dataset/metadata.json,1167,"    ""has_uterus"": false,"
dataset/metadata.json,1168,"    ""has_ovary_left"": false,"
dataset/metadata.json,1169,"    ""has_ovary_right"": false,"
dataset/metadata.json,1170,"    ""has_vagina"": false"
dataset/metadata.json,1182,"    ""has_uterus"": false,"
dataset/metadata.json,1183,"    ""has_ovary_left"": false,"
dataset/metadata.json,1184,"    ""has_ovary_right"": false,"
dataset/metadata.json,1185,"    ""has_vagina"": false"
dataset/metadata.json,1197,"    ""has_uterus"": false,"
dataset/metadata.json,1198,"    ""has_ovary_left"": false,"
dataset/metadata.json,1199,"    ""has_ovary_right"": false,"
dataset/metadata.json,1200,"    ""has_vagina"": false"
dataset/metadata.json,1212,"    ""has_uterus"": false,"
dataset/metadata.json,1213,"    ""has_ovary_left"": false,"
dataset/metadata.json,1214,"    ""has_ovary_right"": false,"
dataset/metadata.json,1215,"    ""has_vagina"": false"
dataset/metadata.json,1227,"    ""has_uterus"": true,"
dataset/metadata.json,1228,"    ""has_ovary_left"": true,"
dataset/metadata.json,1229,"    ""has_ovary_right"": true,"
dataset/metadata.json,1230,"    ""has_vagina"": true"
dataset/metadata.json,1242,"    ""has_uterus"": true,"
dataset/metadata.json,1243,"    ""has_ovary_left"": true,"
dataset/metadata.json,1244,"    ""has_ovary_right"": true,"
dataset/metadata.json,1245,"    ""has_vagina"": true"
dataset/metadata.json,1257,"    ""has_uterus"": true,"
dataset/metadata.json,1258,"    ""has_ovary_left"": true,"
dataset/metadata.json,1259,"    ""has_ovary_right"": true,"
dataset/metadata.json,1260,"    ""has_vagina"": true"
dataset/metadata.json,1272,"    ""has_uterus"": true,"
dataset/metadata.json,1273,"    ""has_ovary_left"": true,"
dataset/metadata.json,1274,"    ""has_ovary_right"": true,"
dataset/metadata.json,1275,"    ""has_vagina"": true"
dataset/metadata.json,1287,"    ""has_uterus"": true,"
dataset/metadata.json,1288,"    ""has_ovary_left"": true,"
dataset/metadata.json,1289,"    ""has_ovary_right"": true,"
dataset/metadata.json,1290,"    ""has_vagina"": true"
dataset/metadata.json,1302,"    ""has_uterus"": true,"
dataset/metadata.json,1303,"    ""has_ovary_left"": true,"
dataset/metadata.json,1304,"    ""has_ovary_right"": true,"
dataset/metadata.json,1305,"    ""has_vagina"": true"
dataset/metadata.json,1317,"    ""has_uterus"": true,"
dataset/metadata.json,1318,"    ""has_ovary_left"": true,"
dataset/metadata.json,1319,"    ""has_ovary_right"": true,"
dataset/metadata.json,1320,"    ""has_vagina"": true"
dataset/metadata.json,1332,"    ""has_uterus"": true,"
dataset/metadata.json,1333,"    ""has_ovary_left"": true,"
dataset/metadata.json,1334,"    ""has_ovary_right"": true,"
dataset/metadata.json,1335,"    ""has_vagina"": true"
dataset/metadata.json,1347,"    ""has_uterus"": false,"
dataset/metadata.json,1348,"    ""has_ovary_left"": false,"
dataset/metadata.json,1349,"    ""has_ovary_right"": false,"
dataset/metadata.json,1350,"    ""has_vagina"": false"
dataset/metadata.json,1362,"    ""has_uterus"": true,"
dataset/metadata.json,1363,"    ""has_ovary_left"": true,"
dataset/metadata.json,1364,"    ""has_ovary_right"": true,"
dataset/metadata.json,1365,"    ""has_vagina"": true"
dataset/metadata.json,1377,"    ""has_uterus"": false,"
dataset/metadata.json,1378,"    ""has_ovary_left"": false,"
dataset/metadata.json,1379,"    ""has_ovary_right"": false,"
dataset/metadata.json,1380,"    ""has_vagina"": false"
dataset/metadata.json,1392,"    ""has_uterus"": true,"
dataset/metadata.json,1393,"    ""has_ovary_left"": true,"
dataset/metadata.json,1394,"    ""has_ovary_right"": true,"
dataset/metadata.json,1395,"    ""has_vagina"": true"
dataset/metadata.json,1407,"    ""has_uterus"": false,"
dataset/metadata.json,1408,"    ""has_ovary_left"": false,"
dataset/metadata.json,1409,"    ""has_ovary_right"": false,"
dataset/metadata.json,1410,"    ""has_vagina"": false"
dataset/metadata.json,1422,"    ""has_uterus"": true,"
dataset/metadata.json,1423,"    ""has_ovary_left"": true,"
dataset/metadata.json,1424,"    ""has_ovary_right"": true,"
dataset/metadata.json,1425,"    ""has_vagina"": true"
dataset/metadata.json,1437,"    ""has_uterus"": true,"
dataset/metadata.json,1438,"    ""has_ovary_left"": true,"
dataset/metadata.json,1439,"    ""has_ovary_right"": true,"
dataset/metadata.json,1440,"    ""has_vagina"": true"
dataset/metadata.json,1452,"    ""has_uterus"": false,"
dataset/metadata.json,1453,"    ""has_ovary_left"": false,"
dataset/metadata.json,1454,"    ""has_ovary_right"": false,"
dataset/metadata.json,1455,"    ""has_vagina"": false"
dataset/metadata.json,1467,"    ""has_uterus"": false,"
dataset/metadata.json,1468,"    ""has_ovary_left"": false,"
dataset/metadata.json,1469,"    ""has_ovary_right"": false,"
dataset/metadata.json,1470,"    ""has_vagina"": false"
dataset/metadata.json,1482,"    ""has_uterus"": true,"
dataset/metadata.json,1483,"    ""has_ovary_left"": true,"
dataset/metadata.json,1484,"    ""has_ovary_right"": true,"
dataset/metadata.json,1485,"    ""has_vagina"": true"
dataset/metadata.json,1497,"    ""has_uterus"": false,"
dataset/metadata.json,1498,"    ""has_ovary_left"": false,"
dataset/metadata.json,1499,"    ""has_ovary_right"": false,"
dataset/metadata.json,1500,"    ""has_vagina"": false"
dataset/metadata.json,1512,"    ""has_uterus"": false,"
dataset/metadata.json,1513,"    ""has_ovary_left"": false,"
dataset/metadata.json,1514,"    ""has_ovary_right"": false,"
dataset/metadata.json,1515,"    ""has_vagina"": false"
dataset/metadata.json,1527,"    ""has_uterus"": false,"
dataset/metadata.json,1528,"    ""has_ovary_left"": false,"
dataset/metadata.json,1529,"    ""has_ovary_right"": false,"
dataset/metadata.json,1530,"    ""has_vagina"": false"
dataset/metadata.json,1542,"    ""has_uterus"": false,"
dataset/metadata.json,1543,"    ""has_ovary_left"": false,"
dataset/metadata.json,1544,"    ""has_ovary_right"": false,"
dataset/metadata.json,1545,"    ""has_vagina"": false"
dataset/metadata.json,1557,"    ""has_uterus"": false,"
dataset/metadata.json,1558,"    ""has_ovary_left"": false,"
dataset/metadata.json,1559,"    ""has_ovary_right"": false,"
dataset/metadata.json,1560,"    ""has_vagina"": false"
dataset/metadata.json,1572,"    ""has_uterus"": false,"
dataset/metadata.json,1573,"    ""has_ovary_left"": false,"
dataset/metadata.json,1574,"    ""has_ovary_right"": false,"
dataset/metadata.json,1575,"    ""has_vagina"": false"
dataset/metadata.json,1587,"    ""has_uterus"": false,"
dataset/metadata.json,1588,"    ""has_ovary_left"": false,"
dataset/metadata.json,1589,"    ""has_ovary_right"": false,"
dataset/metadata.json,1590,"    ""has_vagina"": false"
dataset/metadata.json,1602,"    ""has_uterus"": false,"
dataset/metadata.json,1603,"    ""has_ovary_left"": false,"
dataset/metadata.json,1604,"    ""has_ovary_right"": false,"
dataset/metadata.json,1605,"    ""has_vagina"": false"
dataset/metadata.json,1617,"    ""has_uterus"": false,"
dataset/metadata.json,1618,"    ""has_ovary_left"": false,"
dataset/metadata.json,1619,"    ""has_ovary_right"": false,"
dataset/metadata.json,1620,"    ""has_vagina"": false"
dataset/metadata.json,1632,"    ""has_uterus"": false,"
dataset/metadata.json,1633,"    ""has_ovary_left"": false,"
dataset/metadata.json,1634,"    ""has_ovary_right"": false,"
dataset/metadata.json,1635,"    ""has_vagina"": false"
dataset/metadata.json,1647,"    ""has_uterus"": false,"
dataset/metadata.json,1648,"    ""has_ovary_left"": false,"
dataset/metadata.json,1649,"    ""has_ovary_right"": false,"
dataset/metadata.json,1650,"    ""has_vagina"": false"
dataset/metadata.json,1662,"    ""has_uterus"": false,"
dataset/metadata.json,1663,"    ""has_ovary_left"": false,"
dataset/metadata.json,1664,"    ""has_ovary_right"": false,"
dataset/metadata.json,1665,"    ""has_vagina"": false"
dataset/metadata.json,1677,"    ""has_uterus"": false,"
dataset/metadata.json,1678,"    ""has_ovary_left"": false,"
dataset/metadata.json,1679,"    ""has_ovary_right"": false,"
dataset/metadata.json,1680,"    ""has_vagina"": false"
dataset/metadata.json,1692,"    ""has_uterus"": false,"
dataset/metadata.json,1693,"    ""has_ovary_left"": false,"
dataset/metadata.json,1694,"    ""has_ovary_right"": false,"
dataset/metadata.json,1695,"    ""has_vagina"": false"
dataset/metadata.json,1707,"    ""has_uterus"": true,"
dataset/metadata.json,1708,"    ""has_ovary_left"": true,"
dataset/metadata.json,1709,"    ""has_ovary_right"": true,"
dataset/metadata.json,1710,"    ""has_vagina"": true"
dataset/metadata.json,1722,"    ""has_uterus"": false,"
dataset/metadata.json,1723,"    ""has_ovary_left"": false,"
dataset/metadata.json,1724,"    ""has_ovary_right"": false,"
dataset/metadata.json,1725,"    ""has_vagina"": false"
dataset/metadata.json,1737,"    ""has_uterus"": true,"
dataset/metadata.json,1738,"    ""has_ovary_left"": true,"
dataset/metadata.json,1739,"    ""has_ovary_right"": true,"
dataset/metadata.json,1740,"    ""has_vagina"": true"
dataset/metadata.json,1752,"    ""has_uterus"": false,"
dataset/metadata.json,1753,"    ""has_ovary_left"": false,"
dataset/metadata.json,1754,"    ""has_ovary_right"": false,"
dataset/metadata.json,1755,"    ""has_vagina"": false"
dataset/metadata.json,1767,"    ""has_uterus"": false,"
dataset/metadata.json,1768,"    ""has_ovary_left"": false,"
dataset/metadata.json,1769,"    ""has_ovary_right"": false,"
dataset/metadata.json,1770,"    ""has_vagina"": false"
dataset/metadata.json,1782,"    ""has_uterus"": false,"
dataset/metadata.json,1783,"    ""has_ovary_left"": false,"
dataset/metadata.json,1784,"    ""has_ovary_right"": false,"
dataset/metadata.json,1785,"    ""has_vagina"": false"
dataset/metadata.json,1797,"    ""has_uterus"": true,"
dataset/metadata.json,1798,"    ""has_ovary_left"": true,"
dataset/metadata.json,1799,"    ""has_ovary_right"": true,"
dataset/metadata.json,1800,"    ""has_vagina"": true"
dataset/metadata.json,1812,"    ""has_uterus"": true,"
dataset/metadata.json,1813,"    ""has_ovary_left"": true,"
dataset/metadata.json,1814,"    ""has_ovary_right"": true,"
dataset/metadata.json,1815,"    ""has_vagina"": true"
dataset/metadata.json,1827,"    ""has_uterus"": false,"
dataset/metadata.json,1828,"    ""has_ovary_left"": false,"
dataset/metadata.json,1829,"    ""has_ovary_right"": false,"
dataset/metadata.json,1830,"    ""has_vagina"": false"
dataset/metadata.json,1842,"    ""has_uterus"": true,"
dataset/metadata.json,1843,"    ""has_ovary_left"": true,"
dataset/metadata.json,1844,"    ""has_ovary_right"": true,"
dataset/metadata.json,1845,"    ""has_vagina"": true"
dataset/metadata.json,1857,"    ""has_uterus"": false,"
dataset/metadata.json,1858,"    ""has_ovary_left"": false,"
dataset/metadata.json,1859,"    ""has_ovary_right"": false,"
dataset/metadata.json,1860,"    ""has_vagina"": false"
dataset/metadata.json,1872,"    ""has_uterus"": false,"
dataset/metadata.json,1873,"    ""has_ovary_left"": false,"
dataset/metadata.json,1874,"    ""has_ovary_right"": false,"
dataset/metadata.json,1875,"    ""has_vagina"": false"
dataset/metadata.json,1887,"    ""has_uterus"": true,"
dataset/metadata.json,1888,"    ""has_ovary_left"": true,"
dataset/metadata.json,1889,"    ""has_ovary_right"": true,"
dataset/metadata.json,1890,"    ""has_vagina"": true"
dataset/metadata.json,1902,"    ""has_uterus"": false,"
dataset/metadata.json,1903,"    ""has_ovary_left"": false,"
dataset/metadata.json,1904,"    ""has_ovary_right"": false,"
dataset/metadata.json,1905,"    ""has_vagina"": false"
dataset/metadata.json,1917,"    ""has_uterus"": true,"
dataset/metadata.json,1918,"    ""has_ovary_left"": true,"
dataset/metadata.json,1919,"    ""has_ovary_right"": true,"
dataset/metadata.json,1920,"    ""has_vagina"": true"
dataset/metadata.json,1932,"    ""has_uterus"": true,"
dataset/metadata.json,1933,"    ""has_ovary_left"": true,"
dataset/metadata.json,1934,"    ""has_ovary_right"": true,"
dataset/metadata.json,1935,"    ""has_vagina"": true"
dataset/metadata.json,1947,"    ""has_uterus"": false,"
dataset/metadata.json,1948,"    ""has_ovary_left"": false,"
dataset/metadata.json,1949,"    ""has_ovary_right"": false,"
dataset/metadata.json,1950,"    ""has_vagina"": false"
dataset/metadata.json,1962,"    ""has_uterus"": true,"
dataset/metadata.json,1963,"    ""has_ovary_left"": true,"
dataset/metadata.json,1964,"    ""has_ovary_right"": true,"
dataset/metadata.json,1965,"    ""has_vagina"": true"
dataset/metadata.json,1977,"    ""has_uterus"": true,"
dataset/metadata.json,1978,"    ""has_ovary_left"": true,"
dataset/metadata.json,1979,"    ""has_ovary_right"": true,"
dataset/metadata.json,1980,"    ""has_vagina"": true"
dataset/metadata.json,1992,"    ""has_uterus"": true,"
dataset/metadata.json,1993,"    ""has_ovary_left"": true,"
dataset/metadata.json,1994,"    ""has_ovary_right"": true,"
dataset/metadata.json,1995,"    ""has_vagina"": true"
dataset/metadata.json,2007,"    ""has_uterus"": false,"
dataset/metadata.json,2008,"    ""has_ovary_left"": false,"
dataset/metadata.json,2009,"    ""has_ovary_right"": false,"
dataset/metadata.json,2010,"    ""has_vagina"": false"
dataset/metadata.json,2022,"    ""has_uterus"": true,"
dataset/metadata.json,2023,"    ""has_ovary_left"": true,"
dataset/metadata.json,2024,"    ""has_ovary_right"": true,"
dataset/metadata.json,2025,"    ""has_vagina"": true"
dataset/metadata.json,2037,"    ""has_uterus"": true,"
dataset/metadata.json,2038,"    ""has_ovary_left"": true,"
dataset/metadata.json,2039,"    ""has_ovary_right"": true,"
dataset/metadata.json,2040,"    ""has_vagina"": true"
dataset/metadata.json,2052,"    ""has_uterus"": false,"
dataset/metadata.json,2053,"    ""has_ovary_left"": false,"
dataset/metadata.json,2054,"    ""has_ovary_right"": false,"
dataset/metadata.json,2055,"    ""has_vagina"": false"
dataset/metadata.json,2067,"    ""has_uterus"": true,"
dataset/metadata.json,2068,"    ""has_ovary_left"": true,"
dataset/metadata.json,2069,"    ""has_ovary_right"": true,"
dataset/metadata.json,2070,"    ""has_vagina"": true"
dataset/metadata.json,2082,"    ""has_uterus"": true,"
dataset/metadata.json,2083,"    ""has_ovary_left"": true,"
dataset/metadata.json,2084,"    ""has_ovary_right"": true,"
dataset/metadata.json,2085,"    ""has_vagina"": true"
dataset/metadata.json,2097,"    ""has_uterus"": false,"
dataset/metadata.json,2098,"    ""has_ovary_left"": false,"
dataset/metadata.json,2099,"    ""has_ovary_right"": false,"
dataset/metadata.json,2100,"    ""has_vagina"": false"
dataset/metadata.json,2112,"    ""has_uterus"": false,"
dataset/metadata.json,2113,"    ""has_ovary_left"": false,"
dataset/metadata.json,2114,"    ""has_ovary_right"": false,"
dataset/metadata.json,2115,"    ""has_vagina"": false"
dataset/metadata.json,2127,"    ""has_uterus"": false,"
dataset/metadata.json,2128,"    ""has_ovary_left"": false,"
dataset/metadata.json,2129,"    ""has_ovary_right"": false,"
dataset/metadata.json,2130,"    ""has_vagina"": false"
dataset/metadata.json,2142,"    ""has_uterus"": false,"
dataset/metadata.json,2143,"    ""has_ovary_left"": false,"
dataset/metadata.json,2144,"    ""has_ovary_right"": false,"
dataset/metadata.json,2145,"    ""has_vagina"": false"
dataset/metadata.json,2157,"    ""has_uterus"": false,"
dataset/metadata.json,2158,"    ""has_ovary_left"": false,"
dataset/metadata.json,2159,"    ""has_ovary_right"": false,"
dataset/metadata.json,2160,"    ""has_vagina"": false"
dataset/metadata.json,2172,"    ""has_uterus"": true,"
dataset/metadata.json,2173,"    ""has_ovary_left"": true,"
dataset/metadata.json,2174,"    ""has_ovary_right"": true,"
dataset/metadata.json,2175,"    ""has_vagina"": true"
dataset/metadata.json,2187,"    ""has_uterus"": false,"
dataset/metadata.json,2188,"    ""has_ovary_left"": false,"
dataset/metadata.json,2189,"    ""has_ovary_right"": false,"
dataset/metadata.json,2190,"    ""has_vagina"": false"
dataset/metadata.json,2202,"    ""has_uterus"": false,"
dataset/metadata.json,2203,"    ""has_ovary_left"": false,"
dataset/metadata.json,2204,"    ""has_ovary_right"": false,"
dataset/metadata.json,2205,"    ""has_vagina"": false"
dataset/metadata.json,2217,"    ""has_uterus"": false,"
dataset/metadata.json,2218,"    ""has_ovary_left"": false,"
dataset/metadata.json,2219,"    ""has_ovary_right"": false,"
dataset/metadata.json,2220,"    ""has_vagina"": false"
dataset/metadata.json,2232,"    ""has_uterus"": false,"
dataset/metadata.json,2233,"    ""has_ovary_left"": false,"
dataset/metadata.json,2234,"    ""has_ovary_right"": false,"
dataset/metadata.json,2235,"    ""has_vagina"": false"
dataset/metadata.json,2247,"    ""has_uterus"": true,"
dataset/metadata.json,2248,"    ""has_ovary_left"": true,"
dataset/metadata.json,2249,"    ""has_ovary_right"": true,"
dataset/metadata.json,2250,"    ""has_vagina"": true"
dataset/metadata.json,2262,"    ""has_uterus"": false,"
dataset/metadata.json,2263,"    ""has_ovary_left"": false,"
dataset/metadata.json,2264,"    ""has_ovary_right"": false,"
dataset/metadata.json,2265,"    ""has_vagina"": false"
dataset/metadata.json,2277,"    ""has_uterus"": true,"
dataset/metadata.json,2278,"    ""has_ovary_left"": true,"
dataset/metadata.json,2279,"    ""has_ovary_right"": true,"
dataset/metadata.json,2280,"    ""has_vagina"": true"
dataset/metadata.json,2292,"    ""has_uterus"": false,"
dataset/metadata.json,2293,"    ""has_ovary_left"": false,"
dataset/metadata.json,2294,"    ""has_ovary_right"": false,"
dataset/metadata.json,2295,"    ""has_vagina"": false"
dataset/metadata.json,2307,"    ""has_uterus"": false,"
dataset/metadata.json,2308,"    ""has_ovary_left"": false,"
dataset/metadata.json,2309,"    ""has_ovary_right"": false,"
dataset/metadata.json,2310,"    ""has_vagina"": false"
dataset/metadata.json,2322,"    ""has_uterus"": true,"
dataset/metadata.json,2323,"    ""has_ovary_left"": true,"
dataset/metadata.json,2324,"    ""has_ovary_right"": true,"
dataset/metadata.json,2325,"    ""has_vagina"": true"
dataset/metadata.json,2337,"    ""has_uterus"": true,"
dataset/metadata.json,2338,"    ""has_ovary_left"": true,"
dataset/metadata.json,2339,"    ""has_ovary_right"": true,"
dataset/metadata.json,2340,"    ""has_vagina"": true"
dataset/metadata.json,2352,"    ""has_uterus"": false,"
dataset/metadata.json,2353,"    ""has_ovary_left"": false,"
dataset/metadata.json,2354,"    ""has_ovary_right"": false,"
dataset/metadata.json,2355,"    ""has_vagina"": false"
dataset/metadata.json,2367,"    ""has_uterus"": true,"
dataset/metadata.json,2368,"    ""has_ovary_left"": true,"
dataset/metadata.json,2369,"    ""has_ovary_right"": true,"
dataset/metadata.json,2370,"    ""has_vagina"": true"
dataset/metadata.json,2382,"    ""has_uterus"": false,"
dataset/metadata.json,2383,"    ""has_ovary_left"": false,"
dataset/metadata.json,2384,"    ""has_ovary_right"": false,"
dataset/metadata.json,2385,"    ""has_vagina"": false"
dataset/metadata.json,2397,"    ""has_uterus"": true,"
dataset/metadata.json,2398,"    ""has_ovary_left"": true,"
dataset/metadata.json,2399,"    ""has_ovary_right"": true,"
dataset/metadata.json,2400,"    ""has_vagina"": true"
dataset/metadata.json,2412,"    ""has_uterus"": false,"
dataset/metadata.json,2413,"    ""has_ovary_left"": false,"
dataset/metadata.json,2414,"    ""has_ovary_right"": false,"
dataset/metadata.json,2415,"    ""has_vagina"": false"
dataset/metadata.json,2427,"    ""has_uterus"": false,"
dataset/metadata.json,2428,"    ""has_ovary_left"": false,"
dataset/metadata.json,2429,"    ""has_ovary_right"": false,"
dataset/metadata.json,2430,"    ""has_vagina"": false"
dataset/metadata.json,2442,"    ""has_uterus"": false,"
dataset/metadata.json,2443,"    ""has_ovary_left"": false,"
dataset/metadata.json,2444,"    ""has_ovary_right"": false,"
dataset/metadata.json,2445,"    ""has_vagina"": false"
dataset/metadata.json,2457,"    ""has_uterus"": true,"
dataset/metadata.json,2458,"    ""has_ovary_left"": true,"
dataset/metadata.json,2459,"    ""has_ovary_right"": true,"
dataset/metadata.json,2460,"    ""has_vagina"": true"
dataset/metadata.json,2472,"    ""has_uterus"": false,"
dataset/metadata.json,2473,"    ""has_ovary_left"": false,"
dataset/metadata.json,2474,"    ""has_ovary_right"": false,"
dataset/metadata.json,2475,"    ""has_vagina"": false"
dataset/metadata.json,2487,"    ""has_uterus"": false,"
dataset/metadata.json,2488,"    ""has_ovary_left"": false,"
dataset/metadata.json,2489,"    ""has_ovary_right"": false,"
dataset/metadata.json,2490,"    ""has_vagina"": false"
dataset/metadata.json,2502,"    ""has_uterus"": true,"
dataset/metadata.json,2503,"    ""has_ovary_left"": true,"
dataset/metadata.json,2504,"    ""has_ovary_right"": true,"
dataset/metadata.json,2505,"    ""has_vagina"": true"
dataset/metadata.json,2517,"    ""has_uterus"": false,"
dataset/metadata.json,2518,"    ""has_ovary_left"": false,"
dataset/metadata.json,2519,"    ""has_ovary_right"": false,"
dataset/metadata.json,2520,"    ""has_vagina"": false"
dataset/metadata.json,2532,"    ""has_uterus"": false,"
dataset/metadata.json,2533,"    ""has_ovary_left"": false,"
dataset/metadata.json,2534,"    ""has_ovary_right"": false,"
dataset/metadata.json,2535,"    ""has_vagina"": false"
dataset/metadata.json,2547,"    ""has_uterus"": true,"
dataset/metadata.json,2548,"    ""has_ovary_left"": true,"
dataset/metadata.json,2549,"    ""has_ovary_right"": true,"
dataset/metadata.json,2550,"    ""has_vagina"": true"
dataset/metadata.json,2562,"    ""has_uterus"": false,"
dataset/metadata.json,2563,"    ""has_ovary_left"": false,"
dataset/metadata.json,2564,"    ""has_ovary_right"": false,"
dataset/metadata.json,2565,"    ""has_vagina"": false"
dataset/metadata.json,2577,"    ""has_uterus"": false,"
dataset/metadata.json,2578,"    ""has_ovary_left"": false,"
dataset/metadata.json,2579,"    ""has_ovary_right"": false,"
dataset/metadata.json,2580,"    ""has_vagina"": false"
dataset/metadata.json,2592,"    ""has_uterus"": true,"
dataset/metadata.json,2593,"    ""has_ovary_left"": true,"
dataset/metadata.json,2594,"    ""has_ovary_right"": true,"
dataset/metadata.json,2595,"    ""has_vagina"": true"
dataset/metadata.json,2607,"    ""has_uterus"": true,"
dataset/metadata.json,2608,"    ""has_ovary_left"": true,"
dataset/metadata.json,2609,"    ""has_ovary_right"": true,"
dataset/metadata.json,2610,"    ""has_vagina"": true"
dataset/metadata.json,2622,"    ""has_uterus"": true,"
dataset/metadata.json,2623,"    ""has_ovary_left"": true,"
dataset/metadata.json,2624,"    ""has_ovary_right"": true,"
dataset/metadata.json,2625,"    ""has_vagina"": true"
dataset/metadata.json,2637,"    ""has_uterus"": true,"
dataset/metadata.json,2638,"    ""has_ovary_left"": true,"
dataset/metadata.json,2639,"    ""has_ovary_right"": true,"
dataset/metadata.json,2640,"    ""has_vagina"": true"
dataset/metadata.json,2652,"    ""has_uterus"": false,"
dataset/metadata.json,2653,"    ""has_ovary_left"": false,"
dataset/metadata.json,2654,"    ""has_ovary_right"": false,"
dataset/metadata.json,2655,"    ""has_vagina"": false"
dataset/metadata.json,2667,"    ""has_uterus"": false,"
dataset/metadata.json,2668,"    ""has_ovary_left"": false,"
dataset/metadata.json,2669,"    ""has_ovary_right"": false,"
dataset/metadata.json,2670,"    ""has_vagina"": false"
dataset/metadata.json,2682,"    ""has_uterus"": false,"
dataset/metadata.json,2683,"    ""has_ovary_left"": false,"
dataset/metadata.json,2684,"    ""has_ovary_right"": false,"
dataset/metadata.json,2685,"    ""has_vagina"": false"
dataset/metadata.json,2697,"    ""has_uterus"": false,"
dataset/metadata.json,2698,"    ""has_ovary_left"": false,"
dataset/metadata.json,2699,"    ""has_ovary_right"": false,"
dataset/metadata.json,2700,"    ""has_vagina"": false"
dataset/metadata.json,2712,"    ""has_uterus"": false,"
dataset/metadata.json,2713,"    ""has_ovary_left"": false,"
dataset/metadata.json,2714,"    ""has_ovary_right"": false,"
dataset/metadata.json,2715,"    ""has_vagina"": false"
dataset/metadata.json,2727,"    ""has_uterus"": false,"
dataset/metadata.json,2728,"    ""has_ovary_left"": false,"
dataset/metadata.json,2729,"    ""has_ovary_right"": false,"
dataset/metadata.json,2730,"    ""has_vagina"": false"
dataset/metadata.json,2742,"    ""has_uterus"": false,"
dataset/metadata.json,2743,"    ""has_ovary_left"": false,"
dataset/metadata.json,2744,"    ""has_ovary_right"": false,"
dataset/metadata.json,2745,"    ""has_vagina"": false"
dataset/metadata.json,2757,"    ""has_uterus"": false,"
dataset/metadata.json,2758,"    ""has_ovary_left"": false,"
dataset/metadata.json,2759,"    ""has_ovary_right"": false,"
dataset/metadata.json,2760,"    ""has_vagina"": false"
dataset/metadata.json,2772,"    ""has_uterus"": true,"
dataset/metadata.json,2773,"    ""has_ovary_left"": true,"
dataset/metadata.json,2774,"    ""has_ovary_right"": true,"
dataset/metadata.json,2775,"    ""has_vagina"": true"
dataset/metadata.json,2787,"    ""has_uterus"": true,"
dataset/metadata.json,2788,"    ""has_ovary_left"": true,"
dataset/metadata.json,2789,"    ""has_ovary_right"": true,"
dataset/metadata.json,2790,"    ""has_vagina"": true"
dataset/metadata.json,2802,"    ""has_uterus"": false,"
dataset/metadata.json,2803,"    ""has_ovary_left"": false,"
dataset/metadata.json,2804,"    ""has_ovary_right"": false,"
dataset/metadata.json,2805,"    ""has_vagina"": false"
dataset/metadata.json,2817,"    ""has_uterus"": true,"
dataset/metadata.json,2818,"    ""has_ovary_left"": true,"
dataset/metadata.json,2819,"    ""has_ovary_right"": true,"
dataset/metadata.json,2820,"    ""has_vagina"": true"
dataset/metadata.json,2832,"    ""has_uterus"": true,"
dataset/metadata.json,2833,"    ""has_ovary_left"": true,"
dataset/metadata.json,2834,"    ""has_ovary_right"": true,"
dataset/metadata.json,2835,"    ""has_vagina"": true"
dataset/metadata.json,2847,"    ""has_uterus"": false,"
dataset/metadata.json,2848,"    ""has_ovary_left"": false,"
dataset/metadata.json,2849,"    ""has_ovary_right"": false,"
dataset/metadata.json,2850,"    ""has_vagina"": false"
dataset/metadata.json,2862,"    ""has_uterus"": false,"
dataset/metadata.json,2863,"    ""has_ovary_left"": false,"
dataset/metadata.json,2864,"    ""has_ovary_right"": false,"
dataset/metadata.json,2865,"    ""has_vagina"": false"
dataset/metadata.json,2877,"    ""has_uterus"": true,"
dataset/metadata.json,2878,"    ""has_ovary_left"": true,"
dataset/metadata.json,2879,"    ""has_ovary_right"": true,"
dataset/metadata.json,2880,"    ""has_vagina"": true"
dataset/metadata.json,2892,"    ""has_uterus"": false,"
dataset/metadata.json,2893,"    ""has_ovary_left"": false,"
dataset/metadata.json,2894,"    ""has_ovary_right"": false,"
dataset/metadata.json,2895,"    ""has_vagina"": false"
dataset/metadata.json,2907,"    ""has_uterus"": false,"
dataset/metadata.json,2908,"    ""has_ovary_left"": false,"
dataset/metadata.json,2909,"    ""has_ovary_right"": false,"
dataset/metadata.json,2910,"    ""has_vagina"": false"
dataset/metadata.json,2922,"    ""has_uterus"": false,"
dataset/metadata.json,2923,"    ""has_ovary_left"": false,"
dataset/metadata.json,2924,"    ""has_ovary_right"": false,"
dataset/metadata.json,2925,"    ""has_vagina"": false"
dataset/metadata.json,2937,"    ""has_uterus"": false,"
dataset/metadata.json,2938,"    ""has_ovary_left"": false,"
dataset/metadata.json,2939,"    ""has_ovary_right"": false,"
dataset/metadata.json,2940,"    ""has_vagina"": false"
dataset/metadata.json,2952,"    ""has_uterus"": true,"
dataset/metadata.json,2953,"    ""has_ovary_left"": true,"
dataset/metadata.json,2954,"    ""has_ovary_right"": true,"
dataset/metadata.json,2955,"    ""has_vagina"": true"
dataset/metadata.json,2967,"    ""has_uterus"": false,"
dataset/metadata.json,2968,"    ""has_ovary_left"": false,"
dataset/metadata.json,2969,"    ""has_ovary_right"": false,"
dataset/metadata.json,2970,"    ""has_vagina"": false"
dataset/metadata.json,2982,"    ""has_uterus"": false,"
dataset/metadata.json,2983,"    ""has_ovary_left"": false,"
dataset/metadata.json,2984,"    ""has_ovary_right"": false,"
dataset/metadata.json,2985,"    ""has_vagina"": false"
dataset/metadata.json,2997,"    ""has_uterus"": true,"
dataset/metadata.json,2998,"    ""has_ovary_left"": true,"
dataset/metadata.json,2999,"    ""has_ovary_right"": true,"
dataset/metadata.json,3000,"    ""has_vagina"": true"
dataset/metadata.json,3012,"    ""has_uterus"": false,"
dataset/metadata.json,3013,"    ""has_ovary_left"": false,"
dataset/metadata.json,3014,"    ""has_ovary_right"": false,"
dataset/metadata.json,3015,"    ""has_vagina"": false"
dataset/metadata.json,3027,"    ""has_uterus"": true,"
dataset/metadata.json,3028,"    ""has_ovary_left"": true,"
dataset/metadata.json,3029,"    ""has_ovary_right"": true,"
dataset/metadata.json,3030,"    ""has_vagina"": true"
dataset/metadata.json,3042,"    ""has_uterus"": false,"
dataset/metadata.json,3043,"    ""has_ovary_left"": false,"
dataset/metadata.json,3044,"    ""has_ovary_right"": false,"
dataset/metadata.json,3045,"    ""has_vagina"": false"
dataset/metadata.json,3057,"    ""has_uterus"": false,"
dataset/metadata.json,3058,"    ""has_ovary_left"": false,"
dataset/metadata.json,3059,"    ""has_ovary_right"": false,"
dataset/metadata.json,3060,"    ""has_vagina"": false"
dataset/metadata.json,3072,"    ""has_uterus"": false,"
dataset/metadata.json,3073,"    ""has_ovary_left"": false,"
dataset/metadata.json,3074,"    ""has_ovary_right"": false,"
dataset/metadata.json,3075,"    ""has_vagina"": false"
dataset/metadata.json,3087,"    ""has_uterus"": false,"
dataset/metadata.json,3088,"    ""has_ovary_left"": false,"
dataset/metadata.json,3089,"    ""has_ovary_right"": false,"
dataset/metadata.json,3090,"    ""has_vagina"": false"
dataset/metadata.json,3102,"    ""has_uterus"": false,"
dataset/metadata.json,3103,"    ""has_ovary_left"": false,"
dataset/metadata.json,3104,"    ""has_ovary_right"": false,"
dataset/metadata.json,3105,"    ""has_vagina"": false"
dataset/metadata.json,3117,"    ""has_uterus"": true,"
dataset/metadata.json,3118,"    ""has_ovary_left"": true,"
dataset/metadata.json,3119,"    ""has_ovary_right"": true,"
dataset/metadata.json,3120,"    ""has_vagina"": true"
dataset/metadata.json,3132,"    ""has_uterus"": false,"
dataset/metadata.json,3133,"    ""has_ovary_left"": false,"
dataset/metadata.json,3134,"    ""has_ovary_right"": false,"
dataset/metadata.json,3135,"    ""has_vagina"": false"
dataset/metadata.json,3147,"    ""has_uterus"": false,"
dataset/metadata.json,3148,"    ""has_ovary_left"": false,"
dataset/metadata.json,3149,"    ""has_ovary_right"": false,"
dataset/metadata.json,3150,"    ""has_vagina"": false"
dataset/metadata.json,3162,"    ""has_uterus"": false,"
dataset/metadata.json,3163,"    ""has_ovary_left"": false,"
dataset/metadata.json,3164,"    ""has_ovary_right"": false,"
dataset/metadata.json,3165,"    ""has_vagina"": false"
dataset/metadata.json,3177,"    ""has_uterus"": false,"
dataset/metadata.json,3178,"    ""has_ovary_left"": false,"
dataset/metadata.json,3179,"    ""has_ovary_right"": false,"
dataset/metadata.json,3180,"    ""has_vagina"": false"
dataset/metadata.json,3192,"    ""has_uterus"": false,"
dataset/metadata.json,3193,"    ""has_ovary_left"": false,"
dataset/metadata.json,3194,"    ""has_ovary_right"": false,"
dataset/metadata.json,3195,"    ""has_vagina"": false"
dataset/metadata.json,3207,"    ""has_uterus"": false,"
dataset/metadata.json,3208,"    ""has_ovary_left"": false,"
dataset/metadata.json,3209,"    ""has_ovary_right"": false,"
dataset/metadata.json,3210,"    ""has_vagina"": false"
dataset/metadata.json,3222,"    ""has_uterus"": true,"
dataset/metadata.json,3223,"    ""has_ovary_left"": true,"
dataset/metadata.json,3224,"    ""has_ovary_right"": true,"
dataset/metadata.json,3225,"    ""has_vagina"": true"
dataset/metadata.json,3237,"    ""has_uterus"": false,"
dataset/metadata.json,3238,"    ""has_ovary_left"": false,"
dataset/metadata.json,3239,"    ""has_ovary_right"": false,"
dataset/metadata.json,3240,"    ""has_vagina"": false"
dataset/metadata.json,3252,"    ""has_uterus"": false,"
dataset/metadata.json,3253,"    ""has_ovary_left"": false,"
dataset/metadata.json,3254,"    ""has_ovary_right"": false,"
dataset/metadata.json,3255,"    ""has_vagina"": false"
dataset/metadata.json,3267,"    ""has_uterus"": false,"
dataset/metadata.json,3268,"    ""has_ovary_left"": false,"
dataset/metadata.json,3269,"    ""has_ovary_right"": false,"
dataset/metadata.json,3270,"    ""has_vagina"": false"
dataset/metadata.json,3282,"    ""has_uterus"": false,"
dataset/metadata.json,3283,"    ""has_ovary_left"": false,"
dataset/metadata.json,3284,"    ""has_ovary_right"": false,"
dataset/metadata.json,3285,"    ""has_vagina"": false"
dataset/metadata.json,3297,"    ""has_uterus"": true,"
dataset/metadata.json,3298,"    ""has_ovary_left"": true,"
dataset/metadata.json,3299,"    ""has_ovary_right"": true,"
dataset/metadata.json,3300,"    ""has_vagina"": true"
dataset/metadata.json,3312,"    ""has_uterus"": true,"
dataset/metadata.json,3313,"    ""has_ovary_left"": true,"
dataset/metadata.json,3314,"    ""has_ovary_right"": true,"
dataset/metadata.json,3315,"    ""has_vagina"": true"
dataset/metadata.json,3327,"    ""has_uterus"": false,"
dataset/metadata.json,3328,"    ""has_ovary_left"": false,"
dataset/metadata.json,3329,"    ""has_ovary_right"": false,"
dataset/metadata.json,3330,"    ""has_vagina"": false"
dataset/metadata.json,3342,"    ""has_uterus"": true,"
dataset/metadata.json,3343,"    ""has_ovary_left"": true,"
dataset/metadata.json,3344,"    ""has_ovary_right"": true,"
dataset/metadata.json,3345,"    ""has_vagina"": true"
dataset/metadata.json,3357,"    ""has_uterus"": false,"
dataset/metadata.json,3358,"    ""has_ovary_left"": false,"
dataset/metadata.json,3359,"    ""has_ovary_right"": false,"
dataset/metadata.json,3360,"    ""has_vagina"": false"
dataset/metadata.json,3372,"    ""has_uterus"": false,"
dataset/metadata.json,3373,"    ""has_ovary_left"": false,"
dataset/metadata.json,3374,"    ""has_ovary_right"": false,"
dataset/metadata.json,3375,"    ""has_vagina"": false"
dataset/metadata.json,3387,"    ""has_uterus"": false,"
dataset/metadata.json,3388,"    ""has_ovary_left"": false,"
dataset/metadata.json,3389,"    ""has_ovary_right"": false,"
dataset/metadata.json,3390,"    ""has_vagina"": false"
dataset/metadata.json,3402,"    ""has_uterus"": true,"
dataset/metadata.json,3403,"    ""has_ovary_left"": true,"
dataset/metadata.json,3404,"    ""has_ovary_right"": true,"
dataset/metadata.json,3405,"    ""has_vagina"": true"
dataset/metadata.json,3417,"    ""has_uterus"": false,"
dataset/metadata.json,3418,"    ""has_ovary_left"": false,"
dataset/metadata.json,3419,"    ""has_ovary_right"": false,"
dataset/metadata.json,3420,"    ""has_vagina"": false"
dataset/metadata.json,3432,"    ""has_uterus"": false,"
dataset/metadata.json,3433,"    ""has_ovary_left"": false,"
dataset/metadata.json,3434,"    ""has_ovary_right"": false,"
dataset/metadata.json,3435,"    ""has_vagina"": false"
dataset/metadata.json,3447,"    ""has_uterus"": false,"
dataset/metadata.json,3448,"    ""has_ovary_left"": false,"
dataset/metadata.json,3449,"    ""has_ovary_right"": false,"
dataset/metadata.json,3450,"    ""has_vagina"": false"
dataset/metadata.json,3462,"    ""has_uterus"": true,"
dataset/metadata.json,3463,"    ""has_ovary_left"": true,"
dataset/metadata.json,3464,"    ""has_ovary_right"": true,"
dataset/metadata.json,3465,"    ""has_vagina"": true"
dataset/metadata.json,3477,"    ""has_uterus"": true,"
dataset/metadata.json,3478,"    ""has_ovary_left"": true,"
dataset/metadata.json,3479,"    ""has_ovary_right"": true,"
dataset/metadata.json,3480,"    ""has_vagina"": true"
dataset/metadata.json,3492,"    ""has_uterus"": true,"
dataset/metadata.json,3493,"    ""has_ovary_left"": true,"
dataset/metadata.json,3494,"    ""has_ovary_right"": true,"
dataset/metadata.json,3495,"    ""has_vagina"": true"
dataset/metadata.json,3507,"    ""has_uterus"": true,"
dataset/metadata.json,3508,"    ""has_ovary_left"": true,"
dataset/metadata.json,3509,"    ""has_ovary_right"": true,"
dataset/metadata.json,3510,"    ""has_vagina"": true"
dataset/metadata.json,3522,"    ""has_uterus"": true,"
dataset/metadata.json,3523,"    ""has_ovary_left"": true,"
dataset/metadata.json,3524,"    ""has_ovary_right"": true,"
dataset/metadata.json,3525,"    ""has_vagina"": true"
dataset/metadata.json,3537,"    ""has_uterus"": true,"
dataset/metadata.json,3538,"    ""has_ovary_left"": true,"
dataset/metadata.json,3539,"    ""has_ovary_right"": true,"
dataset/metadata.json,3540,"    ""has_vagina"": true"
dataset/metadata.json,3552,"    ""has_uterus"": false,"
dataset/metadata.json,3553,"    ""has_ovary_left"": false,"
dataset/metadata.json,3554,"    ""has_ovary_right"": false,"
dataset/metadata.json,3555,"    ""has_vagina"": false"
dataset/metadata.json,3567,"    ""has_uterus"": false,"
dataset/metadata.json,3568,"    ""has_ovary_left"": false,"
dataset/metadata.json,3569,"    ""has_ovary_right"": false,"
dataset/metadata.json,3570,"    ""has_vagina"": false"
dataset/metadata.json,3582,"    ""has_uterus"": false,"
dataset/metadata.json,3583,"    ""has_ovary_left"": false,"
dataset/metadata.json,3584,"    ""has_ovary_right"": false,"
dataset/metadata.json,3585,"    ""has_vagina"": false"
dataset/metadata.json,3597,"    ""has_uterus"": true,"
dataset/metadata.json,3598,"    ""has_ovary_left"": true,"
dataset/metadata.json,3599,"    ""has_ovary_right"": true,"
dataset/metadata.json,3600,"    ""has_vagina"": true"
dataset/metadata.json,3612,"    ""has_uterus"": false,"
dataset/metadata.json,3613,"    ""has_ovary_left"": false,"
dataset/metadata.json,3614,"    ""has_ovary_right"": false,"
dataset/metadata.json,3615,"    ""has_vagina"": false"
dataset/metadata.json,3627,"    ""has_uterus"": false,"
dataset/metadata.json,3628,"    ""has_ovary_left"": false,"
dataset/metadata.json,3629,"    ""has_ovary_right"": false,"
dataset/metadata.json,3630,"    ""has_vagina"": false"
dataset/metadata.json,3642,"    ""has_uterus"": false,"
dataset/metadata.json,3643,"    ""has_ovary_left"": false,"
dataset/metadata.json,3644,"    ""has_ovary_right"": false,"
dataset/metadata.json,3645,"    ""has_vagina"": false"
dataset/metadata.json,3657,"    ""has_uterus"": false,"
dataset/metadata.json,3658,"    ""has_ovary_left"": false,"
dataset/metadata.json,3659,"    ""has_ovary_right"": false,"
dataset/metadata.json,3660,"    ""has_vagina"": false"
dataset/metadata.json,3672,"    ""has_uterus"": true,"
dataset/metadata.json,3673,"    ""has_ovary_left"": true,"
dataset/metadata.json,3674,"    ""has_ovary_right"": true,"
dataset/metadata.json,3675,"    ""has_vagina"": true"
dataset/metadata.json,3687,"    ""has_uterus"": false,"
dataset/metadata.json,3688,"    ""has_ovary_left"": false,"
dataset/metadata.json,3689,"    ""has_ovary_right"": false,"
dataset/metadata.json,3690,"    ""has_vagina"": false"
dataset/metadata.json,3702,"    ""has_uterus"": false,"
dataset/metadata.json,3703,"    ""has_ovary_left"": false,"
dataset/metadata.json,3704,"    ""has_ovary_right"": false,"
dataset/metadata.json,3705,"    ""has_vagina"": false"
dataset/metadata.json,3717,"    ""has_uterus"": true,"
dataset/metadata.json,3718,"    ""has_ovary_left"": true,"
dataset/metadata.json,3719,"    ""has_ovary_right"": true,"
dataset/metadata.json,3720,"    ""has_vagina"": true"
dataset/metadata.json,3732,"    ""has_uterus"": true,"
dataset/metadata.json,3733,"    ""has_ovary_left"": true,"
dataset/metadata.json,3734,"    ""has_ovary_right"": true,"
dataset/metadata.json,3735,"    ""has_vagina"": true"
dataset/metadata.json,3747,"    ""has_uterus"": true,"
dataset/metadata.json,3748,"    ""has_ovary_left"": true,"
dataset/metadata.json,3749,"    ""has_ovary_right"": true,"
dataset/metadata.json,3750,"    ""has_vagina"": true"
dataset/metadata.json,3762,"    ""has_uterus"": false,"
dataset/metadata.json,3763,"    ""has_ovary_left"": false,"
dataset/metadata.json,3764,"    ""has_ovary_right"": false,"
dataset/metadata.json,3765,"    ""has_vagina"": false"
dataset/metadata.json,3777,"    ""has_uterus"": false,"
dataset/metadata.json,3778,"    ""has_ovary_left"": false,"
dataset/metadata.json,3779,"    ""has_ovary_right"": false,"
dataset/metadata.json,3780,"    ""has_vagina"": false"
dataset/metadata.json,3792,"    ""has_uterus"": false,"
dataset/metadata.json,3793,"    ""has_ovary_left"": false,"
dataset/metadata.json,3794,"    ""has_ovary_right"": false,"
dataset/metadata.json,3795,"    ""has_vagina"": false"
dataset/metadata.json,3807,"    ""has_uterus"": true,"
dataset/metadata.json,3808,"    ""has_ovary_left"": true,"
dataset/metadata.json,3809,"    ""has_ovary_right"": true,"
dataset/metadata.json,3810,"    ""has_vagina"": true"
dataset/metadata.json,3822,"    ""has_uterus"": false,"
dataset/metadata.json,3823,"    ""has_ovary_left"": false,"
dataset/metadata.json,3824,"    ""has_ovary_right"": false,"
dataset/metadata.json,3825,"    ""has_vagina"": false"
dataset/metadata.json,3837,"    ""has_uterus"": true,"
dataset/metadata.json,3838,"    ""has_ovary_left"": true,"
dataset/metadata.json,3839,"    ""has_ovary_right"": true,"
dataset/metadata.json,3840,"    ""has_vagina"": true"
dataset/metadata.json,3852,"    ""has_uterus"": false,"
dataset/metadata.json,3853,"    ""has_ovary_left"": false,"
dataset/metadata.json,3854,"    ""has_ovary_right"": false,"
dataset/metadata.json,3855,"    ""has_vagina"": false"
dataset/metadata.json,3867,"    ""has_uterus"": true,"
dataset/metadata.json,3868,"    ""has_ovary_left"": true,"
dataset/metadata.json,3869,"    ""has_ovary_right"": true,"
dataset/metadata.json,3870,"    ""has_vagina"": true"
dataset/metadata.json,3882,"    ""has_uterus"": false,"
dataset/metadata.json,3883,"    ""has_ovary_left"": false,"
dataset/metadata.json,3884,"    ""has_ovary_right"": false,"
dataset/metadata.json,3885,"    ""has_vagina"": false"
dataset/metadata.json,3897,"    ""has_uterus"": false,"
dataset/metadata.json,3898,"    ""has_ovary_left"": false,"
dataset/metadata.json,3899,"    ""has_ovary_right"": false,"
dataset/metadata.json,3900,"    ""has_vagina"": false"
dataset/metadata.json,3912,"    ""has_uterus"": false,"
dataset/metadata.json,3913,"    ""has_ovary_left"": false,"
dataset/metadata.json,3914,"    ""has_ovary_right"": false,"
dataset/metadata.json,3915,"    ""has_vagina"": false"
dataset/metadata.json,3927,"    ""has_uterus"": false,"
dataset/metadata.json,3928,"    ""has_ovary_left"": false,"
dataset/metadata.json,3929,"    ""has_ovary_right"": false,"
dataset/metadata.json,3930,"    ""has_vagina"": false"
dataset/metadata.json,3942,"    ""has_uterus"": false,"
dataset/metadata.json,3943,"    ""has_ovary_left"": false,"
dataset/metadata.json,3944,"    ""has_ovary_right"": false,"
dataset/metadata.json,3945,"    ""has_vagina"": false"
dataset/metadata.json,3957,"    ""has_uterus"": false,"
dataset/metadata.json,3958,"    ""has_ovary_left"": false,"
dataset/metadata.json,3959,"    ""has_ovary_right"": false,"
dataset/metadata.json,3960,"    ""has_vagina"": false"
dataset/metadata.json,3972,"    ""has_uterus"": false,"
dataset/metadata.json,3973,"    ""has_ovary_left"": false,"
dataset/metadata.json,3974,"    ""has_ovary_right"": false,"
dataset/metadata.json,3975,"    ""has_vagina"": false"
dataset/metadata.json,3987,"    ""has_uterus"": false,"
dataset/metadata.json,3988,"    ""has_ovary_left"": false,"
dataset/metadata.json,3989,"    ""has_ovary_right"": false,"
dataset/metadata.json,3990,"    ""has_vagina"": false"
dataset/metadata.json,4002,"    ""has_uterus"": true,"
dataset/metadata.json,4003,"    ""has_ovary_left"": true,"
dataset/metadata.json,4004,"    ""has_ovary_right"": true,"
dataset/metadata.json,4005,"    ""has_vagina"": true"
dataset/metadata.json,4017,"    ""has_uterus"": false,"
dataset/metadata.json,4018,"    ""has_ovary_left"": false,"
dataset/metadata.json,4019,"    ""has_ovary_right"": false,"
dataset/metadata.json,4020,"    ""has_vagina"": false"
dataset/metadata.json,4032,"    ""has_uterus"": true,"
dataset/metadata.json,4033,"    ""has_ovary_left"": true,"
dataset/metadata.json,4034,"    ""has_ovary_right"": true,"
dataset/metadata.json,4035,"    ""has_vagina"": true"
dataset/metadata.json,4047,"    ""has_uterus"": false,"
dataset/metadata.json,4048,"    ""has_ovary_left"": false,"
dataset/metadata.json,4049,"    ""has_ovary_right"": false,"
dataset/metadata.json,4050,"    ""has_vagina"": false"
dataset/metadata.json,4062,"    ""has_uterus"": true,"
dataset/metadata.json,4063,"    ""has_ovary_left"": true,"
dataset/metadata.json,4064,"    ""has_ovary_right"": true,"
dataset/metadata.json,4065,"    ""has_vagina"": true"
dataset/metadata.json,4077,"    ""has_uterus"": false,"
dataset/metadata.json,4078,"    ""has_ovary_left"": false,"
dataset/metadata.json,4079,"    ""has_ovary_right"": false,"
dataset/metadata.json,4080,"    ""has_vagina"": false"
dataset/metadata.json,4092,"    ""has_uterus"": false,"
dataset/metadata.json,4093,"    ""has_ovary_left"": false,"
dataset/metadata.json,4094,"    ""has_ovary_right"": false,"
dataset/metadata.json,4095,"    ""has_vagina"": false"
dataset/metadata.json,4107,"    ""has_uterus"": false,"
dataset/metadata.json,4108,"    ""has_ovary_left"": false,"
dataset/metadata.json,4109,"    ""has_ovary_right"": false,"
dataset/metadata.json,4110,"    ""has_vagina"": false"
dataset/metadata.json,4122,"    ""has_uterus"": false,"
dataset/metadata.json,4123,"    ""has_ovary_left"": false,"
dataset/metadata.json,4124,"    ""has_ovary_right"": false,"
dataset/metadata.json,4125,"    ""has_vagina"": false"
dataset/metadata.json,4137,"    ""has_uterus"": false,"
dataset/metadata.json,4138,"    ""has_ovary_left"": false,"
dataset/metadata.json,4139,"    ""has_ovary_right"": false,"
dataset/metadata.json,4140,"    ""has_vagina"": false"
dataset/metadata.json,4152,"    ""has_uterus"": false,"
dataset/metadata.json,4153,"    ""has_ovary_left"": false,"
dataset/metadata.json,4154,"    ""has_ovary_right"": false,"
dataset/metadata.json,4155,"    ""has_vagina"": false"
dataset/metadata.json,4167,"    ""has_uterus"": true,"
dataset/metadata.json,4168,"    ""has_ovary_left"": true,"
dataset/metadata.json,4169,"    ""has_ovary_right"": true,"
dataset/metadata.json,4170,"    ""has_vagina"": true"
dataset/metadata.json,4182,"    ""has_uterus"": true,"
dataset/metadata.json,4183,"    ""has_ovary_left"": true,"
dataset/metadata.json,4184,"    ""has_ovary_right"": true,"
dataset/metadata.json,4185,"    ""has_vagina"": true"
dataset/metadata.json,4197,"    ""has_uterus"": true,"
dataset/metadata.json,4198,"    ""has_ovary_left"": true,"
dataset/metadata.json,4199,"    ""has_ovary_right"": true,"
dataset/metadata.json,4200,"    ""has_vagina"": true"
dataset/metadata.json,4212,"    ""has_uterus"": false,"
dataset/metadata.json,4213,"    ""has_ovary_left"": false,"
dataset/metadata.json,4214,"    ""has_ovary_right"": false,"
dataset/metadata.json,4215,"    ""has_vagina"": false"
dataset/metadata.json,4227,"    ""has_uterus"": false,"
dataset/metadata.json,4228,"    ""has_ovary_left"": false,"
dataset/metadata.json,4229,"    ""has_ovary_right"": false,"
dataset/metadata.json,4230,"    ""has_vagina"": false"
dataset/metadata.json,4242,"    ""has_uterus"": false,"
dataset/metadata.json,4243,"    ""has_ovary_left"": false,"
dataset/metadata.json,4244,"    ""has_ovary_right"": false,"
dataset/metadata.json,4245,"    ""has_vagina"": false"
dataset/metadata.json,4257,"    ""has_uterus"": false,"
dataset/metadata.json,4258,"    ""has_ovary_left"": false,"
dataset/metadata.json,4259,"    ""has_ovary_right"": false,"
dataset/metadata.json,4260,"    ""has_vagina"": false"
dataset/metadata.json,4272,"    ""has_uterus"": false,"
dataset/metadata.json,4273,"    ""has_ovary_left"": false,"
dataset/metadata.json,4274,"    ""has_ovary_right"": false,"
dataset/metadata.json,4275,"    ""has_vagina"": false"
dataset/metadata.json,4287,"    ""has_uterus"": false,"
dataset/metadata.json,4288,"    ""has_ovary_left"": false,"
dataset/metadata.json,4289,"    ""has_ovary_right"": false,"
dataset/metadata.json,4290,"    ""has_vagina"": false"
dataset/metadata.json,4302,"    ""has_uterus"": false,"
dataset/metadata.json,4303,"    ""has_ovary_left"": false,"
dataset/metadata.json,4304,"    ""has_ovary_right"": false,"
dataset/metadata.json,4305,"    ""has_vagina"": false"
dataset/metadata.json,4317,"    ""has_uterus"": true,"
dataset/metadata.json,4318,"    ""has_ovary_left"": true,"
dataset/metadata.json,4319,"    ""has_ovary_right"": true,"
dataset/metadata.json,4320,"    ""has_vagina"": true"
dataset/metadata.json,4332,"    ""has_uterus"": false,"
dataset/metadata.json,4333,"    ""has_ovary_left"": false,"
dataset/metadata.json,4334,"    ""has_ovary_right"": false,"
dataset/metadata.json,4335,"    ""has_vagina"": false"
dataset/metadata.json,4347,"    ""has_uterus"": false,"
dataset/metadata.json,4348,"    ""has_ovary_left"": false,"
dataset/metadata.json,4349,"    ""has_ovary_right"": false,"
dataset/metadata.json,4350,"    ""has_vagina"": false"
dataset/metadata.json,4362,"    ""has_uterus"": false,"
dataset/metadata.json,4363,"    ""has_ovary_left"": false,"
dataset/metadata.json,4364,"    ""has_ovary_right"": false,"
dataset/metadata.json,4365,"    ""has_vagina"": false"
dataset/metadata.json,4377,"    ""has_uterus"": false,"
dataset/metadata.json,4378,"    ""has_ovary_left"": false,"
dataset/metadata.json,4379,"    ""has_ovary_right"": false,"
dataset/metadata.json,4380,"    ""has_vagina"": false"
dataset/metadata.json,4392,"    ""has_uterus"": true,"
dataset/metadata.json,4393,"    ""has_ovary_left"": true,"
dataset/metadata.json,4394,"    ""has_ovary_right"": true,"
dataset/metadata.json,4395,"    ""has_vagina"": true"
dataset/metadata.json,4407,"    ""has_uterus"": false,"
dataset/metadata.json,4408,"    ""has_ovary_left"": false,"
dataset/metadata.json,4409,"    ""has_ovary_right"": false,"
dataset/metadata.json,4410,"    ""has_vagina"": false"
dataset/metadata.json,4422,"    ""has_uterus"": true,"
dataset/metadata.json,4423,"    ""has_ovary_left"": true,"
dataset/metadata.json,4424,"    ""has_ovary_right"": true,"
dataset/metadata.json,4425,"    ""has_vagina"": true"
dataset/metadata.json,4437,"    ""has_uterus"": false,"
dataset/metadata.json,4438,"    ""has_ovary_left"": false,"
dataset/metadata.json,4439,"    ""has_ovary_right"": false,"
dataset/metadata.json,4440,"    ""has_vagina"": false"
dataset/metadata.json,4452,"    ""has_uterus"": false,"
dataset/metadata.json,4453,"    ""has_ovary_left"": false,"
dataset/metadata.json,4454,"    ""has_ovary_right"": false,"
dataset/metadata.json,4455,"    ""has_vagina"": false"
dataset/metadata.json,4467,"    ""has_uterus"": true,"
dataset/metadata.json,4468,"    ""has_ovary_left"": true,"
dataset/metadata.json,4469,"    ""has_ovary_right"": true,"
dataset/metadata.json,4470,"    ""has_vagina"": true"
dataset/metadata.json,4482,"    ""has_uterus"": false,"
dataset/metadata.json,4483,"    ""has_ovary_left"": false,"
dataset/metadata.json,4484,"    ""has_ovary_right"": false,"
dataset/metadata.json,4485,"    ""has_vagina"": false"
dataset/metadata.json,4497,"    ""has_uterus"": false,"
dataset/metadata.json,4498,"    ""has_ovary_left"": false,"
dataset/metadata.json,4499,"    ""has_ovary_right"": false,"
dataset/metadata.json,4500,"    ""has_vagina"": false"
dataset/metadata.json,4512,"    ""has_uterus"": false,"
dataset/metadata.json,4513,"    ""has_ovary_left"": false,"
dataset/metadata.json,4514,"    ""has_ovary_right"": false,"
dataset/metadata.json,4515,"    ""has_vagina"": false"
dataset/metadata.json,4527,"    ""has_uterus"": true,"
dataset/metadata.json,4528,"    ""has_ovary_left"": true,"
dataset/metadata.json,4529,"    ""has_ovary_right"": true,"
dataset/metadata.json,4530,"    ""has_vagina"": true"
dataset/metadata.json,4542,"    ""has_uterus"": false,"
dataset/metadata.json,4543,"    ""has_ovary_left"": false,"
dataset/metadata.json,4544,"    ""has_ovary_right"": false,"
dataset/metadata.json,4545,"    ""has_vagina"": false"
dataset/metadata.json,4557,"    ""has_uterus"": false,"
dataset/metadata.json,4558,"    ""has_ovary_left"": false,"
dataset/metadata.json,4559,"    ""has_ovary_right"": false,"
dataset/metadata.json,4560,"    ""has_vagina"": false"
dataset/metadata.json,4572,"    ""has_uterus"": false,"
dataset/metadata.json,4573,"    ""has_ovary_left"": false,"
dataset/metadata.json,4574,"    ""has_ovary_right"": false,"
dataset/metadata.json,4575,"    ""has_vagina"": false"
dataset/metadata.json,4587,"    ""has_uterus"": true,"
dataset/metadata.json,4588,"    ""has_ovary_left"": true,"
dataset/metadata.json,4589,"    ""has_ovary_right"": true,"
dataset/metadata.json,4590,"    ""has_vagina"": true"
dataset/metadata.json,4602,"    ""has_uterus"": false,"
dataset/metadata.json,4603,"    ""has_ovary_left"": false,"
dataset/metadata.json,4604,"    ""has_ovary_right"": false,"
dataset/metadata.json,4605,"    ""has_vagina"": false"
dataset/metadata.json,4617,"    ""has_uterus"": true,"
dataset/metadata.json,4618,"    ""has_ovary_left"": true,"
dataset/metadata.json,4619,"    ""has_ovary_right"": true,"
dataset/metadata.json,4620,"    ""has_vagina"": true"
dataset/metadata.json,4632,"    ""has_uterus"": false,"
dataset/metadata.json,4633,"    ""has_ovary_left"": false,"
dataset/metadata.json,4634,"    ""has_ovary_right"": false,"
dataset/metadata.json,4635,"    ""has_vagina"": false"
dataset/metadata.json,4647,"    ""has_uterus"": false,"
dataset/metadata.json,4648,"    ""has_ovary_left"": false,"
dataset/metadata.json,4649,"    ""has_ovary_right"": false,"
dataset/metadata.json,4650,"    ""has_vagina"": false"
dataset/metadata.json,4662,"    ""has_uterus"": false,"
dataset/metadata.json,4663,"    ""has_ovary_left"": false,"
dataset/metadata.json,4664,"    ""has_ovary_right"": false,"
dataset/metadata.json,4665,"    ""has_vagina"": false"
dataset/metadata.json,4677,"    ""has_uterus"": false,"
dataset/metadata.json,4678,"    ""has_ovary_left"": false,"
dataset/metadata.json,4679,"    ""has_ovary_right"": false,"
dataset/metadata.json,4680,"    ""has_vagina"": false"
dataset/metadata.json,4692,"    ""has_uterus"": false,"
dataset/metadata.json,4693,"    ""has_ovary_left"": false,"
dataset/metadata.json,4694,"    ""has_ovary_right"": false,"
dataset/metadata.json,4695,"    ""has_vagina"": false"
dataset/metadata.json,4707,"    ""has_uterus"": true,"
dataset/metadata.json,4708,"    ""has_ovary_left"": true,"
dataset/metadata.json,4709,"    ""has_ovary_right"": true,"
dataset/metadata.json,4710,"    ""has_vagina"": true"
dataset/metadata.json,4722,"    ""has_uterus"": false,"
dataset/metadata.json,4723,"    ""has_ovary_left"": false,"
dataset/metadata.json,4724,"    ""has_ovary_right"": false,"
dataset/metadata.json,4725,"    ""has_vagina"": false"
dataset/metadata.json,4737,"    ""has_uterus"": true,"
dataset/metadata.json,4738,"    ""has_ovary_left"": true,"
dataset/metadata.json,4739,"    ""has_ovary_right"": true,"
dataset/metadata.json,4740,"    ""has_vagina"": true"
dataset/metadata.json,4752,"    ""has_uterus"": false,"
dataset/metadata.json,4753,"    ""has_ovary_left"": false,"
dataset/metadata.json,4754,"    ""has_ovary_right"": false,"
dataset/metadata.json,4755,"    ""has_vagina"": false"
dataset/metadata.json,4767,"    ""has_uterus"": false,"
dataset/metadata.json,4768,"    ""has_ovary_left"": false,"
dataset/metadata.json,4769,"    ""has_ovary_right"": false,"
dataset/metadata.json,4770,"    ""has_vagina"": false"
dataset/metadata.json,4782,"    ""has_uterus"": false,"
dataset/metadata.json,4783,"    ""has_ovary_left"": false,"
dataset/metadata.json,4784,"    ""has_ovary_right"": false,"
dataset/metadata.json,4785,"    ""has_vagina"": false"
dataset/metadata.json,4797,"    ""has_uterus"": false,"
dataset/metadata.json,4798,"    ""has_ovary_left"": false,"
dataset/metadata.json,4799,"    ""has_ovary_right"": false,"
dataset/metadata.json,4800,"    ""has_vagina"": false"
dataset/metadata.json,4812,"    ""has_uterus"": true,"
dataset/metadata.json,4813,"    ""has_ovary_left"": true,"
dataset/metadata.json,4814,"    ""has_ovary_right"": true,"
dataset/metadata.json,4815,"    ""has_vagina"": true"
dataset/metadata.json,4827,"    ""has_uterus"": false,"
dataset/metadata.json,4828,"    ""has_ovary_left"": false,"
dataset/metadata.json,4829,"    ""has_ovary_right"": false,"
dataset/metadata.json,4830,"    ""has_vagina"": false"
dataset/metadata.json,4842,"    ""has_uterus"": false,"
dataset/metadata.json,4843,"    ""has_ovary_left"": false,"
dataset/metadata.json,4844,"    ""has_ovary_right"": false,"
dataset/metadata.json,4845,"    ""has_vagina"": false"
dataset/metadata.json,4857,"    ""has_uterus"": false,"
dataset/metadata.json,4858,"    ""has_ovary_left"": false,"
dataset/metadata.json,4859,"    ""has_ovary_right"": false,"
dataset/metadata.json,4860,"    ""has_vagina"": false"
dataset/metadata.json,4872,"    ""has_uterus"": true,"
dataset/metadata.json,4873,"    ""has_ovary_left"": true,"
dataset/metadata.json,4874,"    ""has_ovary_right"": true,"
dataset/metadata.json,4875,"    ""has_vagina"": true"
dataset/metadata.json,4887,"    ""has_uterus"": false,"
dataset/metadata.json,4888,"    ""has_ovary_left"": false,"
dataset/metadata.json,4889,"    ""has_ovary_right"": false,"
dataset/metadata.json,4890,"    ""has_vagina"": false"
dataset/metadata.json,4902,"    ""has_uterus"": false,"
dataset/metadata.json,4903,"    ""has_ovary_left"": false,"
dataset/metadata.json,4904,"    ""has_ovary_right"": false,"
dataset/metadata.json,4905,"    ""has_vagina"": false"
dataset/metadata.json,4917,"    ""has_uterus"": true,"
dataset/metadata.json,4918,"    ""has_ovary_left"": true,"
dataset/metadata.json,4919,"    ""has_ovary_right"": true,"
dataset/metadata.json,4920,"    ""has_vagina"": true"
dataset/metadata.json,4932,"    ""has_uterus"": true,"
dataset/metadata.json,4933,"    ""has_ovary_left"": true,"
dataset/metadata.json,4934,"    ""has_ovary_right"": true,"
dataset/metadata.json,4935,"    ""has_vagina"": true"
dataset/metadata.json,4947,"    ""has_uterus"": false,"
dataset/metadata.json,4948,"    ""has_ovary_left"": false,"
dataset/metadata.json,4949,"    ""has_ovary_right"": false,"
dataset/metadata.json,4950,"    ""has_vagina"": false"
dataset/metadata.json,4962,"    ""has_uterus"": false,"
dataset/metadata.json,4963,"    ""has_ovary_left"": false,"
dataset/metadata.json,4964,"    ""has_ovary_right"": false,"
dataset/metadata.json,4965,"    ""has_vagina"": false"
dataset/metadata.json,4977,"    ""has_uterus"": false,"
dataset/metadata.json,4978,"    ""has_ovary_left"": false,"
dataset/metadata.json,4979,"    ""has_ovary_right"": false,"
dataset/metadata.json,4980,"    ""has_vagina"": false"
dataset/metadata.json,4992,"    ""has_uterus"": true,"
dataset/metadata.json,4993,"    ""has_ovary_left"": true,"
dataset/metadata.json,4994,"    ""has_ovary_right"": true,"
dataset/metadata.json,4995,"    ""has_vagina"": true"
dataset/metadata.json,5007,"    ""has_uterus"": true,"
dataset/metadata.json,5008,"    ""has_ovary_left"": true,"
dataset/metadata.json,5009,"    ""has_ovary_right"": true,"
dataset/metadata.json,5010,"    ""has_vagina"": true"
dataset/metadata.json,5022,"    ""has_uterus"": false,"
dataset/metadata.json,5023,"    ""has_ovary_left"": false,"
dataset/metadata.json,5024,"    ""has_ovary_right"": false,"
dataset/metadata.json,5025,"    ""has_vagina"": false"
dataset/metadata.json,5037,"    ""has_uterus"": false,"
dataset/metadata.json,5038,"    ""has_ovary_left"": false,"
dataset/metadata.json,5039,"    ""has_ovary_right"": false,"
dataset/metadata.json,5040,"    ""has_vagina"": false"
dataset/metadata.json,5052,"    ""has_uterus"": false,"
dataset/metadata.json,5053,"    ""has_ovary_left"": false,"
dataset/metadata.json,5054,"    ""has_ovary_right"": false,"
dataset/metadata.json,5055,"    ""has_vagina"": false"
dataset/metadata.json,5067,"    ""has_uterus"": false,"
dataset/metadata.json,5068,"    ""has_ovary_left"": false,"
dataset/metadata.json,5069,"    ""has_ovary_right"": false,"
dataset/metadata.json,5070,"    ""has_vagina"": false"
dataset/metadata.json,5082,"    ""has_uterus"": false,"
dataset/metadata.json,5083,"    ""has_ovary_left"": false,"
dataset/metadata.json,5084,"    ""has_ovary_right"": false,"
dataset/metadata.json,5085,"    ""has_vagina"": false"
dataset/metadata.json,5097,"    ""has_uterus"": false,"
dataset/metadata.json,5098,"    ""has_ovary_left"": false,"
dataset/metadata.json,5099,"    ""has_ovary_right"": false,"
dataset/metadata.json,5100,"    ""has_vagina"": false"
dataset/metadata.json,5112,"    ""has_uterus"": false,"
dataset/metadata.json,5113,"    ""has_ovary_left"": false,"
dataset/metadata.json,5114,"    ""has_ovary_right"": false,"
dataset/metadata.json,5115,"    ""has_vagina"": false"
dataset/metadata.json,5127,"    ""has_uterus"": true,"
dataset/metadata.json,5128,"    ""has_ovary_left"": true,"
dataset/metadata.json,5129,"    ""has_ovary_right"": true,"
dataset/metadata.json,5130,"    ""has_vagina"": true"
dataset/metadata.json,5142,"    ""has_uterus"": false,"
dataset/metadata.json,5143,"    ""has_ovary_left"": false,"
dataset/metadata.json,5144,"    ""has_ovary_right"": false,"
dataset/metadata.json,5145,"    ""has_vagina"": false"
dataset/metadata.json,5157,"    ""has_uterus"": true,"
dataset/metadata.json,5158,"    ""has_ovary_left"": true,"
dataset/metadata.json,5159,"    ""has_ovary_right"": true,"
dataset/metadata.json,5160,"    ""has_vagina"": true"
dataset/metadata.json,5172,"    ""has_uterus"": false,"
dataset/metadata.json,5173,"    ""has_ovary_left"": false,"
dataset/metadata.json,5174,"    ""has_ovary_right"": false,"
dataset/metadata.json,5175,"    ""has_vagina"": false"
dataset/metadata.json,5187,"    ""has_uterus"": false,"
dataset/metadata.json,5188,"    ""has_ovary_left"": false,"
dataset/metadata.json,5189,"    ""has_ovary_right"": false,"
dataset/metadata.json,5190,"    ""has_vagina"": false"
dataset/metadata.json,5202,"    ""has_uterus"": true,"
dataset/metadata.json,5203,"    ""has_ovary_left"": true,"
dataset/metadata.json,5204,"    ""has_ovary_right"": true,"
dataset/metadata.json,5205,"    ""has_vagina"": true"
dataset/metadata.json,5217,"    ""has_uterus"": true,"
dataset/metadata.json,5218,"    ""has_ovary_left"": true,"
dataset/metadata.json,5219,"    ""has_ovary_right"": true,"
dataset/metadata.json,5220,"    ""has_vagina"": true"
dataset/metadata.json,5232,"    ""has_uterus"": true,"
dataset/metadata.json,5233,"    ""has_ovary_left"": true,"
dataset/metadata.json,5234,"    ""has_ovary_right"": true,"
dataset/metadata.json,5235,"    ""has_vagina"": true"
dataset/metadata.json,5247,"    ""has_uterus"": false,"
dataset/metadata.json,5248,"    ""has_ovary_left"": false,"
dataset/metadata.json,5249,"    ""has_ovary_right"": false,"
dataset/metadata.json,5250,"    ""has_vagina"": false"
dataset/metadata.json,5262,"    ""has_uterus"": false,"
dataset/metadata.json,5263,"    ""has_ovary_left"": false,"
dataset/metadata.json,5264,"    ""has_ovary_right"": false,"
dataset/metadata.json,5265,"    ""has_vagina"": false"
dataset/metadata.json,5277,"    ""has_uterus"": false,"
dataset/metadata.json,5278,"    ""has_ovary_left"": false,"
dataset/metadata.json,5279,"    ""has_ovary_right"": false,"
dataset/metadata.json,5280,"    ""has_vagina"": false"
dataset/metadata.json,5292,"    ""has_uterus"": false,"
dataset/metadata.json,5293,"    ""has_ovary_left"": false,"
dataset/metadata.json,5294,"    ""has_ovary_right"": false,"
dataset/metadata.json,5295,"    ""has_vagina"": false"
dataset/metadata.json,5307,"    ""has_uterus"": false,"
dataset/metadata.json,5308,"    ""has_ovary_left"": false,"
dataset/metadata.json,5309,"    ""has_ovary_right"": false,"
dataset/metadata.json,5310,"    ""has_vagina"": false"
dataset/metadata.json,5322,"    ""has_uterus"": false,"
dataset/metadata.json,5323,"    ""has_ovary_left"": false,"
dataset/metadata.json,5324,"    ""has_ovary_right"": false,"
dataset/metadata.json,5325,"    ""has_vagina"": false"
dataset/metadata.json,5337,"    ""has_uterus"": false,"
dataset/metadata.json,5338,"    ""has_ovary_left"": false,"
dataset/metadata.json,5339,"    ""has_ovary_right"": false,"
dataset/metadata.json,5340,"    ""has_vagina"": false"
dataset/metadata.json,5352,"    ""has_uterus"": false,"
dataset/metadata.json,5353,"    ""has_ovary_left"": false,"
dataset/metadata.json,5354,"    ""has_ovary_right"": false,"
dataset/metadata.json,5355,"    ""has_vagina"": false"
dataset/metadata.json,5367,"    ""has_uterus"": false,"
dataset/metadata.json,5368,"    ""has_ovary_left"": false,"
dataset/metadata.json,5369,"    ""has_ovary_right"": false,"
dataset/metadata.json,5370,"    ""has_vagina"": false"
dataset/metadata.json,5382,"    ""has_uterus"": true,"
dataset/metadata.json,5383,"    ""has_ovary_left"": true,"
dataset/metadata.json,5384,"    ""has_ovary_right"": true,"
dataset/metadata.json,5385,"    ""has_vagina"": true"
dataset/metadata.json,5397,"    ""has_uterus"": false,"
dataset/metadata.json,5398,"    ""has_ovary_left"": false,"
dataset/metadata.json,5399,"    ""has_ovary_right"": false,"
dataset/metadata.json,5400,"    ""has_vagina"": false"
dataset/metadata.json,5412,"    ""has_uterus"": false,"
dataset/metadata.json,5413,"    ""has_ovary_left"": false,"
dataset/metadata.json,5414,"    ""has_ovary_right"": false,"
dataset/metadata.json,5415,"    ""has_vagina"": false"
dataset/metadata.json,5427,"    ""has_uterus"": true,"
dataset/metadata.json,5428,"    ""has_ovary_left"": true,"
dataset/metadata.json,5429,"    ""has_ovary_right"": true,"
dataset/metadata.json,5430,"    ""has_vagina"": true"
dataset/metadata.json,5442,"    ""has_uterus"": true,"
dataset/metadata.json,5443,"    ""has_ovary_left"": true,"
dataset/metadata.json,5444,"    ""has_ovary_right"": true,"
dataset/metadata.json,5445,"    ""has_vagina"": true"
dataset/metadata.json,5457,"    ""has_uterus"": false,"
dataset/metadata.json,5458,"    ""has_ovary_left"": false,"
dataset/metadata.json,5459,"    ""has_ovary_right"": false,"
dataset/metadata.json,5460,"    ""has_vagina"": false"
dataset/metadata.json,5472,"    ""has_uterus"": true,"
dataset/metadata.json,5473,"    ""has_ovary_left"": true,"
dataset/metadata.json,5474,"    ""has_ovary_right"": true,"
dataset/metadata.json,5475,"    ""has_vagina"": true"
dataset/metadata.json,5487,"    ""has_uterus"": false,"
dataset/metadata.json,5488,"    ""has_ovary_left"": false,"
dataset/metadata.json,5489,"    ""has_ovary_right"": false,"
dataset/metadata.json,5490,"    ""has_vagina"": false"
dataset/metadata.json,5502,"    ""has_uterus"": false,"
dataset/metadata.json,5503,"    ""has_ovary_left"": false,"
dataset/metadata.json,5504,"    ""has_ovary_right"": false,"
dataset/metadata.json,5505,"    ""has_vagina"": false"
dataset/metadata.json,5517,"    ""has_uterus"": false,"
dataset/metadata.json,5518,"    ""has_ovary_left"": false,"
dataset/metadata.json,5519,"    ""has_ovary_right"": false,"
dataset/metadata.json,5520,"    ""has_vagina"": false"
dataset/metadata.json,5532,"    ""has_uterus"": true,"
dataset/metadata.json,5533,"    ""has_ovary_left"": true,"
dataset/metadata.json,5534,"    ""has_ovary_right"": true,"
dataset/metadata.json,5535,"    ""has_vagina"": true"
dataset/metadata.json,5547,"    ""has_uterus"": false,"
dataset/metadata.json,5548,"    ""has_ovary_left"": false,"
dataset/metadata.json,5549,"    ""has_ovary_right"": false,"
dataset/metadata.json,5550,"    ""has_vagina"": false"
dataset/metadata.json,5562,"    ""has_uterus"": true,"
dataset/metadata.json,5563,"    ""has_ovary_left"": true,"
dataset/metadata.json,5564,"    ""has_ovary_right"": true,"
dataset/metadata.json,5565,"    ""has_vagina"": true"
dataset/metadata.json,5577,"    ""has_uterus"": false,"
dataset/metadata.json,5578,"    ""has_ovary_left"": false,"
dataset/metadata.json,5579,"    ""has_ovary_right"": false,"
dataset/metadata.json,5580,"    ""has_vagina"": false"
dataset/metadata.json,5592,"    ""has_uterus"": false,"
dataset/metadata.json,5593,"    ""has_ovary_left"": false,"
dataset/metadata.json,5594,"    ""has_ovary_right"": false,"
dataset/metadata.json,5595,"    ""has_vagina"": false"
dataset/metadata.json,5607,"    ""has_uterus"": false,"
dataset/metadata.json,5608,"    ""has_ovary_left"": false,"
dataset/metadata.json,5609,"    ""has_ovary_right"": false,"
dataset/metadata.json,5610,"    ""has_vagina"": false"
dataset/metadata.json,5622,"    ""has_uterus"": false,"
dataset/metadata.json,5623,"    ""has_ovary_left"": false,"
dataset/metadata.json,5624,"    ""has_ovary_right"": false,"
dataset/metadata.json,5625,"    ""has_vagina"": false"
dataset/metadata.json,5637,"    ""has_uterus"": false,"
dataset/metadata.json,5638,"    ""has_ovary_left"": false,"
dataset/metadata.json,5639,"    ""has_ovary_right"": false,"
dataset/metadata.json,5640,"    ""has_vagina"": false"
dataset/metadata.json,5652,"    ""has_uterus"": true,"
dataset/metadata.json,5653,"    ""has_ovary_left"": true,"
dataset/metadata.json,5654,"    ""has_ovary_right"": true,"
dataset/metadata.json,5655,"    ""has_vagina"": true"
dataset/metadata.json,5667,"    ""has_uterus"": true,"
dataset/metadata.json,5668,"    ""has_ovary_left"": true,"
dataset/metadata.json,5669,"    ""has_ovary_right"": true,"
dataset/metadata.json,5670,"    ""has_vagina"": true"
dataset/metadata.json,5682,"    ""has_uterus"": false,"
dataset/metadata.json,5683,"    ""has_ovary_left"": false,"
dataset/metadata.json,5684,"    ""has_ovary_right"": false,"
dataset/metadata.json,5685,"    ""has_vagina"": false"
dataset/metadata.json,5697,"    ""has_uterus"": true,"
dataset/metadata.json,5698,"    ""has_ovary_left"": true,"
dataset/metadata.json,5699,"    ""has_ovary_right"": true,"
dataset/metadata.json,5700,"    ""has_vagina"": true"
dataset/metadata.json,5712,"    ""has_uterus"": false,"
dataset/metadata.json,5713,"    ""has_ovary_left"": false,"
dataset/metadata.json,5714,"    ""has_ovary_right"": false,"
dataset/metadata.json,5715,"    ""has_vagina"": false"
dataset/metadata.json,5727,"    ""has_uterus"": true,"
dataset/metadata.json,5728,"    ""has_ovary_left"": true,"
dataset/metadata.json,5729,"    ""has_ovary_right"": true,"
dataset/metadata.json,5730,"    ""has_vagina"": true"
dataset/metadata.json,5742,"    ""has_uterus"": true,"
dataset/metadata.json,5743,"    ""has_ovary_left"": true,"
dataset/metadata.json,5744,"    ""has_ovary_right"": true,"
dataset/metadata.json,5745,"    ""has_vagina"": true"
dataset/metadata.json,5757,"    ""has_uterus"": false,"
dataset/metadata.json,5758,"    ""has_ovary_left"": false,"
dataset/metadata.json,5759,"    ""has_ovary_right"": false,"
dataset/metadata.json,5760,"    ""has_vagina"": false"
dataset/metadata.json,5772,"    ""has_uterus"": true,"
dataset/metadata.json,5773,"    ""has_ovary_left"": true,"
dataset/metadata.json,5774,"    ""has_ovary_right"": true,"
dataset/metadata.json,5775,"    ""has_vagina"": true"
dataset/metadata.json,5787,"    ""has_uterus"": false,"
dataset/metadata.json,5788,"    ""has_ovary_left"": false,"
dataset/metadata.json,5789,"    ""has_ovary_right"": false,"
dataset/metadata.json,5790,"    ""has_vagina"": false"
dataset/metadata.json,5802,"    ""has_uterus"": true,"
dataset/metadata.json,5803,"    ""has_ovary_left"": true,"
dataset/metadata.json,5804,"    ""has_ovary_right"": true,"
dataset/metadata.json,5805,"    ""has_vagina"": true"
dataset/metadata.json,5817,"    ""has_uterus"": false,"
dataset/metadata.json,5818,"    ""has_ovary_left"": false,"
dataset/metadata.json,5819,"    ""has_ovary_right"": false,"
dataset/metadata.json,5820,"    ""has_vagina"": false"
dataset/metadata.json,5832,"    ""has_uterus"": true,"
dataset/metadata.json,5833,"    ""has_ovary_left"": true,"
dataset/metadata.json,5834,"    ""has_ovary_right"": true,"
dataset/metadata.json,5835,"    ""has_vagina"": true"
dataset/metadata.json,5847,"    ""has_uterus"": true,"
dataset/metadata.json,5848,"    ""has_ovary_left"": true,"
dataset/metadata.json,5849,"    ""has_ovary_right"": true,"
dataset/metadata.json,5850,"    ""has_vagina"": true"
dataset/metadata.json,5862,"    ""has_uterus"": true,"
dataset/metadata.json,5863,"    ""has_ovary_left"": true,"
dataset/metadata.json,5864,"    ""has_ovary_right"": true,"
dataset/metadata.json,5865,"    ""has_vagina"": true"
dataset/metadata.json,5877,"    ""has_uterus"": true,"
dataset/metadata.json,5878,"    ""has_ovary_left"": true,"
dataset/metadata.json,5879,"    ""has_ovary_right"": true,"
dataset/metadata.json,5880,"    ""has_vagina"": true"
dataset/metadata.json,5892,"    ""has_uterus"": false,"
dataset/metadata.json,5893,"    ""has_ovary_left"": false,"
dataset/metadata.json,5894,"    ""has_ovary_right"": false,"
dataset/metadata.json,5895,"    ""has_vagina"": false"
dataset/metadata.json,5907,"    ""has_uterus"": false,"
dataset/metadata.json,5908,"    ""has_ovary_left"": false,"
dataset/metadata.json,5909,"    ""has_ovary_right"": false,"
dataset/metadata.json,5910,"    ""has_vagina"": false"
dataset/metadata.json,5922,"    ""has_uterus"": false,"
dataset/metadata.json,5923,"    ""has_ovary_left"": false,"
dataset/metadata.json,5924,"    ""has_ovary_right"": false,"
dataset/metadata.json,5925,"    ""has_vagina"": false"
dataset/metadata.json,5937,"    ""has_uterus"": false,"
dataset/metadata.json,5938,"    ""has_ovary_left"": false,"
dataset/metadata.json,5939,"    ""has_ovary_right"": false,"
dataset/metadata.json,5940,"    ""has_vagina"": false"
dataset/metadata.json,5952,"    ""has_uterus"": false,"
dataset/metadata.json,5953,"    ""has_ovary_left"": false,"
dataset/metadata.json,5954,"    ""has_ovary_right"": false,"
dataset/metadata.json,5955,"    ""has_vagina"": false"
dataset/metadata.json,5967,"    ""has_uterus"": false,"
dataset/metadata.json,5968,"    ""has_ovary_left"": false,"
dataset/metadata.json,5969,"    ""has_ovary_right"": false,"
dataset/metadata.json,5970,"    ""has_vagina"": false"
dataset/metadata.json,5982,"    ""has_uterus"": false,"
dataset/metadata.json,5983,"    ""has_ovary_left"": false,"
dataset/metadata.json,5984,"    ""has_ovary_right"": false,"
dataset/metadata.json,5985,"    ""has_vagina"": false"
dataset/metadata.json,5997,"    ""has_uterus"": true,"
dataset/metadata.json,5998,"    ""has_ovary_left"": true,"
dataset/metadata.json,5999,"    ""has_ovary_right"": true,"
dataset/metadata.json,6000,"    ""has_vagina"": true"
dataset/metadata.json,6012,"    ""has_uterus"": true,"
dataset/metadata.json,6013,"    ""has_ovary_left"": true,"
dataset/metadata.json,6014,"    ""has_ovary_right"": true,"
dataset/metadata.json,6015,"    ""has_vagina"": true"
dataset/metadata.json,6027,"    ""has_uterus"": true,"
dataset/metadata.json,6028,"    ""has_ovary_left"": true,"
dataset/metadata.json,6029,"    ""has_ovary_right"": true,"
dataset/metadata.json,6030,"    ""has_vagina"": true"
dataset/metadata.json,6042,"    ""has_uterus"": false,"
dataset/metadata.json,6043,"    ""has_ovary_left"": false,"
dataset/metadata.json,6044,"    ""has_ovary_right"": false,"
dataset/metadata.json,6045,"    ""has_vagina"": false"
dataset/metadata.json,6057,"    ""has_uterus"": false,"
dataset/metadata.json,6058,"    ""has_ovary_left"": false,"
dataset/metadata.json,6059,"    ""has_ovary_right"": false,"
dataset/metadata.json,6060,"    ""has_vagina"": false"
dataset/metadata.json,6072,"    ""has_uterus"": false,"
dataset/metadata.json,6073,"    ""has_ovary_left"": false,"
dataset/metadata.json,6074,"    ""has_ovary_right"": false,"
dataset/metadata.json,6075,"    ""has_vagina"": false"
dataset/metadata.json,6087,"    ""has_uterus"": false,"
dataset/metadata.json,6088,"    ""has_ovary_left"": false,"
dataset/metadata.json,6089,"    ""has_ovary_right"": false,"
dataset/metadata.json,6090,"    ""has_vagina"": false"
dataset/metadata.json,6102,"    ""has_uterus"": true,"
dataset/metadata.json,6103,"    ""has_ovary_left"": true,"
dataset/metadata.json,6104,"    ""has_ovary_right"": true,"
dataset/metadata.json,6105,"    ""has_vagina"": true"
dataset/metadata.json,6117,"    ""has_uterus"": true,"
dataset/metadata.json,6118,"    ""has_ovary_left"": true,"
dataset/metadata.json,6119,"    ""has_ovary_right"": true,"
dataset/metadata.json,6120,"    ""has_vagina"": true"
dataset/metadata.json,6132,"    ""has_uterus"": true,"
dataset/metadata.json,6133,"    ""has_ovary_left"": true,"
dataset/metadata.json,6134,"    ""has_ovary_right"": true,"
dataset/metadata.json,6135,"    ""has_vagina"": true"
dataset/metadata.json,6147,"    ""has_uterus"": true,"
dataset/metadata.json,6148,"    ""has_ovary_left"": true,"
dataset/metadata.json,6149,"    ""has_ovary_right"": true,"
dataset/metadata.json,6150,"    ""has_vagina"": true"
dataset/metadata.json,6162,"    ""has_uterus"": false,"
dataset/metadata.json,6163,"    ""has_ovary_left"": false,"
dataset/metadata.json,6164,"    ""has_ovary_right"": false,"
dataset/metadata.json,6165,"    ""has_vagina"": false"
dataset/metadata.json,6177,"    ""has_uterus"": true,"
dataset/metadata.json,6178,"    ""has_ovary_left"": true,"
dataset/metadata.json,6179,"    ""has_ovary_right"": true,"
dataset/metadata.json,6180,"    ""has_vagina"": true"
dataset/metadata.json,6192,"    ""has_uterus"": false,"
dataset/metadata.json,6193,"    ""has_ovary_left"": false,"
dataset/metadata.json,6194,"    ""has_ovary_right"": false,"
dataset/metadata.json,6195,"    ""has_vagina"": false"
dataset/metadata.json,6207,"    ""has_uterus"": true,"
dataset/metadata.json,6208,"    ""has_ovary_left"": true,"
dataset/metadata.json,6209,"    ""has_ovary_right"": true,"
dataset/metadata.json,6210,"    ""has_vagina"": true"
dataset/metadata.json,6222,"    ""has_uterus"": true,"
dataset/metadata.json,6223,"    ""has_ovary_left"": true,"
dataset/metadata.json,6224,"    ""has_ovary_right"": true,"
dataset/metadata.json,6225,"    ""has_vagina"": true"
dataset/metadata.json,6237,"    ""has_uterus"": true,"
dataset/metadata.json,6238,"    ""has_ovary_left"": true,"
dataset/metadata.json,6239,"    ""has_ovary_right"": true,"
dataset/metadata.json,6240,"    ""has_vagina"": true"
dataset/metadata.json,6252,"    ""has_uterus"": true,"
dataset/metadata.json,6253,"    ""has_ovary_left"": true,"
dataset/metadata.json,6254,"    ""has_ovary_right"": true,"
dataset/metadata.json,6255,"    ""has_vagina"": true"
dataset/metadata.json,6267,"    ""has_uterus"": true,"
dataset/metadata.json,6268,"    ""has_ovary_left"": true,"
dataset/metadata.json,6269,"    ""has_ovary_right"": true,"
dataset/metadata.json,6270,"    ""has_vagina"": true"
dataset/metadata.json,6282,"    ""has_uterus"": false,"
dataset/metadata.json,6283,"    ""has_ovary_left"": false,"
dataset/metadata.json,6284,"    ""has_ovary_right"": false,"
dataset/metadata.json,6285,"    ""has_vagina"": false"
dataset/metadata.json,6297,"    ""has_uterus"": false,"
dataset/metadata.json,6298,"    ""has_ovary_left"": false,"
dataset/metadata.json,6299,"    ""has_ovary_right"": false,"
dataset/metadata.json,6300,"    ""has_vagina"": false"
dataset/metadata.json,6312,"    ""has_uterus"": false,"
dataset/metadata.json,6313,"    ""has_ovary_left"": false,"
dataset/metadata.json,6314,"    ""has_ovary_right"": false,"
dataset/metadata.json,6315,"    ""has_vagina"": false"
dataset/metadata.json,6327,"    ""has_uterus"": true,"
dataset/metadata.json,6328,"    ""has_ovary_left"": true,"
dataset/metadata.json,6329,"    ""has_ovary_right"": true,"
dataset/metadata.json,6330,"    ""has_vagina"": false"
dataset/metadata.json,6342,"    ""has_uterus"": true,"
dataset/metadata.json,6343,"    ""has_ovary_left"": true,"
dataset/metadata.json,6344,"    ""has_ovary_right"": true,"
dataset/metadata.json,6345,"    ""has_vagina"": true"
dataset/metadata.json,6357,"    ""has_uterus"": false,"
dataset/metadata.json,6358,"    ""has_ovary_left"": false,"
dataset/metadata.json,6359,"    ""has_ovary_right"": false,"
dataset/metadata.json,6360,"    ""has_vagina"": false"
dataset/metadata.json,6372,"    ""has_uterus"": true,"
dataset/metadata.json,6373,"    ""has_ovary_left"": false,"
dataset/metadata.json,6374,"    ""has_ovary_right"": false,"
dataset/metadata.json,6375,"    ""has_vagina"": false"
dataset/metadata.json,6387,"    ""has_uterus"": true,"
dataset/metadata.json,6388,"    ""has_ovary_left"": true,"
dataset/metadata.json,6389,"    ""has_ovary_right"": true,"
dataset/metadata.json,6390,"    ""has_vagina"": true"
dataset/metadata.json,6402,"    ""has_uterus"": false,"
dataset/metadata.json,6403,"    ""has_ovary_left"": false,"
dataset/metadata.json,6404,"    ""has_ovary_right"": false,"
dataset/metadata.json,6405,"    ""has_vagina"": false"
dataset/metadata.json,6417,"    ""has_uterus"": true,"
dataset/metadata.json,6418,"    ""has_ovary_left"": true,"
dataset/metadata.json,6419,"    ""has_ovary_right"": true,"
dataset/metadata.json,6420,"    ""has_vagina"": true"
dataset/metadata.json,6432,"    ""has_uterus"": true,"
dataset/metadata.json,6433,"    ""has_ovary_left"": true,"
dataset/metadata.json,6434,"    ""has_ovary_right"": true,"
dataset/metadata.json,6435,"    ""has_vagina"": true"
dataset/metadata.json,6447,"    ""has_uterus"": true,"
dataset/metadata.json,6448,"    ""has_ovary_left"": true,"
dataset/metadata.json,6449,"    ""has_ovary_right"": true,"
dataset/metadata.json,6450,"    ""has_vagina"": true"
dataset/metadata.json,6462,"    ""has_uterus"": true,"
dataset/metadata.json,6463,"    ""has_ovary_left"": true,"
dataset/metadata.json,6464,"    ""has_ovary_right"": true,"
dataset/metadata.json,6465,"    ""has_vagina"": true"
dataset/metadata.json,6477,"    ""has_uterus"": true,"
dataset/metadata.json,6478,"    ""has_ovary_left"": true,"
dataset/metadata.json,6479,"    ""has_ovary_right"": true,"
dataset/metadata.json,6480,"    ""has_vagina"": true"
dataset/metadata.json,6492,"    ""has_uterus"": true,"
dataset/metadata.json,6493,"    ""has_ovary_left"": true,"
dataset/metadata.json,6494,"    ""has_ovary_right"": true,"
dataset/metadata.json,6495,"    ""has_vagina"": true"
dataset/metadata.json,6507,"    ""has_uterus"": true,"
dataset/metadata.json,6508,"    ""has_ovary_left"": true,"
dataset/metadata.json,6509,"    ""has_ovary_right"": false,"
dataset/metadata.json,6510,"    ""has_vagina"": true"
dataset/metadata.json,6522,"    ""has_uterus"": true,"
dataset/metadata.json,6523,"    ""has_ovary_left"": true,"
dataset/metadata.json,6524,"    ""has_ovary_right"": true,"
dataset/metadata.json,6525,"    ""has_vagina"": true"
dataset/metadata.json,6537,"    ""has_uterus"": true,"
dataset/metadata.json,6538,"    ""has_ovary_left"": true,"
dataset/metadata.json,6539,"    ""has_ovary_right"": true,"
dataset/metadata.json,6540,"    ""has_vagina"": true"
dataset/metadata.json,6552,"    ""has_uterus"": false,"
dataset/metadata.json,6553,"    ""has_ovary_left"": false,"
dataset/metadata.json,6554,"    ""has_ovary_right"": false,"
dataset/metadata.json,6555,"    ""has_vagina"": false"
dataset/metadata.json,6567,"    ""has_uterus"": false,"
dataset/metadata.json,6568,"    ""has_ovary_left"": false,"
dataset/metadata.json,6569,"    ""has_ovary_right"": false,"
dataset/metadata.json,6570,"    ""has_vagina"": false"
dataset/metadata.json,6582,"    ""has_uterus"": true,"
dataset/metadata.json,6583,"    ""has_ovary_left"": true,"
dataset/metadata.json,6584,"    ""has_ovary_right"": true,"
dataset/metadata.json,6585,"    ""has_vagina"": true"
dataset/metadata.json,6597,"    ""has_uterus"": false,"
dataset/metadata.json,6598,"    ""has_ovary_left"": false,"
dataset/metadata.json,6599,"    ""has_ovary_right"": false,"
dataset/metadata.json,6600,"    ""has_vagina"": false"
dataset/metadata.json,6612,"    ""has_uterus"": true,"
dataset/metadata.json,6613,"    ""has_ovary_left"": true,"
dataset/metadata.json,6614,"    ""has_ovary_right"": true,"
dataset/metadata.json,6615,"    ""has_vagina"": true"
dataset/metadata.json,6627,"    ""has_uterus"": true,"
dataset/metadata.json,6628,"    ""has_ovary_left"": true,"
dataset/metadata.json,6629,"    ""has_ovary_right"": true,"
dataset/metadata.json,6630,"    ""has_vagina"": true"
dataset/metadata.json,6642,"    ""has_uterus"": true,"
dataset/metadata.json,6643,"    ""has_ovary_left"": true,"
dataset/metadata.json,6644,"    ""has_ovary_right"": true,"
dataset/metadata.json,6645,"    ""has_vagina"": true"
dataset/metadata.json,6657,"    ""has_uterus"": true,"
dataset/metadata.json,6658,"    ""has_ovary_left"": true,"
dataset/metadata.json,6659,"    ""has_ovary_right"": true,"
dataset/metadata.json,6660,"    ""has_vagina"": true"
dataset/metadata.json,6672,"    ""has_uterus"": true,"
dataset/metadata.json,6673,"    ""has_ovary_left"": true,"
dataset/metadata.json,6674,"    ""has_ovary_right"": true,"
dataset/metadata.json,6675,"    ""has_vagina"": true"
dataset/metadata.json,6687,"    ""has_uterus"": false,"
dataset/metadata.json,6688,"    ""has_ovary_left"": false,"
dataset/metadata.json,6689,"    ""has_ovary_right"": false,"
dataset/metadata.json,6690,"    ""has_vagina"": false"
dataset/metadata.json,6702,"    ""has_uterus"": true,"
dataset/metadata.json,6703,"    ""has_ovary_left"": true,"
dataset/metadata.json,6704,"    ""has_ovary_right"": true,"
dataset/metadata.json,6705,"    ""has_vagina"": true"
dataset/metadata.json,6717,"    ""has_uterus"": true,"
dataset/metadata.json,6718,"    ""has_ovary_left"": true,"
dataset/metadata.json,6719,"    ""has_ovary_right"": true,"
dataset/metadata.json,6720,"    ""has_vagina"": true"
dataset/metadata.json,6732,"    ""has_uterus"": false,"
dataset/metadata.json,6733,"    ""has_ovary_left"": false,"
dataset/metadata.json,6734,"    ""has_ovary_right"": false,"
dataset/metadata.json,6735,"    ""has_vagina"": false"
dataset/metadata.json,6747,"    ""has_uterus"": true,"
dataset/metadata.json,6748,"    ""has_ovary_left"": true,"
dataset/metadata.json,6749,"    ""has_ovary_right"": true,"
dataset/metadata.json,6750,"    ""has_vagina"": true"
data_external/dap_atlas/raw/label_name.csv,23,"21,uterus"
hf_space/inference/predict.py,24,"    ""uterus"": np.array([0.0, 42.0, -255.0], dtype=np.float32),"
hf_space/inference/predict.py,25,"    ""ovary_left"": np.array([-35.0, 38.0, -250.0], dtype=np.float32),"
hf_space/inference/predict.py,26,"    ""ovary_right"": np.array([35.0, 38.0, -250.0], dtype=np.float32),"
hf_space/inference/predict.py,27,"    ""vagina"": np.array([0.0, 30.0, -290.0], dtype=np.float32),"
hf_space/inference/predict.py,113,            # Male patient does not have uterus/ovaries/vagina
hf_space/sharon/labels.py,125,"    ""uterus"": 118,"
hf_space/sharon/labels.py,126,"    ""ovary_left"": 119,"
hf_space/sharon/labels.py,127,"    ""ovary_right"": 120,"
hf_space/sharon/labels.py,128,"    ""vagina"": 121,"
hf_space/sharon/labels.py,139,"FEMALE_SPECIFIC_ORGANS = [""uterus"", ""ovary_left"", ""ovary_right"", ""vagina""]"
hf_space/sharon/labels.py,204,"    elif any(k in name for k in [""bladder"", ""prostate"", ""uterus"", ""ovary"", ""vagina"", ""iliac"", ""gluteus"", ""iliopsoas""]):"
hf_space/utils/target_catalog.py,31,"    ""uterus"", ""ovary_left"", ""ovary_right"", ""vagina"""
hf_space/utils/target_catalog.py,37,"FEMALE_TARGETS = {""uterus"", ""ovary_left"", ""ovary_right"", ""vagina""}"
hf_space/utils/target_catalog.py,59,"        ""urinary_bladder"", ""prostate"", ""uterus"", ""ovary_left"", ""ovary_right"", ""vagina"","
hf_space/utils/target_catalog.py,101,"    ""uterus"": ""uterus"", ""womb"": ""uterus"", ""uterine"": ""uterus"","
hf_space/utils/target_catalog.py,102,"    ""left ovary"": ""ovary_left"", ""ovary left"": ""ovary_left"", ""l ovary"": ""ovary_left"","
hf_space/utils/target_catalog.py,103,"    ""right ovary"": ""ovary_right"", ""ovary right"": ""ovary_right"", ""r ovary"": ""ovary_right"","
hf_space/utils/target_catalog.py,104,"    ""ovary"": ""ovary_left"", ""ovaries"": ""ovary_left"","
hf_space/utils/target_catalog.py,105,"    ""vagina"": ""vagina"", ""vaginal canal"": ""vagina"", ""vaginal"": ""vagina"","
reports/phase1/01_data_pipeline_map.md,47,"- **Outputs**: 121-class segmentation with labels 118 (uterus), 119 (ovary_l), 120 (ovary_r), 121 (vagina)"
reports/phase1/02_target_definition_table.csv,119,"117,uterus,Pelvic,Soft-Tissue,Synthetic ellipsoidal landmark placement relative to bladder & sacrum,dataset_preprocessing.py (_extract_female_pelvic_anatomy),Present only if biological sex is Female (sex==0),Female-only (absent in males),Synthetic fallback geometry in dataset_preprocessing.py"
reports/phase1/02_target_definition_table.csv,120,"118,ovary_left,Pelvic,Soft-Tissue,Synthetic ellipsoidal landmark placement relative to bladder & sacrum,dataset_preprocessing.py (_extract_female_pelvic_anatomy),Present only if biological sex is Female (sex==0),Female-only (absent in males),Synthetic fallback geometry in dataset_preprocessing.py"
reports/phase1/02_target_definition_table.csv,121,"119,ovary_right,Pelvic,Soft-Tissue,Synthetic ellipsoidal landmark placement relative to bladder & sacrum,dataset_preprocessing.py (_extract_female_pelvic_anatomy),Present only if biological sex is Female (sex==0),Female-only (absent in males),Synthetic fallback geometry in dataset_preprocessing.py"
reports/phase1/02_target_definition_table.csv,122,"120,vagina,Pelvic,Soft-Tissue,Synthetic ellipsoidal landmark placement relative to bladder & sacrum,dataset_preprocessing.py (_extract_female_pelvic_anatomy),Present only if biological sex is Female (sex==0),Female-only (absent in males),Synthetic fallback geometry in dataset_preprocessing.py"
reports/phase1/03_target_index_audit.md,11,"6. **Biological Sex Indices**: Male-specific organ `prostate` (index 21) and female-specific organs `uterus` (117), `ovary_left` (118), `ovary_right` (119), and `vagina` (120) strictly match `MALE_SPECIFIC_INDICES` and `FEMALE_SPECIFIC_INDICES`."
reports/phase1/05_left_right_audit.csv,46,"case_001,ovary_left_vs_ovary_right,x_left > x_right,""dx0=-18.77mm, dz=0.00mm"",VIOLATED"
reports/phase1/05_left_right_audit.csv,405,"case_019,ovary_left_vs_ovary_right,x_left > x_right,""dx0=-18.77mm, dz=0.00mm"",VIOLATED"
reports/phase1/05_left_right_audit.csv,422,"case_020,ovary_left_vs_ovary_right,x_left > x_right,""dx0=-18.77mm, dz=0.00mm"",VIOLATED"
reports/phase1/05_left_right_audit.csv,534,"case_024,ovary_left_vs_ovary_right,x_left > x_right,""dx0=-19.05mm, dz=0.00mm"",VIOLATED"
reports/phase1/05_left_right_audit.csv,565,"case_025,ovary_left_vs_ovary_right,x_left > x_right,""dx0=-18.79mm, dz=0.00mm"",VIOLATED"
reports/phase1/05_left_right_audit.csv,655,"case_029,ovary_left_vs_ovary_right,x_left > x_right,""dx0=-13.57mm, dz=0.00mm"",VIOLATED"
reports/phase1/05_left_right_audit.csv,686,"case_030,ovary_left_vs_ovary_right,x_left > x_right,""dx0=-18.74mm, dz=0.00mm"",VIOLATED"
reports/phase1/05_left_right_audit.csv,706,"case_031,ovary_left_vs_ovary_right,x_left > x_right,""dx0=-13.91mm, dz=0.00mm"",VIOLATED"
reports/phase1/05_left_right_audit.csv,743,"case_033,ovary_left_vs_ovary_right,x_left > x_right,""dx0=-15.17mm, dz=0.00mm"",VIOLATED"
reports/phase1/05_left_right_audit.csv,774,"case_034,ovary_left_vs_ovary_right,x_left > x_right,""dx0=-12.19mm, dz=0.00mm"",VIOLATED"
reports/phase1/05_left_right_audit.csv,830,"case_037,ovary_left_vs_ovary_right,x_left > x_right,""dx0=-13.54mm, dz=0.00mm"",VIOLATED"
reports/phase1/05_left_right_audit.csv,848,"case_038,ovary_left_vs_ovary_right,x_left > x_right,""dx0=-15.59mm, dz=0.00mm"",VIOLATED"
reports/phase1/05_left_right_audit.csv,867,"case_039,ovary_left_vs_ovary_right,x_left > x_right,""dx0=-12.19mm, dz=0.00mm"",VIOLATED"
reports/phase1/05_left_right_audit.csv,889,"case_040,ovary_left_vs_ovary_right,x_left > x_right,""dx0=-13.59mm, dz=0.00mm"",VIOLATED"
reports/phase1/05_left_right_audit.csv,930,"case_042,ovary_left_vs_ovary_right,x_left > x_right,""dx0=-13.64mm, dz=0.00mm"",VIOLATED"
reports/phase1/05_left_right_audit.csv,969,"case_044,ovary_left_vs_ovary_right,x_left > x_right,""dx0=-21.96mm, dz=0.00mm"",VIOLATED"
reports/phase1/05_left_right_audit.csv,989,"case_045,ovary_left_vs_ovary_right,x_left > x_right,""dx0=-14.32mm, dz=0.00mm"",VIOLATED"
reports/phase1/05_left_right_audit.csv,1061,"case_049,ovary_left_vs_ovary_right,x_left > x_right,""dx0=-18.77mm, dz=0.00mm"",VIOLATED"
reports/phase1/05_left_right_audit.csv,1081,"case_050,ovary_left_vs_ovary_right,x_left > x_right,""dx0=-14.08mm, dz=0.00mm"",VIOLATED"
reports/phase1/05_left_right_audit.csv,1115,"case_052,ovary_left_vs_ovary_right,x_left > x_right,""dx0=-17.99mm, dz=0.00mm"",VIOLATED"
reports/phase1/05_left_right_audit.csv,1146,"case_053,ovary_left_vs_ovary_right,x_left > x_right,""dx0=-19.64mm, dz=0.00mm"",VIOLATED"
reports/phase1/05_left_right_audit.csv,1166,"case_054,ovary_left_vs_ovary_right,x_left > x_right,""dx0=-13.52mm, dz=0.00mm"",VIOLATED"
reports/phase1/05_left_right_audit.csv,1186,"case_055,ovary_left_vs_ovary_right,x_left > x_right,""dx0=-19.22mm, dz=0.00mm"",VIOLATED"
reports/phase1/05_left_right_audit.csv,1217,"case_056,ovary_left_vs_ovary_right,x_left > x_right,""dx0=-20.04mm, dz=0.00mm"",VIOLATED"
reports/phase1/05_left_right_audit.csv,1292,"case_060,ovary_left_vs_ovary_right,x_left > x_right,""dx0=-11.48mm, dz=0.00mm"",VIOLATED"
reports/phase1/05_left_right_audit.csv,1312,"case_061,ovary_left_vs_ovary_right,x_left > x_right,""dx0=-15.62mm, dz=0.00mm"",VIOLATED"
reports/phase1/05_left_right_audit.csv,1370,"case_064,ovary_left_vs_ovary_right,x_left > x_right,""dx0=-12.03mm, dz=-1.79mm"",VIOLATED"
reports/phase1/05_left_right_audit.csv,1429,"case_067,ovary_left_vs_ovary_right,x_left > x_right,""dx0=-17.99mm, dz=0.00mm"",VIOLATED"
reports/phase1/05_left_right_audit.csv,1511,"case_071,ovary_left_vs_ovary_right,x_left > x_right,""dx0=-17.97mm, dz=0.00mm"",VIOLATED"
reports/phase1/05_left_right_audit.csv,1531,"case_072,ovary_left_vs_ovary_right,x_left > x_right,""dx0=-13.29mm, dz=0.00mm"",VIOLATED"
reports/phase1/05_left_right_audit.csv,1562,"case_073,ovary_left_vs_ovary_right,x_left > x_right,""dx0=-18.77mm, dz=0.00mm"",VIOLATED"
reports/phase1/05_left_right_audit.csv,1583,"case_074,ovary_left_vs_ovary_right,x_left > x_right,""dx0=-17.81mm, dz=0.00mm"",VIOLATED"
reports/phase1/05_left_right_audit.csv,1602,"case_075,ovary_left_vs_ovary_right,x_left > x_right,""dx0=-16.48mm, dz=0.00mm"",VIOLATED"
reports/phase1/05_left_right_audit.csv,1734,"case_081,ovary_left_vs_ovary_right,x_left > x_right,""dx0=-20.30mm, dz=0.00mm"",VIOLATED"
reports/phase1/05_left_right_audit.csv,1755,"case_082,ovary_left_vs_ovary_right,x_left > x_right,""dx0=-14.31mm, dz=0.00mm"",VIOLATED"
reports/phase1/05_left_right_audit.csv,1775,"case_083,ovary_left_vs_ovary_right,x_left > x_right,""dx0=-12.65mm, dz=-0.38mm"",VIOLATED"
reports/phase1/05_left_right_audit.csv,1792,"case_084,ovary_left_vs_ovary_right,x_left > x_right,""dx0=-12.94mm, dz=0.00mm"",VIOLATED"
reports/phase1/05_left_right_audit.csv,1809,"case_085,ovary_left_vs_ovary_right,x_left > x_right,""dx0=-18.77mm, dz=0.00mm"",VIOLATED"
reports/phase1/05_left_right_audit.csv,1831,"case_086,ovary_left_vs_ovary_right,x_left > x_right,""dx0=-8.65mm, dz=0.00mm"",VIOLATED"
reports/phase1/05_left_right_audit.csv,1850,"case_087,ovary_left_vs_ovary_right,x_left > x_right,""dx0=-18.77mm, dz=0.00mm"",VIOLATED"
reports/phase1/05_left_right_audit.csv,1870,"case_088,ovary_left_vs_ovary_right,x_left > x_right,""dx0=-13.64mm, dz=0.00mm"",VIOLATED"
reports/phase1/05_left_right_audit.csv,1921,"case_090,ovary_left_vs_ovary_right,x_left > x_right,""dx0=-19.34mm, dz=0.00mm"",VIOLATED"
reports/phase1/05_left_right_audit.csv,1973,"case_092,ovary_left_vs_ovary_right,x_left > x_right,""dx0=-15.64mm, dz=0.00mm"",VIOLATED"
reports/phase1/05_left_right_audit.csv,2022,"case_094,ovary_left_vs_ovary_right,x_left > x_right,""dx0=-19.05mm, dz=0.00mm"",VIOLATED"
reports/phase1/05_left_right_audit.csv,2040,"case_095,ovary_left_vs_ovary_right,x_left > x_right,""dx0=-17.08mm, dz=0.00mm"",VIOLATED"
reports/phase1/05_left_right_audit.csv,2119,"case_098,ovary_left_vs_ovary_right,x_left > x_right,""dx0=-17.20mm, dz=0.00mm"",VIOLATED"
reports/phase1/05_left_right_audit.csv,2454,"case_113,ovary_left_vs_ovary_right,x_left > x_right,""dx0=-14.59mm, dz=0.00mm"",VIOLATED"
reports/phase1/05_left_right_audit.csv,2496,"case_115,ovary_left_vs_ovary_right,x_left > x_right,""dx0=-12.52mm, dz=0.00mm"",VIOLATED"
reports/phase1/05_left_right_audit.csv,2568,"case_119,ovary_left_vs_ovary_right,x_left > x_right,""dx0=-16.13mm, dz=-0.96mm"",VIOLATED"
reports/phase1/05_left_right_audit.csv,2588,"case_120,ovary_left_vs_ovary_right,x_left > x_right,""dx0=-9.95mm, dz=0.00mm"",VIOLATED"
reports/phase1/05_left_right_audit.csv,2634,"case_122,ovary_left_vs_ovary_right,x_left > x_right,""dx0=-19.39mm, dz=0.00mm"",VIOLATED"
reports/phase1/05_left_right_audit.csv,2687,"case_125,ovary_left_vs_ovary_right,x_left > x_right,""dx0=-17.18mm, dz=0.00mm"",VIOLATED"
reports/phase1/05_left_right_audit.csv,2734,"case_127,ovary_left_vs_ovary_right,x_left > x_right,""dx0=-17.38mm, dz=0.00mm"",VIOLATED"
reports/phase1/05_left_right_audit.csv,2765,"case_128,ovary_left_vs_ovary_right,x_left > x_right,""dx0=-13.73mm, dz=0.00mm"",VIOLATED"
reports/phase1/05_left_right_audit.csv,2802,"case_130,ovary_left_vs_ovary_right,x_left > x_right,""dx0=-11.27mm, dz=0.00mm"",VIOLATED"
reports/phase1/05_left_right_audit.csv,2821,"case_131,ovary_left_vs_ovary_right,x_left > x_right,""dx0=-16.20mm, dz=0.00mm"",VIOLATED"
reports/phase1/05_left_right_audit.csv,2841,"case_132,ovary_left_vs_ovary_right,x_left > x_right,""dx0=-13.37mm, dz=0.00mm"",VIOLATED"
reports/phase1/05_left_right_audit.csv,2876,"case_134,ovary_left_vs_ovary_right,x_left > x_right,""dx0=-16.42mm, dz=0.00mm"",VIOLATED"
reports/phase1/05_left_right_audit.csv,2907,"case_135,ovary_left_vs_ovary_right,x_left > x_right,""dx0=-12.62mm, dz=0.00mm"",VIOLATED"
reports/phase1/05_left_right_audit.csv,2956,"case_137,ovary_left_vs_ovary_right,x_left > x_right,""dx0=-15.62mm, dz=0.00mm"",VIOLATED"
reports/phase1/05_left_right_audit.csv,2977,"case_138,ovary_left_vs_ovary_right,x_left > x_right,""dx0=-12.83mm, dz=0.00mm"",VIOLATED"
reports/phase1/05_left_right_audit.csv,3137,"case_144,ovary_left_vs_ovary_right,x_left > x_right,""dx0=-11.29mm, dz=0.00mm"",VIOLATED"
reports/phase1/05_left_right_audit.csv,3268,"case_149,ovary_left_vs_ovary_right,x_left > x_right,""dx0=-16.74mm, dz=0.00mm"",VIOLATED"
reports/phase1/05_left_right_audit.csv,3307,"case_151,ovary_left_vs_ovary_right,x_left > x_right,""dx0=-17.99mm, dz=0.00mm"",VIOLATED"
reports/phase1/05_left_right_audit.csv,3398,"case_154,ovary_left_vs_ovary_right,x_left > x_right,""dx0=-17.25mm, dz=0.51mm"",VIOLATED"
reports/phase1/05_left_right_audit.csv,3429,"case_155,ovary_left_vs_ovary_right,x_left > x_right,""dx0=-18.58mm, dz=0.00mm"",VIOLATED"
reports/phase1/05_left_right_audit.csv,3478,"case_157,ovary_left_vs_ovary_right,x_left > x_right,""dx0=-13.50mm, dz=0.00mm"",VIOLATED"
reports/phase1/05_left_right_audit.csv,3524,"case_159,ovary_left_vs_ovary_right,x_left > x_right,""dx0=-13.21mm, dz=0.00mm"",VIOLATED"
reports/phase1/05_left_right_audit.csv,3602,"case_163,ovary_left_vs_ovary_right,x_left > x_right,""dx0=-14.81mm, dz=0.31mm"",VIOLATED"
reports/phase1/05_left_right_audit.csv,3660,"case_166,ovary_left_vs_ovary_right,x_left > x_right,""dx0=-13.08mm, dz=0.00mm"",VIOLATED"
reports/phase1/05_left_right_audit.csv,3732,"case_169,ovary_left_vs_ovary_right,x_left > x_right,""dx0=-16.59mm, dz=0.00mm"",VIOLATED"
reports/phase1/05_left_right_audit.csv,3811,"case_172,ovary_left_vs_ovary_right,x_left > x_right,""dx0=-14.67mm, dz=0.00mm"",VIOLATED"
reports/phase1/05_left_right_audit.csv,3842,"case_173,ovary_left_vs_ovary_right,x_left > x_right,""dx0=-11.55mm, dz=0.00mm"",VIOLATED"
reports/phase1/05_left_right_audit.csv,3863,"case_174,ovary_left_vs_ovary_right,x_left > x_right,""dx0=-16.17mm, dz=0.00mm"",VIOLATED"
reports/phase1/05_left_right_audit.csv,3883,"case_175,ovary_left_vs_ovary_right,x_left > x_right,""dx0=-13.55mm, dz=0.00mm"",VIOLATED"
reports/phase1/05_left_right_audit.csv,4064,"case_184,ovary_left_vs_ovary_right,x_left > x_right,""dx0=-16.88mm, dz=0.00mm"",VIOLATED"
reports/phase1/05_left_right_audit.csv,4095,"case_185,ovary_left_vs_ovary_right,x_left > x_right,""dx0=-15.75mm, dz=0.00mm"",VIOLATED"
reports/phase1/05_left_right_audit.csv,4141,"case_187,ovary_left_vs_ovary_right,x_left > x_right,""dx0=-16.88mm, dz=0.00mm"",VIOLATED"
reports/phase1/05_left_right_audit.csv,4160,"case_188,ovary_left_vs_ovary_right,x_left > x_right,""dx0=-15.14mm, dz=0.00mm"",VIOLATED"
reports/phase1/05_left_right_audit.csv,4227,"case_191,ovary_left_vs_ovary_right,x_left > x_right,""dx0=-19.50mm, dz=0.00mm"",VIOLATED"
reports/phase1/05_left_right_audit.csv,4331,"case_196,ovary_left_vs_ovary_right,x_left > x_right,""dx0=-13.55mm, dz=0.00mm"",VIOLATED"
reports/phase1/05_left_right_audit.csv,4398,"case_199,ovary_left_vs_ovary_right,x_left > x_right,""dx0=-10.69mm, dz=0.00mm"",VIOLATED"
reports/phase1/05_left_right_audit.csv,4436,"case_201,ovary_left_vs_ovary_right,x_left > x_right,""dx0=-16.78mm, dz=0.00mm"",VIOLATED"
reports/phase1/05_left_right_audit.csv,4557,"case_207,ovary_left_vs_ovary_right,x_left > x_right,""dx0=-13.59mm, dz=0.00mm"",VIOLATED"
reports/phase1/05_left_right_audit.csv,4693,"case_214,ovary_left_vs_ovary_right,x_left > x_right,""dx0=-18.00mm, dz=0.00mm"",VIOLATED"
reports/phase1/05_left_right_audit.csv,4822,"case_219,ovary_left_vs_ovary_right,x_left > x_right,""dx0=-16.88mm, dz=0.00mm"",VIOLATED"
reports/phase1/05_left_right_audit.csv,4845,"case_220,ovary_left_vs_ovary_right,x_left > x_right,""dx0=-13.69mm, dz=0.00mm"",VIOLATED"
reports/phase1/05_left_right_audit.csv,4884,"case_222,ovary_left_vs_ovary_right,x_left > x_right,""dx0=-14.91mm, dz=0.00mm"",VIOLATED"
reports/phase1/05_left_right_audit.csv,4967,"case_226,ovary_left_vs_ovary_right,x_left > x_right,""dx0=-16.88mm, dz=0.00mm"",VIOLATED"
reports/phase1/05_left_right_audit.csv,5058,"case_230,ovary_left_vs_ovary_right,x_left > x_right,""dx0=-18.70mm, dz=0.00mm"",VIOLATED"
reports/phase1/05_left_right_audit.csv,5089,"case_231,ovary_left_vs_ovary_right,x_left > x_right,""dx0=-15.09mm, dz=0.00mm"",VIOLATED"
reports/phase1/05_left_right_audit.csv,5110,"case_232,ovary_left_vs_ovary_right,x_left > x_right,""dx0=-17.91mm, dz=0.00mm"",VIOLATED"
reports/phase1/05_left_right_audit.csv,5129,"case_233,ovary_left_vs_ovary_right,x_left > x_right,""dx0=-11.73mm, dz=0.00mm"",VIOLATED"
reports/phase1/05_left_right_audit.csv,5151,"case_234,ovary_left_vs_ovary_right,x_left > x_right,""dx0=-18.28mm, dz=0.00mm"",VIOLATED"
reports/phase1/05_left_right_audit.csv,5172,"case_235,ovary_left_vs_ovary_right,x_left > x_right,""dx0=-13.28mm, dz=0.32mm"",VIOLATED"
reports/phase1/05_left_right_audit.csv,5275,"case_239,ovary_left_vs_ovary_right,x_left > x_right,""dx0=-15.05mm, dz=0.00mm"",VIOLATED"
reports/phase1/05_left_right_audit.csv,5391,"case_244,ovary_left_vs_ovary_right,x_left > x_right,""dx0=-17.25mm, dz=0.00mm"",VIOLATED"
reports/phase1/05_left_right_audit.csv,5458,"case_247,ovary_left_vs_ovary_right,x_left > x_right,""dx0=-10.94mm, dz=0.00mm"",VIOLATED"
reports/phase1/05_left_right_audit.csv,5489,"case_248,ovary_left_vs_ovary_right,x_left > x_right,""dx0=-15.94mm, dz=0.00mm"",VIOLATED"
reports/phase1/05_left_right_audit.csv,5510,"case_249,ovary_left_vs_ovary_right,x_left > x_right,""dx0=-11.18mm, dz=0.00mm"",VIOLATED"
reports/phase1/05_left_right_audit.csv,5596,"case_253,ovary_left_vs_ovary_right,x_left > x_right,""dx0=-19.03mm, dz=0.00mm"",VIOLATED"
reports/phase1/05_left_right_audit.csv,5634,"case_255,ovary_left_vs_ovary_right,x_left > x_right,""dx0=-19.88mm, dz=0.00mm"",VIOLATED"
reports/phase1/05_left_right_audit.csv,5686,"case_257,ovary_left_vs_ovary_right,x_left > x_right,""dx0=-12.19mm, dz=0.00mm"",VIOLATED"
reports/phase1/05_left_right_audit.csv,5883,"case_266,ovary_left_vs_ovary_right,x_left > x_right,""dx0=-14.25mm, dz=0.00mm"",VIOLATED"
reports/phase1/05_left_right_audit.csv,5932,"case_268,ovary_left_vs_ovary_right,x_left > x_right,""dx0=-14.86mm, dz=0.00mm"",VIOLATED"
reports/phase1/05_left_right_audit.csv,5994,"case_270,ovary_left_vs_ovary_right,x_left > x_right,""dx0=-14.11mm, dz=0.00mm"",VIOLATED"
reports/phase1/05_left_right_audit.csv,6125,"case_277,ovary_left_vs_ovary_right,x_left > x_right,""dx0=-6.96mm, dz=0.00mm"",VIOLATED"
reports/phase1/05_left_right_audit.csv,6143,"case_278,ovary_left_vs_ovary_right,x_left > x_right,""dx0=-14.73mm, dz=0.00mm"",VIOLATED"
reports/phase1/05_left_right_audit.csv,6160,"case_279,ovary_left_vs_ovary_right,x_left > x_right,""dx0=-12.35mm, dz=0.00mm"",VIOLATED"
reports/phase1/05_left_right_audit.csv,6301,"case_287,ovary_left_vs_ovary_right,x_left > x_right,""dx0=-11.09mm, dz=0.00mm"",VIOLATED"
reports/phase1/05_left_right_audit.csv,6398,"case_292,ovary_left_vs_ovary_right,x_left > x_right,""dx0=-14.29mm, dz=0.00mm"",VIOLATED"
reports/phase1/05_left_right_audit.csv,6434,"case_294,ovary_left_vs_ovary_right,x_left > x_right,""dx0=-11.27mm, dz=0.00mm"",VIOLATED"
reports/phase1/05_left_right_audit.csv,6491,"case_297,ovary_left_vs_ovary_right,x_left > x_right,""dx0=-8.32mm, dz=0.00mm"",VIOLATED"
reports/phase1/05_left_right_audit.csv,6557,"case_301,ovary_left_vs_ovary_right,x_left > x_right,""dx0=-11.02mm, dz=0.00mm"",VIOLATED"
reports/phase1/05_left_right_audit.csv,6624,"case_305,ovary_left_vs_ovary_right,x_left > x_right,""dx0=-13.54mm, dz=0.00mm"",VIOLATED"
reports/phase1/05_left_right_audit.csv,6659,"case_307,ovary_left_vs_ovary_right,x_left > x_right,""dx0=-10.94mm, dz=0.00mm"",VIOLATED"
reports/phase1/05_left_right_audit.csv,6789,"case_313,ovary_left_vs_ovary_right,x_left > x_right,""dx0=-12.85mm, dz=0.00mm"",VIOLATED"
reports/phase1/05_left_right_audit.csv,6822,"case_315,ovary_left_vs_ovary_right,x_left > x_right,""dx0=-10.13mm, dz=0.00mm"",VIOLATED"
reports/phase1/05_left_right_audit.csv,6917,"case_320,ovary_left_vs_ovary_right,x_left > x_right,""dx0=-14.67mm, dz=0.00mm"",VIOLATED"
reports/phase1/05_left_right_audit.csv,6990,"case_324,ovary_left_vs_ovary_right,x_left > x_right,""dx0=-15.19mm, dz=0.00mm"",VIOLATED"
reports/phase1/05_left_right_audit.csv,7045,"case_327,ovary_left_vs_ovary_right,x_left > x_right,""dx0=-11.36mm, dz=0.12mm"",VIOLATED"
reports/phase1/05_left_right_audit.csv,7063,"case_328,ovary_left_vs_ovary_right,x_left > x_right,""dx0=-16.92mm, dz=0.00mm"",VIOLATED"
reports/phase1/05_left_right_audit.csv,7138,"case_332,ovary_left_vs_ovary_right,x_left > x_right,""dx0=-17.25mm, dz=0.00mm"",VIOLATED"
reports/phase1/05_left_right_audit.csv,7159,"case_333,ovary_left_vs_ovary_right,x_left > x_right,""dx0=-11.29mm, dz=0.00mm"",VIOLATED"
reports/phase1/05_left_right_audit.csv,7311,"case_341,ovary_left_vs_ovary_right,x_left > x_right,""dx0=-12.25mm, dz=0.00mm"",VIOLATED"
reports/phase1/05_left_right_audit.csv,7352,"case_343,ovary_left_vs_ovary_right,x_left > x_right,""dx0=-14.02mm, dz=0.00mm"",VIOLATED"
reports/phase1/05_left_right_audit.csv,7405,"case_346,ovary_left_vs_ovary_right,x_left > x_right,""dx0=-18.66mm, dz=0.00mm"",VIOLATED"
reports/phase1/05_left_right_audit.csv,7423,"case_347,ovary_left_vs_ovary_right,x_left > x_right,""dx0=-14.58mm, dz=0.00mm"",VIOLATED"
reports/phase1/05_left_right_audit.csv,7442,"case_348,ovary_left_vs_ovary_right,x_left > x_right,""dx0=-16.41mm, dz=0.00mm"",VIOLATED"
reports/phase1/05_left_right_audit.csv,7630,"case_358,ovary_left_vs_ovary_right,x_left > x_right,""dx0=-11.91mm, dz=0.00mm"",VIOLATED"
reports/phase1/05_left_right_audit.csv,7700,"case_361,ovary_left_vs_ovary_right,x_left > x_right,""dx0=-15.19mm, dz=0.00mm"",VIOLATED"
reports/phase1/05_left_right_audit.csv,7717,"case_362,ovary_left_vs_ovary_right,x_left > x_right,""dx0=-14.48mm, dz=0.00mm"",VIOLATED"
reports/phase1/05_left_right_audit.csv,7757,"case_364,ovary_left_vs_ovary_right,x_left > x_right,""dx0=-15.23mm, dz=0.00mm"",VIOLATED"
reports/phase1/05_left_right_audit.csv,7843,"case_368,ovary_left_vs_ovary_right,x_left > x_right,""dx0=-14.91mm, dz=1.05mm"",VIOLATED"
reports/phase1/05_left_right_audit.csv,7896,"case_370,ovary_left_vs_ovary_right,x_left > x_right,""dx0=-14.81mm, dz=0.00mm"",VIOLATED"
reports/phase1/05_left_right_audit.csv,8029,"case_376,ovary_left_vs_ovary_right,x_left > x_right,""dx0=-15.75mm, dz=0.00mm"",VIOLATED"
reports/phase1/05_left_right_audit.csv,8048,"case_377,ovary_left_vs_ovary_right,x_left > x_right,""dx0=-14.48mm, dz=0.00mm"",VIOLATED"
reports/phase1/05_left_right_audit.csv,8087,"case_379,ovary_left_vs_ovary_right,x_left > x_right,""dx0=-12.66mm, dz=0.00mm"",VIOLATED"
reports/phase1/05_left_right_audit.csv,8138,"case_381,ovary_left_vs_ovary_right,x_left > x_right,""dx0=-15.66mm, dz=0.00mm"",VIOLATED"
reports/phase1/05_left_right_audit.csv,8169,"case_382,ovary_left_vs_ovary_right,x_left > x_right,""dx0=-17.44mm, dz=0.00mm"",VIOLATED"
reports/phase1/05_left_right_audit.csv,8217,"case_384,ovary_left_vs_ovary_right,x_left > x_right,""dx0=-16.64mm, dz=0.00mm"",VIOLATED"
reports/phase1/05_left_right_audit.csv,8250,"case_386,ovary_left_vs_ovary_right,x_left > x_right,""dx0=-17.06mm, dz=0.00mm"",VIOLATED"
reports/phase1/05_left_right_audit.csv,8300,"case_388,ovary_left_vs_ovary_right,x_left > x_right,""dx0=-16.41mm, dz=0.00mm"",VIOLATED"
reports/phase1/05_left_right_audit.csv,8317,"case_389,ovary_left_vs_ovary_right,x_left > x_right,""dx0=-11.25mm, dz=0.00mm"",VIOLATED"
reports/phase1/05_left_right_audit.csv,8333,"case_390,ovary_left_vs_ovary_right,x_left > x_right,""dx0=-12.66mm, dz=0.00mm"",VIOLATED"
reports/phase1/05_left_right_audit.csv,8354,"case_391,ovary_left_vs_ovary_right,x_left > x_right,""dx0=-17.58mm, dz=0.00mm"",VIOLATED"
reports/phase1/05_left_right_audit.csv,8518,"case_399,ovary_left_vs_ovary_right,x_left > x_right,""dx0=-23.41mm, dz=0.03mm"",VIOLATED"
reports/phase1/05_left_right_audit.csv,8535,"case_400,ovary_left_vs_ovary_right,x_left > x_right,""dx0=-14.33mm, dz=0.00mm"",VIOLATED"
reports/phase1/05_left_right_audit.csv,8566,"case_401,ovary_left_vs_ovary_right,x_left > x_right,""dx0=-18.23mm, dz=0.00mm"",VIOLATED"
reports/phase1/05_left_right_audit.csv,8665,"case_406,ovary_left_vs_ovary_right,x_left > x_right,""dx0=-16.88mm, dz=0.00mm"",VIOLATED"
reports/phase1/05_left_right_audit.csv,8684,"case_407,ovary_left_vs_ovary_right,x_left > x_right,""dx0=-11.29mm, dz=0.00mm"",VIOLATED"
reports/phase1/05_left_right_audit.csv,8704,"case_408,ovary_left_vs_ovary_right,x_left > x_right,""dx0=-13.31mm, dz=0.00mm"",VIOLATED"
reports/phase1/05_left_right_audit.csv,8722,"case_409,ovary_left_vs_ovary_right,x_left > x_right,""dx0=-11.27mm, dz=0.00mm"",VIOLATED"
reports/phase1/05_left_right_audit.csv,8762,"case_411,ovary_left_vs_ovary_right,x_left > x_right,""dx0=-23.44mm, dz=0.00mm"",VIOLATED"
reports/phase1/05_left_right_audit.csv,8816,"case_413,ovary_left_vs_ovary_right,x_left > x_right,""dx0=-23.44mm, dz=0.00mm"",VIOLATED"
reports/phase1/05_left_right_audit.csv,8840,"case_414,ovary_left_vs_ovary_right,x_left > x_right,""dx0=-16.12mm, dz=0.00mm"",VIOLATED"
reports/phase1/05_left_right_audit.csv,8864,"case_415,ovary_left_vs_ovary_right,x_left > x_right,""dx0=-19.12mm, dz=0.00mm"",VIOLATED"
reports/phase1/05_left_right_audit.csv,8888,"case_416,ovary_left_vs_ovary_right,x_left > x_right,""dx0=-20.53mm, dz=0.00mm"",VIOLATED"
reports/phase1/05_left_right_audit.csv,8911,"case_417,ovary_left_vs_ovary_right,x_left > x_right,""dx0=-16.22mm, dz=0.00mm"",VIOLATED"
reports/phase1/05_left_right_audit.csv,8994,"case_421,ovary_left_vs_ovary_right,x_left > x_right,""dx0=-14.57mm, dz=0.00mm"",VIOLATED"
reports/phase1/05_left_right_audit.csv,9014,"case_422,ovary_left_vs_ovary_right,x_left > x_right,""dx0=-13.84mm, dz=0.00mm"",VIOLATED"
reports/phase1/05_left_right_audit.csv,9071,"case_426,ovary_left_vs_ovary_right,x_left > x_right,""dx0=-16.92mm, dz=0.00mm"",VIOLATED"
reports/phase1/05_left_right_audit.csv,9109,"case_428,ovary_left_vs_ovary_right,x_left > x_right,""dx0=0.00mm, dz=0.00mm"",VIOLATED"
reports/phase1/05_left_right_audit.csv,9126,"case_429,ovary_left_vs_ovary_right,x_left > x_right,""dx0=-17.81mm, dz=0.00mm"",VIOLATED"
reports/phase1/05_left_right_audit.csv,9144,"case_430,ovary_left_vs_ovary_right,x_left > x_right,""dx0=-23.44mm, dz=0.00mm"",VIOLATED"
reports/phase1/05_left_right_audit.csv,9162,"case_431,ovary_left_vs_ovary_right,x_left > x_right,""dx0=-18.75mm, dz=0.00mm"",VIOLATED"
reports/phase1/05_left_right_audit.csv,9182,"case_432,ovary_left_vs_ovary_right,x_left > x_right,""dx0=-15.38mm, dz=0.00mm"",VIOLATED"
reports/phase1/05_left_right_audit.csv,9187,"case_433,ovary_left_vs_ovary_right,x_left > x_right,""dx0=-25.78mm, dz=6.00mm"",VIOLATED"
reports/phase1/05_left_right_audit.csv,9214,"case_435,ovary_left_vs_ovary_right,x_left > x_right,""dx0=-27.64mm, dz=0.37mm"",VIOLATED"
reports/phase1/05_left_right_audit.csv,9236,"case_438,ovary_left_vs_ovary_right,x_left > x_right,""dx0=-24.34mm, dz=-0.08mm"",VIOLATED"
reports/phase1/05_left_right_audit.csv,9302,"case_443,ovary_left_vs_ovary_right,x_left > x_right,""dx0=-20.16mm, dz=0.00mm"",VIOLATED"
reports/phase1/05_left_right_audit.csv,9352,"case_449,ovary_left_vs_ovary_right,x_left > x_right,""dx0=-23.39mm, dz=0.00mm"",VIOLATED"
reports/phase1/05_left_right_audit.csv,9365,"case_450,ovary_left_vs_ovary_right,x_left > x_right,""dx0=-17.30mm, dz=-0.02mm"",VIOLATED"
reports/phase1/05_left_right_audit.csv,9388,"case_451,ovary_left_vs_ovary_right,x_left > x_right,""dx0=-23.44mm, dz=0.00mm"",VIOLATED"
reports/phase1/05_left_right_audit.csv,9412,"case_452,ovary_left_vs_ovary_right,x_left > x_right,""dx0=-23.44mm, dz=0.00mm"",VIOLATED"
reports/phase1/05_left_right_audit.csv,9434,"case_454,ovary_left_vs_ovary_right,x_left > x_right,""dx0=-23.44mm, dz=0.00mm"",VIOLATED"
reports/phase1/05_left_right_audit.csv,9488,"case_458,ovary_left_vs_ovary_right,x_left > x_right,""dx0=-20.85mm, dz=0.10mm"",VIOLATED"
reports/phase1/05_left_right_audit.csv,9512,"case_459,ovary_left_vs_ovary_right,x_left > x_right,""dx0=-18.47mm, dz=0.00mm"",VIOLATED"
reports/phase1/05_left_right_audit.csv,9553,"case_463,ovary_left_vs_ovary_right,x_left > x_right,""dx0=-18.94mm, dz=0.00mm"",VIOLATED"
reports/phase1/06_split_leakage_audit.md,25,"- **`case_100` (Train) vs `case_408` (Val)**: Exact identical CT volume (SHA256 `968e99b7...`). In `case_100`, sex is labeled **Male (1)** with no female pelvic organs. In `case_408`, sex is labeled **Female (0)** with synthetic uterus, ovaries, and vagina injected into the segmentation mask! This injects identical physical anatomy into both Train and Validation under contradictory ground truth!"
reports/phase1/PHASE_1_GEOMETRY_AUDIT_FINAL.md,51,"   - **Severe Biological Contradiction**: `case_100` (Train) is labeled **Male** (sex=1) from DICOM header without female organs, while its duplicate `case_408` (Val) is labeled **Female** (sex=0) with synthetic uterus, ovaries, and vagina injected into its segmentation mask!"
reports/phase1/PHASE_1_GEOMETRY_AUDIT_FINAL.md,116,"- **Missing Target Patterns**: High thoracic structures (`heart`, `thyroid_gland`, `brain`, `skull`) are missing in >90% of cases due to abdominal CT scan truncation; female pelvic organs (`uterus`, `ovary_left`, `ovary_right`, `vagina`) are present in 181 female cases and strictly masked out in all 269 male cases. `[DATA-VERIFIED]`"
reports/phase1/PHASE_1_GEOMETRY_AUDIT_FINAL.md,212,"- Biological sex indices (`prostate`: 21, `uterus`: 117, `ovary_left`: 118, `ovary_right`: 119, `vagina`: 120) align perfectly with `ORGAN_NAMES`. `[CODE-VERIFIED]`"
reports/phase1/target_statistics.csv,119,"117,uterus,181,269,172.06761169433594,6.241469860076904,1199.8875732421875,67.65265655517578,127.37525939941406,1032.6246337890625"
reports/phase1/target_statistics.csv,120,"118,ovary_left,180,270,163.50320434570312,5.682516574859619,1204.0323486328125,68.12641906738281,127.6009750366211,1033.30615234375"
reports/phase1/target_statistics.csv,121,"119,ovary_right,179,271,178.58660888671875,6.55756139755249,1207.458251953125,66.58110809326172,127.70355987548828,1035.185302734375"
reports/phase1/target_statistics.csv,122,"120,vagina,179,271,171.94398498535156,4.376804828643799,1182.619384765625,67.27613067626953,127.24349975585938,1020.6792602539062"
reports/phase1/target_statistics_train_split.csv,119,"117,uterus,145,215,175.0782928466797,1.1936531066894531,1179.7694091796875,66.82917785644531,130.9344482421875,1027.6463623046875"
reports/phase1/target_statistics_train_split.csv,120,"118,ovary_left,144,216,166.5456085205078,0.45650947093963623,1184.935302734375,67.41007995605469,131.20272827148438,1028.6444091796875"
reports/phase1/target_statistics_train_split.csv,121,"119,ovary_right,143,217,181.42857360839844,1.514593243598938,1189.086181640625,65.66341400146484,131.3950958251953,1031.0413818359375"
reports/phase1/target_statistics_train_split.csv,122,"120,vagina,143,217,174.9593963623047,-1.0236884355545044,1165.4835205078125,66.3513412475586,130.70257568359375,1015.4055786132812"
reports/phase11/amos/04_AMOS_demographics.md,18,"  1. Spleen, 2. Right Kidney, 3. Left Kidney, 4. Gallbladder, 5. Esophagus, 6. Liver, 7. Stomach, 8. Aorta, 9. Inferior Vena Cava, 10. Pancreas, 11. Right Adrenal Gland, 12. Left Adrenal Gland, 13. Duodenum, 14. Bladder, 15. Prostate/Uterus."
reports/phase11/amos/04_AMOS_target_mapping.md,25,| 15 | prostate/uterus | `prostate` | 21 | NO | SEX_SPECIFIC_MATCH | YES |
reports/phase11/amos/04_AMOS_target_mapping.md,29,"- **Secondary / Auxiliary Targets:** AMOS label 15 (`prostate/uterus`) represents male prostate and female uterus. In Phase 10R, slot 21 corresponds to `prostate` (non-primary target). For female patients, uterus is excluded from model error evaluation as it is not in the 117-target ontology."
reports/phase11/mappings/AMOS_target_mapping.csv,16,"15,prostate/uterus,prostate,21,SEX_SPECIFIC_MATCH,Male prostate maps to slot 21; female uterus not in 117-ontology,YES,NO"
reports/phase11/tables/Table02_Target_Mapping.csv,16,"15,prostate/uterus,prostate,21,SEX_SPECIFIC_MATCH,Male prostate maps to slot 21; female uterus not in 117-ontology,YES,NO"
reports/phase11/tables/Table02_Target_Mapping.md,19,|              15 | prostate/uterus     | prostate               |                      21 | SEX_SPECIFIC_MATCH | Male prostate maps to slot 21; female uterus not in 117-ontology | YES            | NO                               |
reports/phase12/PHASE12_EXTERNAL_GENERALIZATION_FINAL.md,110,"The most difficult remaining structures are `aorta` (MRE 42.1 mm), `esophagus` (MRE 38.4 mm), and `prostate/uterus` (MRE 34.2 mm)."
reports/phase12/PHASE12_EXTERNAL_GENERALIZATION_FINAL.md,113,"**NO.** Only 8 of 15 structures are exact matches. AMOS labels only abdominal segments of `aorta` and `esophagus` (truncating thoracic components), while conflating male `prostate` and female `uterus` into a single class."
reports/phase12/07_target_equivalence/07_TARGET_DEFINITION_AUDIT.md,8,"> - **3 structures (20.0%)** are **NON-EQUIVALENT**: `esophagus`, `aorta`, `prostate/uterus`."
reports/phase12/07_target_equivalence/07_TARGET_DEFINITION_AUDIT.md,9,"> For `aorta` and `esophagus`, the discrepancy is **structural FOV truncation** (AMOS segments abdominal segments only, whereas Dataset V3 / TotalSegmentator segments the full thoracic+abdominal structures). For `prostate/uterus`, AMOS conflates two biologically distinct sex organs into a single class."
reports/phase12/07_target_equivalence/07_TARGET_DEFINITION_AUDIT.md,31,| 15 | **prostate/uterus** | 21 (`prostate`) | **NON-EQUIVALENT** | High (pelvic boundary) | **~35.0 mm** | AMOS assigns label 15 to male prostate AND female uterus. TotalSegmentator and Phase-10R separate them into distinct target slots (slot 21 is male prostate; female uterus is slot 116). Centroid discrepancy in females exceeds 35 mm! |
reports/phase12/07_target_equivalence/07_TARGET_DEFINITION_AUDIT.md,47,### C. Prostate / Uterus (Discrepancy: ~35.0 mm)
reports/phase12/07_target_equivalence/07_TARGET_DEFINITION_AUDIT.md,48,- AMOS labels both male prostate and female uterus as class 15.
reports/phase12/07_target_equivalence/07_TARGET_DEFINITION_AUDIT.md,50,"- When evaluated on female AMOS cases with uterus ground truth, the model evaluates male prostate queries against female uterus anatomy, causing biological false-mismatch error."
reports/phase12/07_target_equivalence/TARGET_EQUIVALENCE.csv,16,"15,prostate/uterus,21,prostate,prostate / uterus,NON-EQUIVALENT,""Conflated sex organs (prostate in males, uterus in females)"",Excluded,High (pelvic boundary),YES (CRITICAL MISMATCH),35.0,AMOS assigns label 15 to male prostate AND female uterus. TotalSegmentator and Phase-10R separate them into distinct target slots (slot 21 is male prostate; female uterus is slot 116). Centroid discrepancy in females exceeds 35 mm!"
reports/phase12c/01_EXACT8_TARGET_FREEZE.json,12,"    ""prostate/uterus (NON-EQUIVALENT: sex-conflated)"""
reports/phase1r/02_target_coordinate_validation.csv,172,"case_001,117,uterus,164.16920473773266,221.0524534686971,62.0,89.00208154668664,-23.028474978989152,1830.5,0.0"
reports/phase1r/02_target_coordinate_validation.csv,173,"case_001,118,ovary_left,164.0,221.0,74.0,89.13439965248108,-23.06949359178543,1890.5,0.0"
reports/phase1r/02_target_coordinate_validation.csv,174,"case_001,119,ovary_right,164.0,221.0,50.0,89.13439965248108,-23.06949359178543,1770.5,0.0"
reports/phase1r/02_target_coordinate_validation.csv,175,"case_001,120,vagina,156.0,219.0,62.0,95.39039969444275,-24.63349360227585,1830.5,0.0"
reports/phase1r/02_target_coordinate_validation.csv,1590,"case_019,117,uterus,260.1692047377327,262.05245346869714,18.0,-1.694918956853428,5.127336271220656,1186.5,0.0"
reports/phase1r/02_target_coordinate_validation.csv,1591,"case_019,118,ovary_left,260.0,262.0,30.0,-1.56260085105896,5.086317658424377,1246.5,0.0"
reports/phase1r/02_target_coordinate_validation.csv,1592,"case_019,119,ovary_right,260.0,262.0,6.0,-1.56260085105896,5.086317658424377,1126.5,0.0"
reports/phase1r/02_target_coordinate_validation.csv,1593,"case_019,120,vagina,252.0,260.0,18.0,4.69339919090271,3.52231764793396,1186.5,0.0"
reports/phase1r/02_target_coordinate_validation.csv,1661,"case_020,117,uterus,247.16920473773266,270.05245346869714,20.0,-11.060214665032873,11.383336313182326,1189.0,0.0"
reports/phase1r/02_target_coordinate_validation.csv,1662,"case_020,118,ovary_left,247.0,270.0,32.0,-10.927896559238434,11.342317700386047,1249.0,0.0"
reports/phase1r/02_target_coordinate_validation.csv,1663,"case_020,119,ovary_right,247.0,270.0,8.0,-10.927896559238434,11.342317700386047,1129.0,0.0"
reports/phase1r/02_target_coordinate_validation.csv,1664,"case_020,120,vagina,239.0,268.0,20.0,-4.671896517276764,9.77831768989563,1189.0,0.0"
reports/phase1r/02_target_coordinate_validation.csv,2071,"case_024,117,uterus,255.16920473773266,263.05245346869714,14.0,-27.790871768937706,7.079482437592077,1180.0,0.0"
reports/phase1r/02_target_coordinate_validation.csv,2072,"case_024,118,ovary_left,255.0,263.0,26.0,-27.637403070926666,7.031907141208649,1240.0,0.0"
reports/phase1r/02_target_coordinate_validation.csv,2073,"case_024,119,ovary_right,255.0,263.0,5.0,-27.637403070926666,7.031907141208649,1135.0,0.0"
reports/phase1r/02_target_coordinate_validation.csv,2074,"case_024,120,vagina,247.0,261.0,14.0,-20.381403028964996,5.217907130718231,1180.0,0.0"
reports/phase1r/02_target_coordinate_validation.csv,2181,"case_025,117,uterus,279.1692047377327,240.0524534686971,15.0,-1.5330974952823908,16.230405078321525,1442.0,0.0"
reports/phase1r/02_target_coordinate_validation.csv,2182,"case_025,118,ovary_left,279.0,240.0,27.0,-1.3885966539382935,16.185609817504883,1502.0,0.0"
reports/phase1r/02_target_coordinate_validation.csv,2183,"case_025,119,ovary_right,279.0,240.0,5.0,-1.3885966539382935,16.185609817504883,1392.0,0.0"
reports/phase1r/02_target_coordinate_validation.csv,2184,"case_025,120,vagina,271.0,238.0,15.0,5.443403124809265,14.477609872817993,1442.0,0.0"
reports/phase1r/02_target_coordinate_validation.csv,2524,"case_029,117,uterus,402.1692047377327,361.05245346869714,16.0,12.283008142977991,-162.94562314932318,101.5,0.0"
reports/phase1r/02_target_coordinate_validation.csv,2525,"case_029,118,ovary_left,402.0,361.0,28.0,12.3828125,-162.9765625,161.5,0.0"
reports/phase1r/02_target_coordinate_validation.csv,2526,"case_029,119,ovary_right,402.0,361.0,5.0,12.3828125,-162.9765625,46.5,0.0"
reports/phase1r/02_target_coordinate_validation.csv,2527,"case_029,120,vagina,394.0,359.0,16.0,17.1015625,-164.15625,101.5,0.0"
reports/phase1r/02_target_coordinate_validation.csv,2635,"case_030,117,uterus,253.16920473773266,227.0524534686971,20.0,1.8841452185070864,-22.153734438713855,1422.5,0.0"
reports/phase1r/02_target_coordinate_validation.csv,2636,"case_030,118,ovary_left,253.0,227.0,32.0,2.0162941217422485,-22.194700598716736,1482.5,0.0"
reports/phase1r/02_target_coordinate_validation.csv,2637,"case_030,119,ovary_right,253.0,227.0,8.0,2.0162941217422485,-22.194700598716736,1362.5,0.0"
reports/phase1r/02_target_coordinate_validation.csv,2638,"case_030,120,vagina,245.0,225.0,20.0,8.264294266700745,-23.75670063495636,1422.5,0.0"
reports/phase1r/02_target_coordinate_validation.csv,2710,"case_031,117,uterus,399.1692047377327,314.05245346869714,24.0,-8.789440126891066,-193.95007185675772,110.0,0.0"
reports/phase1r/02_target_coordinate_validation.csv,2711,"case_031,118,ovary_left,399.0,314.0,36.0,-8.691398322582245,-193.98046481609344,170.0,0.0"
reports/phase1r/02_target_coordinate_validation.csv,2712,"case_031,119,ovary_right,399.0,314.0,12.0,-8.691398322582245,-193.98046481609344,50.0,0.0"
reports/phase1r/02_target_coordinate_validation.csv,2713,"case_031,120,vagina,391.0,312.0,24.0,-4.055981814861298,-195.13931894302368,110.0,0.0"
reports/phase1r/02_target_coordinate_validation.csv,2855,"case_033,117,uterus,263.1721170395869,209.05335628227195,11.070567986230637,1.357103615434994,-39.14233510506543,1347.852839931153,0.0"
reports/phase1r/02_target_coordinate_validation.csv,2856,"case_033,118,ovary_left,263.0,209.0,23.0,1.5021982789039612,-39.187314450740814,1407.5,0.0"
reports/phase1r/02_target_coordinate_validation.csv,2857,"case_033,119,ovary_right,263.0,209.0,5.0,1.5021982789039612,-39.187314450740814,1317.5,0.0"
reports/phase1r/02_target_coordinate_validation.csv,2858,"case_033,120,vagina,255.0,207.0,11.0,8.246198236942291,-40.8733144402504,1347.5,0.0"
reports/phase1r/02_target_coordinate_validation.csv,2964,"case_034,117,uterus,346.1692047377327,325.05245346869714,51.0,42.21095071912012,-189.42648847292725,-20.5,0.0"
reports/phase1r/02_target_coordinate_validation.csv,2965,"case_034,118,ovary_left,346.0,325.0,63.0,42.296875,-189.453125,39.5,0.0"
reports/phase1r/02_target_coordinate_validation.csv,2966,"case_034,119,ovary_right,346.0,325.0,39.0,42.296875,-189.453125,-80.5,0.0"
reports/phase1r/02_target_coordinate_validation.csv,2967,"case_034,120,vagina,338.0,323.0,51.0,46.359375,-190.46875,-20.5,0.0"
reports/phase1r/02_target_coordinate_validation.csv,3193,"case_037,117,uterus,374.1692047377327,382.05245346869714,16.0,-5.214174805760592,-169.557673196603,146.49993896484375,0.0"
reports/phase1r/02_target_coordinate_validation.csv,3194,"case_037,118,ovary_left,374.0,382.0,28.0,-5.114590764045715,-169.5885442495346,206.49993896484375,0.0"
reports/phase1r/02_target_coordinate_validation.csv,3195,"case_037,119,ovary_right,374.0,382.0,5.0,-5.114590764045715,-169.5885442495346,91.49993896484375,0.0"
reports/phase1r/02_target_coordinate_validation.csv,3196,"case_037,120,vagina,366.0,380.0,16.0,-0.4062572717666626,-170.76562762260437,146.49993896484375,0.0"
reports/phase1r/02_target_coordinate_validation.csv,3272,"case_038,117,uterus,370.1692047377327,352.05245346869714,25.0,8.986422505475531,-139.10784281056544,155.50006103515625,0.0"
reports/phase1r/02_target_coordinate_validation.csv,3273,"case_038,118,ovary_left,370.0,352.0,37.0,9.096361517906189,-139.14192390441895,215.50006103515625,0.0"
reports/phase1r/02_target_coordinate_validation.csv,3274,"case_038,119,ovary_right,370.0,352.0,13.0,9.096361517906189,-139.14192390441895,95.50006103515625,0.0"
reports/phase1r/02_target_coordinate_validation.csv,3275,"case_038,120,vagina,362.0,350.0,25.0,14.294278025627136,-140.44140303134918,155.50006103515625,0.0"
reports/phase1r/02_target_coordinate_validation.csv,3348,"case_039,117,uterus,361.1692047377327,379.05245346869714,19.0,31.59376321912012,-171.00461347292725,97.99993896484375,0.0"
reports/phase1r/02_target_coordinate_validation.csv,3349,"case_039,118,ovary_left,361.0,379.0,31.0,31.6796875,-171.03125,157.99993896484375,0.0"
reports/phase1r/02_target_coordinate_validation.csv,3350,"case_039,119,ovary_right,361.0,379.0,7.0,31.6796875,-171.03125,37.99993896484375,0.0"
reports/phase1r/02_target_coordinate_validation.csv,3351,"case_039,120,vagina,353.0,377.0,19.0,35.7421875,-172.046875,97.99993896484375,0.0"
reports/phase1r/02_target_coordinate_validation.csv,3434,"case_040,117,uterus,376.1692047377327,396.05245346869714,17.0,21.435411379018603,-162.60700877749576,97.0,0.0"
reports/phase1r/02_target_coordinate_validation.csv,3435,"case_040,118,ovary_left,376.0,396.0,29.0,21.53125,-162.63671875,157.0,0.0"
reports/phase1r/02_target_coordinate_validation.csv,3436,"case_040,119,ovary_right,376.0,396.0,5.0,21.53125,-162.63671875,37.0,0.0"
reports/phase1r/02_target_coordinate_validation.csv,3437,"case_040,120,vagina,368.0,394.0,17.0,26.0625,-163.76953125,97.0,0.0"
reports/phase1r/02_target_coordinate_validation.csv,3597,"case_042,117,uterus,395.1692047377327,409.05245346869714,14.0,-6.257066581152458,-152.0726876930537,183.50006103515625,0.0"
reports/phase1r/02_target_coordinate_validation.csv,3598,"case_042,118,ovary_left,395.0,409.0,26.0,-6.147127568721771,-152.1067687869072,243.50006103515625,0.0"
reports/phase1r/02_target_coordinate_validation.csv,3599,"case_042,119,ovary_right,395.0,409.0,5.0,-6.147127568721771,-152.1067687869072,138.50006103515625,0.0"
reports/phase1r/02_target_coordinate_validation.csv,3600,"case_042,120,vagina,387.0,407.0,14.0,-0.949211061000824,-153.40624791383743,183.50006103515625,0.0"
reports/phase1r/02_target_coordinate_validation.csv,3756,"case_044,117,uterus,248.16920473773266,231.0524534686971,31.0,5.865769874020884,-22.23479674915373,1366.5,0.0"
reports/phase1r/02_target_coordinate_validation.csv,3757,"case_044,118,ovary_left,248.0,231.0,43.0,6.020592212677002,-22.282791674137115,1426.5,0.0"
reports/phase1r/02_target_coordinate_validation.csv,3758,"case_044,119,ovary_right,248.0,231.0,19.0,6.020592212677002,-22.282791674137115,1306.5,0.0"
reports/phase1r/02_target_coordinate_validation.csv,3759,"case_044,120,vagina,240.0,229.0,31.0,13.340592384338379,-24.11279171705246,1366.5,0.0"
reports/phase1r/02_target_coordinate_validation.csv,3830,"case_045,117,uterus,410.1692047377327,375.05245346869714,15.0,10.96274918287537,-159.1741866605536,99.50006103515625,0.0"
reports/phase1r/02_target_coordinate_validation.csv,3831,"case_045,118,ovary_left,410.0,375.0,27.0,11.072908520698547,-159.20833605527878,159.50006103515625,0.0"
reports/phase1r/02_target_coordinate_validation.csv,3832,"case_045,119,ovary_right,410.0,375.0,5.0,11.072908520698547,-159.20833605527878,49.50006103515625,0.0"
reports/phase1r/02_target_coordinate_validation.csv,3833,"case_045,120,vagina,402.0,373.0,15.0,16.2812420129776,-160.51041942834854,99.50006103515625,0.0"
reports/phase1r/02_target_coordinate_validation.csv,4122,"case_049,117,uterus,262.1692047377327,259.05245346869714,19.0,5.5300824974999045,2.78133625548503,1127.0,0.0"
reports/phase1r/02_target_coordinate_validation.csv,4123,"case_049,118,ovary_left,262.0,259.0,31.0,5.662400603294373,2.740317642688751,1187.0,0.0"
reports/phase1r/02_target_coordinate_validation.csv,4124,"case_049,119,ovary_right,262.0,259.0,7.0,5.662400603294373,2.740317642688751,1067.0,0.0"
reports/phase1r/02_target_coordinate_validation.csv,4125,"case_049,120,vagina,254.0,257.0,19.0,11.918400645256042,1.1763176321983337,1127.0,0.0"
reports/phase1r/02_target_coordinate_validation.csv,4202,"case_050,117,uterus,275.1721170395869,229.05335628227195,11.070567986230637,-5.614696455596857,-48.021768936807234,1245.852839931153,0.0"
reports/phase1r/02_target_coordinate_validation.csv,4203,"case_050,118,ovary_left,275.0,229.0,23.0,-5.480100929737091,-48.06349354982376,1305.5,0.0"
reports/phase1r/02_target_coordinate_validation.csv,4204,"case_050,119,ovary_right,275.0,229.0,5.0,-5.480100929737091,-48.06349354982376,1215.5,0.0"
reports/phase1r/02_target_coordinate_validation.csv,4205,"case_050,120,vagina,267.0,227.0,11.0,0.7758991122245789,-49.62749356031418,1245.5,0.0"
reports/phase1r/02_target_coordinate_validation.csv,4344,"case_052,117,uterus,261.1692047377327,214.0524534686971,16.0,-14.195714738465824,-32.40866398054936,1235.5,0.0"
reports/phase1r/02_target_coordinate_validation.csv,4345,"case_052,118,ovary_left,261.0,214.0,28.0,-14.063396632671356,-32.44968259334564,1295.5,0.0"
reports/phase1r/02_target_coordinate_validation.csv,4346,"case_052,119,ovary_right,261.0,214.0,5.0,-14.063396632671356,-32.44968259334564,1180.5,0.0"
reports/phase1r/02_target_coordinate_validation.csv,4347,"case_052,120,vagina,253.0,212.0,16.0,-7.807396590709686,-34.01368260383606,1235.5,0.0"
reports/phase1r/02_target_coordinate_validation.csv,4454,"case_053,117,uterus,269.1692047377327,246.0524534686971,16.0,-17.407190789426068,-7.9425006051959315,1346.0,0.0"
reports/phase1r/02_target_coordinate_validation.csv,4455,"case_053,118,ovary_left,269.0,246.0,28.0,-17.26268994808197,-7.987295866012573,1406.0,0.0"
reports/phase1r/02_target_coordinate_validation.csv,4456,"case_053,119,ovary_right,269.0,246.0,5.0,-17.26268994808197,-7.987295866012573,1291.0,0.0"
reports/phase1r/02_target_coordinate_validation.csv,4457,"case_053,120,vagina,261.0,244.0,16.0,-10.430690169334412,-9.695295810699463,1346.0,0.0"
reports/phase1r/02_target_coordinate_validation.csv,4535,"case_054,117,uterus,245.16920473773266,246.0524534686971,14.0,1.9452316667222647,-22.510712091995373,1272.0,0.0"
reports/phase1r/02_target_coordinate_validation.csv,4536,"case_054,118,ovary_left,245.0,246.0,26.0,2.054199516773224,-22.54449212551117,1332.0,0.0"
reports/phase1r/02_target_coordinate_validation.csv,4537,"case_054,119,ovary_right,245.0,246.0,5.0,2.054199516773224,-22.54449212551117,1227.0,0.0"
reports/phase1r/02_target_coordinate_validation.csv,4538,"case_054,120,vagina,237.0,244.0,14.0,7.206199467182159,-23.832492113113403,1272.0,0.0"
reports/phase1r/02_target_coordinate_validation.csv,4615,"case_055,117,uterus,260.1692047377327,215.0524534686971,17.0,16.78976998756781,-32.37648412217143,1318.0,0.0"
reports/phase1r/02_target_coordinate_validation.csv,4616,"case_055,118,ovary_left,260.0,215.0,29.0,16.925302982330322,-32.41849935054779,1378.0,0.0"
reports/phase1r/02_target_coordinate_validation.csv,4617,"case_055,119,ovary_right,260.0,215.0,5.0,16.925302982330322,-32.41849935054779,1258.0,0.0"
reports/phase1r/02_target_coordinate_validation.csv,4618,"case_055,120,vagina,252.0,213.0,17.0,23.333302974700928,-34.02049934864044,1318.0,0.0"
reports/phase1r/02_target_coordinate_validation.csv,4725,"case_056,117,uterus,280.1692047377327,228.0524534686971,17.0,13.687824670029954,-22.81180195023768,382.0,0.0"
reports/phase1r/02_target_coordinate_validation.csv,4726,"case_056,118,ovary_left,280.0,228.0,29.0,13.829110622406006,-22.855600595474243,442.0,0.0"
reports/phase1r/02_target_coordinate_validation.csv,4727,"case_056,119,ovary_right,280.0,228.0,5.0,13.829110622406006,-22.855600595474243,322.0,0.0"
reports/phase1r/02_target_coordinate_validation.csv,4728,"case_056,120,vagina,272.0,226.0,17.0,20.50911045074463,-24.5256005525589,382.0,0.0"
reports/phase1r/02_target_coordinate_validation.csv,5025,"case_060,117,uterus,387.1692047377327,353.05245346869714,17.0,-0.5309531299898538,-179.46683181209613,68.49993896484375,0.0"
reports/phase1r/02_target_coordinate_validation.csv,5026,"case_060,118,ovary_left,387.0,353.0,28.756756756756758,-0.449214905500412,-179.49217066168785,127.28372274862755,0.0"
reports/phase1r/02_target_coordinate_validation.csv,5027,"case_060,119,ovary_right,387.0,353.0,5.0,-0.449214905500412,-179.49217066168785,8.49993896484375,0.0"
reports/phase1r/02_target_coordinate_validation.csv,5028,"case_060,120,vagina,379.0,351.0,17.0,3.4153683483600616,-180.45831647515297,68.49993896484375,0.0"
reports/phase1r/02_target_coordinate_validation.csv,5103,"case_061,117,uterus,389.1692047377327,374.05245346869714,21.0,-3.365375399892116,-147.82522834708848,127.0,0.0"
reports/phase1r/02_target_coordinate_validation.csv,5104,"case_061,118,ovary_left,389.0,374.0,33.0,-3.255216062068939,-147.85937774181366,187.0,0.0"
reports/phase1r/02_target_coordinate_validation.csv,5105,"case_061,119,ovary_right,389.0,374.0,9.0,-3.255216062068939,-147.85937774181366,67.0,0.0"
reports/phase1r/02_target_coordinate_validation.csv,5106,"case_061,120,vagina,381.0,372.0,21.0,1.9531174302101135,-149.16146111488342,127.0,0.0"
reports/phase1r/02_target_coordinate_validation.csv,5325,"case_064,117,uterus,424.1692047377327,430.05245346869714,14.0,-5.967533840947567,-143.26818950930624,137.5,0.0"
reports/phase1r/02_target_coordinate_validation.csv,5326,"case_064,118,ovary_left,424.0,430.0,26.0,-5.875,-143.296875,197.5,0.0"
reports/phase1r/02_target_coordinate_validation.csv,5327,"case_064,119,ovary_right,424.35897435897436,430.0,4.0,-6.071314102564116,-143.296875,87.5,0.0"
reports/phase1r/02_target_coordinate_validation.csv,5328,"case_064,120,vagina,416.0,428.0,14.0,-1.5,-144.390625,137.5,0.0"
reports/phase1r/02_target_coordinate_validation.csv,5559,"case_067,117,uterus,257.1692047377327,245.0524534686971,16.0,9.440082523725948,-26.721366576736955,-596.5,0.0"
reports/phase1r/02_target_coordinate_validation.csv,5560,"case_067,118,ovary_left,257.0,245.0,28.0,9.572400629520416,-26.762385189533234,-536.5,0.0"
reports/phase1r/02_target_coordinate_validation.csv,5561,"case_067,119,ovary_right,257.0,245.0,5.0,9.572400629520416,-26.762385189533234,-651.5,0.0"
reports/phase1r/02_target_coordinate_validation.csv,5562,"case_067,120,vagina,249.0,243.0,16.0,15.828400671482086,-28.32638520002365,-596.5,0.0"
reports/phase1r/02_target_coordinate_validation.csv,5873,"case_071,117,uterus,271.1694915254237,217.05254237288136,12.008474576271187,7.649081486766647,-36.359873358880066,1323.542372881356,0.0"
reports/phase1r/02_target_coordinate_validation.csv,5874,"case_071,118,ovary_left,271.0,217.0,24.0,7.809420466423035,-36.40957844257355,1383.5,0.0"
reports/phase1r/02_target_coordinate_validation.csv,5875,"case_071,119,ovary_right,271.0,217.0,5.0,7.809420466423035,-36.40957844257355,1288.5,0.0"
reports/phase1r/02_target_coordinate_validation.csv,5876,"case_071,120,vagina,263.0,215.0,12.0,15.37742030620575,-38.301578402519226,1323.5,0.0"
reports/phase1r/02_target_coordinate_validation.csv,5951,"case_072,117,uterus,277.17857142857144,241.05535714285713,10.207142857142857,-12.066541039517972,-11.29239316572037,1340.5357142857142,0.0"
reports/phase1r/02_target_coordinate_validation.csv,5952,"case_072,118,ovary_left,277.0,241.0,22.0,-11.926898181438446,-11.335682451725006,1399.5,0.0"
reports/phase1r/02_target_coordinate_validation.csv,5953,"case_072,119,ovary_right,277.0,241.0,5.0,-11.926898181438446,-11.335682451725006,1314.5,0.0"
reports/phase1r/02_target_coordinate_validation.csv,5954,"case_072,120,vagina,269.0,239.0,10.0,-5.670898139476776,-12.899682462215424,1339.5,0.0"
reports/phase1r/02_target_coordinate_validation.csv,6062,"case_073,117,uterus,256.1692047377327,225.0524534686971,20.0,-4.426324453450718,-23.806663922852067,1291.5,0.0"
reports/phase1r/02_target_coordinate_validation.csv,6063,"case_073,118,ovary_left,256.0,225.0,32.0,-4.29400634765625,-23.847682535648346,1351.5,0.0"
reports/phase1r/02_target_coordinate_validation.csv,6064,"case_073,119,ovary_right,256.0,225.0,8.0,-4.29400634765625,-23.847682535648346,1231.5,0.0"
reports/phase1r/02_target_coordinate_validation.csv,6065,"case_073,120,vagina,248.0,223.0,20.0,1.96199369430542,-25.411682546138763,1291.5,0.0"
reports/phase1r/02_target_coordinate_validation.csv,6144,"case_074,117,uterus,265.1692047377327,253.0524534686971,13.0,8.83367703045684,-153.73453362944164,118.49993896484375,0.0"
reports/phase1r/02_target_coordinate_validation.csv,6145,"case_074,118,ovary_left,265.0,253.0,25.0,8.984375,-153.78125,178.49993896484375,0.0"
reports/phase1r/02_target_coordinate_validation.csv,6146,"case_074,119,ovary_right,265.0,253.0,5.0,8.984375,-153.78125,78.49993896484375,0.0"
reports/phase1r/02_target_coordinate_validation.csv,6147,"case_074,120,vagina,257.0,251.0,13.0,16.109375,-155.5625,118.49993896484375,0.0"
reports/phase1r/02_target_coordinate_validation.csv,6222,"case_075,117,uterus,256.1692047377327,261.05245346869714,13.0,6.277979470751603,4.56872398236078,1251.0,0.0"
reports/phase1r/02_target_coordinate_validation.csv,6223,"case_075,118,ovary_left,256.0,261.0,25.0,6.4174041748046875,4.525502324104309,1311.0,0.0"
reports/phase1r/02_target_coordinate_validation.csv,6224,"case_075,119,ovary_right,256.0,261.0,5.0,6.4174041748046875,4.525502324104309,1211.0,0.0"
reports/phase1r/02_target_coordinate_validation.csv,6225,"case_075,120,vagina,248.0,259.0,13.0,13.009404182434082,2.8775023221969604,1251.0,0.0"
reports/phase1r/02_target_coordinate_validation.csv,6730,"case_081,117,uterus,272.1692047377327,255.0524534686971,24.0,5.649450559906512,-0.1582222807831215,1430.0,0.0"
reports/phase1r/02_target_coordinate_validation.csv,6731,"case_081,118,ovary_left,272.0,255.0,36.0,5.792597770690918,-0.20259791612625122,1490.0,0.0"
reports/phase1r/02_target_coordinate_validation.csv,6732,"case_081,119,ovary_right,272.0,255.0,12.0,5.792597770690918,-0.20259791612625122,1370.0,0.0"
reports/phase1r/02_target_coordinate_validation.csv,6733,"case_081,120,vagina,264.0,253.0,24.0,12.560597896575928,-1.8945979475975037,1430.0,0.0"
reports/phase1r/02_target_coordinate_validation.csv,6810,"case_082,117,uterus,377.1692047377327,387.05245346869714,17.0,17.073565722621225,-167.58330497120437,245.99993896484375,0.0"
reports/phase1r/02_target_coordinate_validation.csv,6811,"case_082,118,ovary_left,377.0,387.0,29.0,17.17447167634964,-167.6145858168602,305.99993896484375,0.0"
reports/phase1r/02_target_coordinate_validation.csv,6812,"case_082,119,ovary_right,377.0,387.0,5.0,17.17447167634964,-167.6145858168602,185.99993896484375,0.0"
reports/phase1r/02_target_coordinate_validation.csv,6813,"case_082,120,vagina,369.0,385.0,17.0,21.945305168628693,-168.80729418992996,245.99993896484375,0.0"
reports/phase1r/02_target_coordinate_validation.csv,6890,"case_083,117,uterus,393.1692047377327,375.05245346869714,13.0,19.209543884002187,-166.01896114236408,67.99993896484375,0.0"
reports/phase1r/02_target_coordinate_validation.csv,6891,"case_083,118,ovary_left,393.0,375.0,25.0,19.316398441791534,-166.05208605527878,127.99993896484375,0.0"
reports/phase1r/02_target_coordinate_validation.csv,6892,"case_083,119,ovary_right,393.075,375.0,4.9625,19.269035159051413,-166.05208605527878,27.81243896484375,0.0"
reports/phase1r/02_target_coordinate_validation.csv,6893,"case_083,120,vagina,385.0,373.0,13.0,24.368481934070587,-167.31510692834854,67.99993896484375,0.0"
reports/phase1r/02_target_coordinate_validation.csv,6960,"case_084,117,uterus,379.1692047377327,384.05245346869714,19.0,7.60410057106597,-186.43266180203045,99.50006103515625,0.0"
reports/phase1r/02_target_coordinate_validation.csv,6961,"case_084,118,ovary_left,379.0,384.0,31.0,7.6953125,-186.4609375,159.50006103515625,0.0"
reports/phase1r/02_target_coordinate_validation.csv,6962,"case_084,119,ovary_right,379.0,384.0,7.0,7.6953125,-186.4609375,39.50006103515625,0.0"
reports/phase1r/02_target_coordinate_validation.csv,6963,"case_084,120,vagina,371.0,382.0,19.0,12.0078125,-187.5390625,99.50006103515625,0.0"
reports/phase1r/02_target_coordinate_validation.csv,7032,"case_085,117,uterus,249.16920473773266,262.05245346869714,17.0,-2.8585133815779784,6.103837736064406,1189.5,0.0"
reports/phase1r/02_target_coordinate_validation.csv,7033,"case_085,118,ovary_left,249.0,262.0,29.0,-2.726195275783539,6.062819123268127,1249.5,0.0"
reports/phase1r/02_target_coordinate_validation.csv,7034,"case_085,119,ovary_right,249.0,262.0,5.0,-2.726195275783539,6.062819123268127,1129.5,0.0"
reports/phase1r/02_target_coordinate_validation.csv,7035,"case_085,120,vagina,241.0,260.0,17.0,3.529804766178131,4.49881911277771,1189.5,0.0"
reports/phase1r/02_target_coordinate_validation.csv,7118,"case_086,117,uterus,387.1937984496124,323.06007751937983,8.405038759689923,13.157736170199485,-180.5747246639442,50.025193798449614,0.0"
reports/phase1r/02_target_coordinate_validation.csv,7119,"case_086,118,ovary_left,387.0,323.0,20.0,13.269523561000824,-180.60937875509262,108.0,0.0"
reports/phase1r/02_target_coordinate_validation.csv,7120,"case_086,119,ovary_right,387.0,323.0,5.0,13.269523561000824,-180.60937875509262,33.0,0.0"
reports/phase1r/02_target_coordinate_validation.csv,7121,"case_086,120,vagina,379.0,321.0,8.0,17.884107053279877,-181.76302462816238,48.0,0.0"
reports/phase1r/02_target_coordinate_validation.csv,7193,"case_087,117,uterus,252.16920473773266,243.0524534686971,17.0,-13.993621673680792,-9.73066382843831,1313.5,0.0"
reports/phase1r/02_target_coordinate_validation.csv,7194,"case_087,118,ovary_left,252.0,243.0,29.0,-13.861303567886353,-9.771682441234589,1373.5,0.0"
reports/phase1r/02_target_coordinate_validation.csv,7195,"case_087,119,ovary_right,252.0,243.0,5.0,-13.861303567886353,-9.771682441234589,1253.5,0.0"
reports/phase1r/02_target_coordinate_validation.csv,7196,"case_087,120,vagina,244.0,241.0,17.0,-7.605303525924683,-11.335682451725006,1313.5,0.0"
reports/phase1r/02_target_coordinate_validation.csv,7268,"case_088,117,uterus,396.1692047377327,381.05245346869714,15.0,-16.542379557582137,-170.20707571224108,-196.0,0.0"
reports/phase1r/02_target_coordinate_validation.csv,7269,"case_088,118,ovary_left,396.0,381.0,27.0,-16.43750786781311,-170.2395859360695,-136.0,0.0"
reports/phase1r/02_target_coordinate_validation.csv,7270,"case_088,119,ovary_right,396.0,381.0,5.0,-16.43750786781311,-170.2395859360695,-246.0,0.0"
reports/phase1r/02_target_coordinate_validation.csv,7271,"case_088,120,vagina,388.0,379.0,15.0,-11.479174375534058,-171.47916930913925,-196.0,0.0"
reports/phase1r/02_target_coordinate_validation.csv,7458,"case_090,117,uterus,300.1692047377327,229.0524534686971,21.0,-4.65462192545084,-20.678663901871232,1239.0,0.0"
reports/phase1r/02_target_coordinate_validation.csv,7459,"case_090,118,ovary_left,300.0,229.0,33.0,-4.522303819656372,-20.71968251466751,1299.0,0.0"
reports/phase1r/02_target_coordinate_validation.csv,7460,"case_090,119,ovary_right,300.0,229.0,8.264150943396226,-4.522303819656372,-20.71968251466751,1175.3207547169811,0.0"
reports/phase1r/02_target_coordinate_validation.csv,7461,"case_090,120,vagina,292.0,227.0,21.0,1.7336962223052979,-22.28368252515793,1239.0,0.0"
reports/phase1r/02_target_coordinate_validation.csv,7649,"case_092,117,uterus,255.16920473773266,196.0524534686971,13.0,-6.574011948205481,-46.48466407496312,1225.5,0.0"
reports/phase1r/02_target_coordinate_validation.csv,7650,"case_092,118,ovary_left,255.0,196.0,25.0,-6.441693842411041,-46.5256826877594,1285.5,0.0"
reports/phase1r/02_target_coordinate_validation.csv,7651,"case_092,119,ovary_right,255.0,196.0,5.0,-6.441693842411041,-46.5256826877594,1185.5,0.0"
reports/phase1r/02_target_coordinate_validation.csv,7652,"case_092,120,vagina,247.0,194.0,13.0,-0.18569380044937134,-48.08968269824982,1225.5,0.0"
reports/phase1r/02_target_coordinate_validation.csv,7830,"case_094,117,uterus,257.1692047377327,258.05245346869714,14.0,-7.1439647970062765,2.544482411366033,1377.0,0.0"
reports/phase1r/02_target_coordinate_validation.csv,7831,"case_094,118,ovary_left,257.0,258.0,26.0,-6.990496098995209,2.496907114982605,1437.0,0.0"
reports/phase1r/02_target_coordinate_validation.csv,7832,"case_094,119,ovary_right,257.0,258.0,5.0,-6.990496098995209,2.496907114982605,1332.0,0.0"
reports/phase1r/02_target_coordinate_validation.csv,7833,"case_094,120,vagina,249.0,256.0,14.0,0.2655039429664612,0.6829071044921875,1377.0,0.0"
reports/phase1r/02_target_coordinate_validation.csv,7905,"case_095,117,uterus,281.1692047377327,223.0524534686971,13.0,41.68079281881978,-27.584499969095162,-275.0,0.0"
reports/phase1r/02_target_coordinate_validation.csv,7906,"case_095,118,ovary_left,281.0,223.0,25.0,41.82529366016388,-27.629295229911804,-215.0,0.0"
reports/phase1r/02_target_coordinate_validation.csv,7907,"case_095,119,ovary_right,281.0,223.0,5.0,41.82529366016388,-27.629295229911804,-315.0,0.0"
reports/phase1r/02_target_coordinate_validation.csv,7908,"case_095,120,vagina,273.0,221.0,13.0,48.65729343891144,-29.337295174598694,-275.0,0.0"
reports/phase1r/02_target_coordinate_validation.csv,8195,"case_098,117,uterus,259.1692047377327,252.0524534686971,15.0,-3.8426217103972817,-2.692663781231431,1546.5,0.0"
reports/phase1r/02_target_coordinate_validation.csv,8196,"case_098,118,ovary_left,259.0,252.0,27.0,-3.7103036046028137,-2.73368239402771,1606.5,0.0"
reports/phase1r/02_target_coordinate_validation.csv,8197,"case_098,119,ovary_right,259.0,252.0,5.0,-3.7103036046028137,-2.73368239402771,1496.5,0.0"
reports/phase1r/02_target_coordinate_validation.csv,8198,"case_098,120,vagina,251.0,250.0,15.0,2.545696437358856,-4.297682404518127,1546.5,0.0"
reports/phase1r/02_target_coordinate_validation.csv,9473,"case_113,117,uterus,400.1692047377327,392.05245346869714,17.0,-4.832063435701372,-160.49545059944367,118.49993896484375,0.0"
reports/phase1r/02_target_coordinate_validation.csv,9474,"case_113,118,ovary_left,400.0,392.0,29.0,-4.729174613952637,-160.5273461341858,178.49993896484375,0.0"
reports/phase1r/02_target_coordinate_validation.csv,9475,"case_113,119,ovary_right,400.0,392.0,5.0,-4.729174613952637,-160.5273461341858,58.49993896484375,0.0"
reports/phase1r/02_target_coordinate_validation.csv,9476,"case_113,120,vagina,392.0,390.0,17.0,0.13540887832641602,-161.74349200725555,118.49993896484375,0.0"
reports/phase1r/02_target_coordinate_validation.csv,9641,"case_115,117,uterus,399.1692047377327,362.05245346869714,15.0,3.3685565609011974,-171.9193751591111,74.5,0.0"
reports/phase1r/02_target_coordinate_validation.csv,9642,"case_115,118,ovary_left,399.0,362.0,27.0,3.464835822582245,-171.94922173023224,134.5,0.0"
reports/phase1r/02_target_coordinate_validation.csv,9643,"case_115,119,ovary_right,399.0,362.0,5.0,3.464835822582245,-171.94922173023224,24.5,0.0"
reports/phase1r/02_target_coordinate_validation.csv,9644,"case_115,120,vagina,391.0,360.0,15.0,8.016919314861298,-173.087242603302,74.5,0.0"
reports/phase1r/02_target_coordinate_validation.csv,9942,"case_119,117,uterus,277.1721170395869,230.05335628227195,11.070567986230637,-13.710989344653484,-22.982575204922284,1204.852839931153,0.0"
reports/phase1r/02_target_coordinate_validation.csv,9943,"case_119,118,ovary_left,277.0,230.0,23.0,-13.555395543575287,-23.03080928325653,1264.5,0.0"
reports/phase1r/02_target_coordinate_validation.csv,9944,"case_119,119,ovary_right,277.1923076923077,230.07692307692307,5.153846153846154,-13.729241694395341,-22.961270822928526,1175.2692307692307,0.0"
reports/phase1r/02_target_coordinate_validation.csv,9945,"case_119,120,vagina,269.0,228.0,11.0,-6.323395669460297,-24.83880925178528,1204.5,0.0"
reports/phase1r/02_target_coordinate_validation.csv,10022,"case_120,117,uterus,389.1694915254237,295.05254237288136,12.008474576271187,-11.70590572033899,-209.03499735169493,62.04231184619968,0.0"
reports/phase1r/02_target_coordinate_validation.csv,10023,"case_120,118,ovary_left,389.0,295.0,24.0,-11.6171875,-209.0625,121.99993896484375,0.0"
reports/phase1r/02_target_coordinate_validation.csv,10024,"case_120,119,ovary_right,389.0,295.0,5.0,-11.6171875,-209.0625,26.99993896484375,0.0"
reports/phase1r/02_target_coordinate_validation.csv,10025,"case_120,120,vagina,381.0,293.0,12.0,-7.4296875,-210.109375,61.99993896484375,0.0"
reports/phase1r/02_target_coordinate_validation.csv,10197,"case_122,117,uterus,204.16920473773266,151.0524534686971,45.0,56.3065759002053,-84.21081329884667,1502.0,0.0"
reports/phase1r/02_target_coordinate_validation.csv,10198,"case_122,118,ovary_left,204.0,151.0,57.0,56.44329333305359,-84.25319570302963,1562.0,0.0"
reports/phase1r/02_target_coordinate_validation.csv,10199,"case_122,119,ovary_right,204.0,151.0,33.0,56.44329333305359,-84.25319570302963,1442.0,0.0"
reports/phase1r/02_target_coordinate_validation.csv,10200,"case_122,120,vagina,196.0,149.0,45.0,62.90729355812073,-85.86919575929642,1502.0,0.0"
reports/phase1r/02_target_coordinate_validation.csv,10417,"case_125,117,uterus,278.1692047377327,183.0524534686971,15.0,-17.640855234488242,-56.51773523598558,1329.5,0.0"
reports/phase1r/02_target_coordinate_validation.csv,10418,"case_125,118,ovary_left,278.0,183.0,27.0,-17.50870633125305,-56.558701395988464,1389.5,0.0"
reports/phase1r/02_target_coordinate_validation.csv,10419,"case_125,119,ovary_right,278.0,183.0,5.0,-17.50870633125305,-56.558701395988464,1279.5,0.0"
reports/phase1r/02_target_coordinate_validation.csv,10420,"case_125,120,vagina,270.0,181.0,15.0,-11.260706186294556,-58.12070143222809,1329.5,0.0"
reports/phase1r/02_target_coordinate_validation.csv,10595,"case_127,117,uterus,256.1692047377327,270.05245346869714,13.0,6.446253316253149,12.837864050506141,1180.0,0.0"
reports/phase1r/02_target_coordinate_validation.csv,10596,"case_127,118,ovary_left,256.0,270.0,25.0,6.593292236328125,12.792281985282898,1240.0,0.0"
reports/phase1r/02_target_coordinate_validation.csv,10597,"case_127,119,ovary_right,256.0,270.0,5.0,6.593292236328125,12.792281985282898,1140.0,0.0"
reports/phase1r/02_target_coordinate_validation.csv,10598,"case_127,120,vagina,248.0,268.0,13.0,13.545292377471924,11.054281949996948,1180.0,0.0"
reports/phase1r/02_target_coordinate_validation.csv,10705,"case_128,117,uterus,276.18621973929237,232.05772811918064,9.33147113594041,-21.576673114321977,-20.035068292968532,1320.157355679702,0.0"
reports/phase1r/02_target_coordinate_validation.csv,10706,"case_128,118,ovary_left,276.0,232.0,21.0,-21.41689658164978,-20.084599018096924,1378.5,0.0"
reports/phase1r/02_target_coordinate_validation.csv,10707,"case_128,119,ovary_right,276.0,232.0,5.0,-21.41689658164978,-20.084599018096924,1298.5,0.0"
reports/phase1r/02_target_coordinate_validation.csv,10708,"case_128,120,vagina,268.0,230.0,9.0,-14.552896738052368,-21.800598978996277,1318.5,0.0"
reports/phase1r/02_target_coordinate_validation.csv,10856,"case_130,117,uterus,392.1721170395869,380.0533562822719,11.070567986230637,6.881793864622807,-144.8454864777099,99.35283993115318,0.0"
reports/phase1r/02_target_coordinate_validation.csv,10857,"case_130,118,ovary_left,392.0,380.0,23.0,6.989591121673584,-144.87890362739563,159.0,0.0"
reports/phase1r/02_target_coordinate_validation.csv,10858,"case_130,119,ovary_right,392.0,380.0,5.0,6.989591121673584,-144.87890362739563,69.0,0.0"
reports/phase1r/02_target_coordinate_validation.csv,10859,"case_130,120,vagina,384.0,378.0,11.0,12.000007629394531,-146.13150775432587,99.0,0.0"
reports/phase1r/02_target_coordinate_validation.csv,10931,"case_131,117,uterus,279.1721170395869,234.05335628227195,11.070567986230637,-5.6112982157790725,-19.233378358839303,1280.852839931153,0.0"
reports/phase1r/02_target_coordinate_validation.csv,10932,"case_131,118,ovary_left,279.0,234.0,23.0,-5.456392884254456,-19.28139901161194,1340.5,0.0"
reports/phase1r/02_target_coordinate_validation.csv,10933,"case_131,119,ovary_right,279.0,234.0,5.0,-5.456392884254456,-19.28139901161194,1250.5,0.0"
reports/phase1r/02_target_coordinate_validation.csv,10934,"case_131,120,vagina,271.0,232.0,11.0,1.7436069250106812,-21.081398963928223,1280.5,0.0"
reports/phase1r/02_target_coordinate_validation.csv,11007,"case_132,117,uterus,382.1692047377327,382.05245346869714,14.0,3.165701670896766,-163.603320642978,-205.0,0.0"
reports/phase1r/02_target_coordinate_validation.csv,11008,"case_132,118,ovary_left,382.0,382.0,26.0,3.2734375,-163.63671875,-145.0,0.0"
reports/phase1r/02_target_coordinate_validation.csv,11009,"case_132,119,ovary_right,382.0,382.0,5.0,3.2734375,-163.63671875,-250.0,0.0"
reports/phase1r/02_target_coordinate_validation.csv,11010,"case_132,120,vagina,374.0,380.0,14.0,8.3671875,-164.91015625,-205.0,0.0"
reports/phase1r/02_target_coordinate_validation.csv,11151,"case_134,117,uterus,251.16920473773266,267.05245346869714,14.0,2.4133783315644166,9.0373362974467,1199.5,0.0"
reports/phase1r/02_target_coordinate_validation.csv,11152,"case_134,118,ovary_left,251.0,267.0,26.0,2.545696437358856,8.996317684650421,1259.5,0.0"
reports/phase1r/02_target_coordinate_validation.csv,11153,"case_134,119,ovary_right,251.0,267.0,5.0,2.545696437358856,8.996317684650421,1154.5,0.0"
reports/phase1r/02_target_coordinate_validation.csv,11154,"case_134,120,vagina,243.0,265.0,14.0,8.801696479320526,7.432317674160004,1199.5,0.0"
reports/phase1r/02_target_coordinate_validation.csv,11262,"case_135,117,uterus,263.18621973929237,232.05772811918064,9.33147113594041,-5.900319648743562,-18.331842900099474,1263.657355679702,0.0"
reports/phase1r/02_target_coordinate_validation.csv,11263,"case_135,118,ovary_left,263.0,232.0,21.0,-5.753392279148102,-18.377390384674072,1322.0,0.0"
reports/phase1r/02_target_coordinate_validation.csv,11264,"case_135,119,ovary_right,263.0,232.0,5.0,-5.753392279148102,-18.377390384674072,1242.0,0.0"
reports/phase1r/02_target_coordinate_validation.csv,11265,"case_135,120,vagina,255.0,230.0,9.0,0.5586075186729431,-19.955390334129333,1262.0,0.0"
reports/phase1r/02_target_coordinate_validation.csv,11449,"case_137,117,uterus,398.1692047377327,353.05245346869714,20.0,-0.22475057870605042,-143.497103764321,120.99993896484375,0.0"
reports/phase1r/02_target_coordinate_validation.csv,11450,"case_137,118,ovary_left,398.0,353.0,32.0,-0.11459124088287354,-143.53125315904617,180.99993896484375,0.0"
reports/phase1r/02_target_coordinate_validation.csv,11451,"case_137,119,ovary_right,398.0,353.0,8.0,-0.11459124088287354,-143.53125315904617,60.99993896484375,0.0"
reports/phase1r/02_target_coordinate_validation.csv,11452,"case_137,120,vagina,390.0,351.0,20.0,5.093742251396179,-144.83333653211594,120.99993896484375,0.0"
reports/phase1r/02_target_coordinate_validation.csv,11531,"case_138,117,uterus,378.1692047377327,391.05245346869714,15.0,-0.598695250130362,-175.3027330735815,108.0,0.0"
reports/phase1r/02_target_coordinate_validation.csv,11532,"case_138,118,ovary_left,378.0,391.0,27.0,-0.4999924898147583,-175.33333092927933,168.0,0.0"
reports/phase1r/02_target_coordinate_validation.csv,11533,"case_138,119,ovary_right,378.0,391.0,5.0,-0.4999924898147583,-175.33333092927933,58.0,0.0"
reports/phase1r/02_target_coordinate_validation.csv,11534,"case_138,120,vagina,370.0,389.0,15.0,4.166674017906189,-176.49999755620956,108.0,0.0"
reports/phase1r/02_target_coordinate_validation.csv,12119,"case_144,117,uterus,405.1692047377327,373.05245346869714,14.0,4.616031589746058,-170.3493995281242,680.5,0.0"
reports/phase1r/02_target_coordinate_validation.csv,12120,"case_144,118,ovary_left,405.0,373.0,26.0,4.707023203372955,-170.37760692834854,740.5,0.0"
reports/phase1r/02_target_coordinate_validation.csv,12121,"case_144,119,ovary_right,405.0,373.0,5.0,4.707023203372955,-170.37760692834854,635.5,0.0"
reports/phase1r/02_target_coordinate_validation.csv,12122,"case_144,120,vagina,397.0,371.0,14.0,9.009106695652008,-171.4531278014183,680.5,0.0"
reports/phase1r/02_target_coordinate_validation.csv,12597,"case_149,117,uterus,279.1721170395869,240.05335628227195,11.070567986230637,-21.814274945172883,-14.164592028382316,-1012.1471600688468,0.0"
reports/phase1r/02_target_coordinate_validation.csv,12598,"case_149,118,ovary_left,279.0,240.0,23.0,-21.654206097126007,-14.214213371276855,-952.5,0.0"
reports/phase1r/02_target_coordinate_validation.csv,12599,"case_149,119,ovary_right,279.0,240.0,5.0,-21.654206097126007,-14.214213371276855,-1042.5,0.0"
reports/phase1r/02_target_coordinate_validation.csv,12600,"case_149,120,vagina,271.0,238.0,11.0,-14.214206039905548,-16.07421338558197,-1012.5,0.0"
reports/phase1r/02_target_coordinate_validation.csv,12749,"case_151,117,uterus,266.1692047377327,256.05245346869714,16.0,13.144285235308132,0.43533623974940383,1174.0,0.0"
reports/phase1r/02_target_coordinate_validation.csv,12750,"case_151,118,ovary_left,266.0,256.0,28.0,13.2766033411026,0.394317626953125,1234.0,0.0"
reports/phase1r/02_target_coordinate_validation.csv,12751,"case_151,119,ovary_right,266.0,256.0,5.0,13.2766033411026,0.394317626953125,1119.0,0.0"
reports/phase1r/02_target_coordinate_validation.csv,12752,"case_151,120,vagina,258.0,254.0,16.0,19.53260338306427,-1.1696823835372925,1174.0,0.0"
reports/phase1r/02_target_coordinate_validation.csv,13071,"case_154,117,uterus,262.1692047377327,239.0524534686971,15.0,16.272285256288967,-12.858663849419145,206.5,0.0"
reports/phase1r/02_target_coordinate_validation.csv,13072,"case_154,118,ovary_left,262.0,239.0,27.0,16.404603362083435,-12.899682462215424,266.5,0.0"
reports/phase1r/02_target_coordinate_validation.csv,13073,"case_154,119,ovary_right,261.8974358974359,238.93589743589743,4.935897435897436,16.48480849082651,-12.949810667679856,156.17948717948718,0.0"
reports/phase1r/02_target_coordinate_validation.csv,13074,"case_154,120,vagina,254.0,237.0,15.0,22.660603404045105,-14.463682472705841,206.5,0.0"
reports/phase1r/02_target_coordinate_validation.csv,13180,"case_155,117,uterus,268.1692047377327,242.0524534686971,14.0,-31.71763731219042,-11.898571222970133,-405.5,0.0"
reports/phase1r/02_target_coordinate_validation.csv,13181,"case_155,118,ovary_left,268.0,242.0,26.0,-31.567891120910645,-11.944992542266846,-345.5,0.0"
reports/phase1r/02_target_coordinate_validation.csv,13182,"case_155,119,ovary_right,268.0,242.0,5.0,-31.567891120910645,-11.944992542266846,-450.5,0.0"
reports/phase1r/02_target_coordinate_validation.csv,13183,"case_155,120,vagina,260.0,240.0,14.0,-24.48789119720459,-13.71499252319336,-405.5,0.0"
reports/phase1r/02_target_coordinate_validation.csv,13363,"case_157,117,uterus,258.1721170395869,251.05335628227195,11.070567986230637,16.468305098415442,-14.216160545045454,1195.352839931153,0.0"
reports/phase1r/02_target_coordinate_validation.csv,13364,"case_157,118,ovary_left,258.0,251.0,23.0,16.602900624275208,-14.257885158061981,1255.0,0.0"
reports/phase1r/02_target_coordinate_validation.csv,13365,"case_157,119,ovary_right,258.0,251.0,5.735849056603773,16.602900624275208,-14.257885158061981,1168.6792452830189,0.0"
reports/phase1r/02_target_coordinate_validation.csv,13366,"case_157,120,vagina,250.0,249.0,11.0,22.858900666236877,-15.821885168552399,1195.0,0.0"
reports/phase1r/02_target_coordinate_validation.csv,13540,"case_159,117,uterus,256.1937984496124,284.06007751937983,8.405038759689923,-8.373937724634658,25.21123846845569,1432.0251937984497,0.0"
reports/phase1r/02_target_coordinate_validation.csv,13541,"case_159,118,ovary_left,256.0,284.0,20.0,-8.203201293945312,25.158310174942017,1490.0,0.0"
reports/phase1r/02_target_coordinate_validation.csv,13542,"case_159,119,ovary_right,256.0,284.0,5.0,-8.203201293945312,25.158310174942017,1415.0,0.0"
reports/phase1r/02_target_coordinate_validation.csv,13543,"case_159,120,vagina,248.0,282.0,8.0,-1.1552014350891113,23.396310210227966,1430.0,0.0"
reports/phase1r/02_target_coordinate_validation.csv,13849,"case_163,117,uterus,260.1692047377327,292.05245346869714,18.0,-8.92737250158632,141.41667492861677,-520.0999755859375,0.0"
reports/phase1r/02_target_coordinate_validation.csv,13850,"case_163,118,ovary_left,260.0,292.0,30.0,-8.8212890625,141.3837890625,-496.0999755859375,0.0"
reports/phase1r/02_target_coordinate_validation.csv,13851,"case_163,119,ovary_right,259.84615384615387,291.84615384615387,6.384615384615385,-8.724834735576934,141.28733473557693,-543.3307448167068,0.0"
reports/phase1r/02_target_coordinate_validation.csv,13852,"case_163,120,vagina,252.0,290.0,18.0,-3.8056640625,140.1298828125,-520.0999755859375,0.0"
reports/phase1r/02_target_coordinate_validation.csv,14081,"case_166,117,uterus,267.1692047377327,239.0524534686971,21.0,8.64119507455581,137.53737210501268,562.2999877929688,0.0"
reports/phase1r/02_target_coordinate_validation.csv,14082,"case_166,118,ovary_left,267.0,239.0,33.0,8.7333984375,137.5087890625,586.2999877929688,0.0"
reports/phase1r/02_target_coordinate_validation.csv,14083,"case_166,119,ovary_right,267.0,239.0,9.0,8.7333984375,137.5087890625,538.2999877929688,0.0"
reports/phase1r/02_target_coordinate_validation.csv,14084,"case_166,120,vagina,259.0,237.0,21.0,13.0927734375,136.4189453125,562.2999877929688,0.0"
reports/phase1r/02_target_coordinate_validation.csv,14353,"case_169,117,uterus,282.1692047377327,198.0524534686971,24.0,-24.439254838197996,132.28040728109136,-817.5999755859375,0.0"
reports/phase1r/02_target_coordinate_validation.csv,14354,"case_169,118,ovary_left,282.0,198.0,36.0,-24.322265625,132.244140625,-793.5999755859375,0.0"
reports/phase1r/02_target_coordinate_validation.csv,14355,"case_169,119,ovary_right,282.0,198.0,12.0,-24.322265625,132.244140625,-841.5999755859375,0.0"
reports/phase1r/02_target_coordinate_validation.csv,14356,"case_169,120,vagina,274.0,196.0,24.0,-18.791015625,130.861328125,-817.5999755859375,0.0"
reports/phase1r/02_target_coordinate_validation.csv,14640,"case_172,117,uterus,263.1692047377327,262.05245346869714,37.0,-2.6884005525592443,144.00569909316837,912.5,0.0"
reports/phase1r/02_target_coordinate_validation.csv,14641,"case_172,118,ovary_left,263.0,262.0,49.0,-2.5849609375,143.9736328125,936.5,0.0"
reports/phase1r/02_target_coordinate_validation.csv,14642,"case_172,119,ovary_right,263.0,262.0,25.0,-2.5849609375,143.9736328125,888.5,0.0"
reports/phase1r/02_target_coordinate_validation.csv,14643,"case_172,120,vagina,255.0,260.0,37.0,2.3056640625,142.7509765625,912.5,0.0"
reports/phase1r/02_target_coordinate_validation.csv,14750,"case_173,117,uterus,252.17857142857142,271.05535714285713,10.207142857142857,5.257533482142861,143.5727818080357,-486.8643101283482,0.0"
reports/phase1r/02_target_coordinate_validation.csv,14751,"case_173,118,ovary_left,252.0,271.0,22.0,5.37890625,143.53515625,-427.9000244140625,0.0"
reports/phase1r/02_target_coordinate_validation.csv,14752,"case_173,119,ovary_right,252.0,271.0,5.0,5.37890625,143.53515625,-512.9000244140625,0.0"
reports/phase1r/02_target_coordinate_validation.csv,14753,"case_173,120,vagina,244.0,269.0,10.0,10.81640625,142.17578125,-487.9000244140625,0.0"
reports/phase1r/02_target_coordinate_validation.csv,14831,"case_174,117,uterus,274.1692047377327,260.05245346869714,28.0,-18.579835223667544,133.56757118496193,-458.9000244140625,0.0"
reports/phase1r/02_target_coordinate_validation.csv,14832,"case_174,118,ovary_left,274.0,260.0,40.0,-18.4658203125,133.5322265625,-434.9000244140625,0.0"
reports/phase1r/02_target_coordinate_validation.csv,14833,"case_174,119,ovary_right,274.0,260.0,16.0,-18.4658203125,133.5322265625,-482.9000244140625,0.0"
reports/phase1r/02_target_coordinate_validation.csv,14834,"case_174,120,vagina,266.0,258.0,28.0,-13.0751953125,132.1845703125,-458.9000244140625,0.0"
reports/phase1r/02_target_coordinate_validation.csv,14909,"case_175,117,uterus,270.1692047377327,215.0524534686971,27.0,4.719921544521981,122.16925596182317,45.5,0.0"
reports/phase1r/02_target_coordinate_validation.csv,14910,"case_175,118,ovary_left,270.0,215.0,39.0,4.8154296875,122.1396484375,69.5,0.0"
reports/phase1r/02_target_coordinate_validation.csv,14911,"case_175,119,ovary_right,270.0,215.0,15.0,4.8154296875,122.1396484375,21.5,0.0"
reports/phase1r/02_target_coordinate_validation.csv,14912,"case_175,120,vagina,262.0,213.0,27.0,9.3310546875,121.0107421875,45.5,0.0"
reports/phase1r/02_target_coordinate_validation.csv,15618,"case_184,117,uterus,267.1692047377327,209.0524534686971,47.0,3.346649867023899,-32.30686865482235,-507.33001708984375,0.0"
reports/phase1r/02_target_coordinate_validation.csv,15619,"case_184,118,ovary_left,267.0,209.0,59.0,3.4656219482421875,-32.34375,-492.33001708984375,0.0"
reports/phase1r/02_target_coordinate_validation.csv,15620,"case_184,119,ovary_right,267.0,209.0,35.0,3.4656219482421875,-32.34375,-522.3300170898438,0.0"
reports/phase1r/02_target_coordinate_validation.csv,15621,"case_184,120,vagina,259.0,207.0,47.0,9.090621948242188,-33.75,-507.33001708984375,0.0"
reports/phase1r/02_target_coordinate_validation.csv,15728,"case_185,117,uterus,273.1692047377327,235.0524534686971,27.0,-20.595415609137063,132.58129758883248,663.300048828125,0.0"
reports/phase1r/02_target_coordinate_validation.csv,15729,"case_185,118,ovary_left,273.0,235.0,39.0,-20.484375,132.546875,687.300048828125,0.0"
reports/phase1r/02_target_coordinate_validation.csv,15730,"case_185,119,ovary_right,273.0,235.0,15.0,-20.484375,132.546875,639.300048828125,0.0"
reports/phase1r/02_target_coordinate_validation.csv,15731,"case_185,120,vagina,265.0,233.0,27.0,-15.234375,131.234375,663.300048828125,0.0"
reports/phase1r/02_target_coordinate_validation.csv,15906,"case_187,117,uterus,254.16920473773266,269.05245346869714,21.0,2.687271815266115,9.880631345177676,-528.0,0.0"
reports/phase1r/02_target_coordinate_validation.csv,15907,"case_187,118,ovary_left,254.0,269.0,33.0,2.806243896484375,9.84375,-498.0,0.0"
reports/phase1r/02_target_coordinate_validation.csv,15908,"case_187,119,ovary_right,254.0,269.0,9.0,2.806243896484375,9.84375,-558.0,0.0"
reports/phase1r/02_target_coordinate_validation.csv,15909,"case_187,120,vagina,246.0,267.0,21.0,8.431243896484375,8.4375,-528.0,0.0"
reports/phase1r/02_target_coordinate_validation.csv,15981,"case_188,117,uterus,242.16920473773266,228.0524534686971,24.0,-3.5901428325930738,130.18445794997885,769.5999755859375,0.0"
reports/phase1r/02_target_coordinate_validation.csv,15982,"case_188,118,ovary_left,242.0,228.0,36.0,-3.4833984375,130.1513671875,829.5999755859375,0.0"
reports/phase1r/02_target_coordinate_validation.csv,15983,"case_188,119,ovary_right,242.0,228.0,12.0,-3.4833984375,130.1513671875,709.5999755859375,0.0"
reports/phase1r/02_target_coordinate_validation.csv,15984,"case_188,120,vagina,234.0,226.0,24.0,1.5634765625,128.8896484375,769.5999755859375,0.0"
reports/phase1r/02_target_coordinate_validation.csv,16238,"case_191,117,uterus,233.16920473773266,226.0524534686971,27.0,2.9500150470765902,-23.5198815566836,-474.0,0.0"
reports/phase1r/02_target_coordinate_validation.csv,16239,"case_191,118,ovary_left,233.0,226.0,39.0,3.087493896484375,-23.5625,-444.0,0.0"
reports/phase1r/02_target_coordinate_validation.csv,16240,"case_191,119,ovary_right,233.0,226.0,15.0,3.087493896484375,-23.5625,-504.0,0.0"
reports/phase1r/02_target_coordinate_validation.csv,16241,"case_191,120,vagina,225.0,224.0,27.0,9.587493896484375,-25.1875,-474.0,0.0"
reports/phase1r/02_target_coordinate_validation.csv,16641,"case_196,117,uterus,270.1692047377327,229.0524534686971,25.0,9.71992154452198,117.07159971182318,402.0,0.0"
reports/phase1r/02_target_coordinate_validation.csv,16642,"case_196,118,ovary_left,270.0,229.0,37.0,9.8154296875,117.0419921875,426.0,0.0"
reports/phase1r/02_target_coordinate_validation.csv,16643,"case_196,119,ovary_right,270.0,229.0,13.0,9.8154296875,117.0419921875,378.0,0.0"
reports/phase1r/02_target_coordinate_validation.csv,16644,"case_196,120,vagina,262.0,227.0,25.0,14.3310546875,115.9130859375,402.0,0.0"
reports/phase1r/02_target_coordinate_validation.csv,16896,"case_199,117,uterus,252.18621973929237,279.05772811918064,9.33147113594041,-13.786498341480439,150.73582620460894,-314.34264432029795,0.0"
reports/phase1r/02_target_coordinate_validation.csv,16897,"case_199,118,ovary_left,252.0,279.0,21.0,-13.662109375,150.697265625,-256.0,0.0"
reports/phase1r/02_target_coordinate_validation.csv,16898,"case_199,119,ovary_right,252.0,279.0,5.0,-13.662109375,150.697265625,-336.0,0.0"
reports/phase1r/02_target_coordinate_validation.csv,16899,"case_199,120,vagina,244.0,277.0,9.0,-8.318359375,149.361328125,-316.0,0.0"
reports/phase1r/02_target_coordinate_validation.csv,17048,"case_201,117,uterus,240.16920473773266,263.05245346869714,27.0,6.719579499788495,138.78081707381557,-19.29998779296875,0.0"
reports/phase1r/02_target_coordinate_validation.csv,17049,"case_201,118,ovary_left,240.0,263.0,39.0,6.837890625,138.744140625,4.70001220703125,0.0"
reports/phase1r/02_target_coordinate_validation.csv,17050,"case_201,119,ovary_right,240.0,263.0,15.0,6.837890625,138.744140625,-43.29998779296875,0.0"
reports/phase1r/02_target_coordinate_validation.csv,17051,"case_201,120,vagina,232.0,261.0,27.0,12.431640625,137.345703125,-19.29998779296875,0.0"
reports/phase1r/02_target_coordinate_validation.csv,17522,"case_207,117,uterus,272.1692047377327,163.0524534686971,23.0,16.558458254018603,124.13713184750422,258.5,0.0"
reports/phase1r/02_target_coordinate_validation.csv,17523,"case_207,118,ovary_left,272.0,163.0,35.0,16.654296875,124.107421875,282.5,0.0"
reports/phase1r/02_target_coordinate_validation.csv,17524,"case_207,119,ovary_right,272.0,163.0,11.0,16.654296875,124.107421875,234.5,0.0"
reports/phase1r/02_target_coordinate_validation.csv,17525,"case_207,120,vagina,264.0,161.0,23.0,21.185546875,122.974609375,258.5,0.0"
reports/phase1r/02_target_coordinate_validation.csv,18067,"case_214,117,uterus,231.16920473773266,229.0524534686971,31.0,-1.7519035532994849,148.66434010152284,361.20001220703125,0.0"
reports/phase1r/02_target_coordinate_validation.csv,18068,"case_214,118,ovary_left,231.0,229.0,43.0,-1.625,148.625,385.20001220703125,0.0"
reports/phase1r/02_target_coordinate_validation.csv,18069,"case_214,119,ovary_right,231.0,229.0,19.0,-1.625,148.625,337.20001220703125,0.0"
reports/phase1r/02_target_coordinate_validation.csv,18070,"case_214,120,vagina,223.0,227.0,31.0,4.375,147.125,361.20001220703125,0.0"
reports/phase1r/02_target_coordinate_validation.csv,18541,"case_219,117,uterus,257.1692047377327,253.0524534686971,46.0,-6.022094029460476,-1.3693686548223525,-827.5499877929688,0.0"
reports/phase1r/02_target_coordinate_validation.csv,18542,"case_219,118,ovary_left,257.0,253.0,58.0,-5.9031219482421875,-1.40625,-812.5499877929688,0.0"
reports/phase1r/02_target_coordinate_validation.csv,18543,"case_219,119,ovary_right,257.0,253.0,34.0,-5.9031219482421875,-1.40625,-842.5499877929688,0.0"
reports/phase1r/02_target_coordinate_validation.csv,18544,"case_219,120,vagina,249.0,251.0,46.0,-0.2781219482421875,-2.8125,-827.5499877929688,0.0"
reports/phase1r/02_target_coordinate_validation.csv,18626,"case_220,117,uterus,269.1692047377327,211.0524534686971,25.0,-9.79571832698818,106.65100861886631,179.9000244140625,0.0"
reports/phase1r/02_target_coordinate_validation.csv,18627,"case_220,118,ovary_left,269.0,211.0,37.0,-9.69921875,106.62109375,203.9000244140625,0.0"
reports/phase1r/02_target_coordinate_validation.csv,18628,"case_220,119,ovary_right,269.0,211.0,13.0,-9.69921875,106.62109375,155.9000244140625,0.0"
reports/phase1r/02_target_coordinate_validation.csv,18629,"case_220,120,vagina,261.0,209.0,25.0,-5.13671875,105.48046875,179.9000244140625,0.0"
reports/phase1r/02_target_coordinate_validation.csv,18784,"case_222,117,uterus,255.16920473773266,278.05245346869714,16.0,-2.785499947123526,154.6238565461083,932.699951171875,0.0"
reports/phase1r/02_target_coordinate_validation.csv,18785,"case_222,118,ovary_left,255.0,278.0,28.0,-2.67578125,154.58984375,992.699951171875,0.0"
reports/phase1r/02_target_coordinate_validation.csv,18786,"case_222,119,ovary_right,255.0,278.0,5.0,-2.67578125,154.58984375,877.699951171875,0.0"
reports/phase1r/02_target_coordinate_validation.csv,18787,"case_222,120,vagina,247.0,276.0,16.0,2.51171875,153.29296875,932.699951171875,0.0"
reports/phase1r/02_target_coordinate_validation.csv,19113,"case_226,117,uterus,258.1692047377327,276.05245346869714,26.0,-8.025222081218288,14.802506345177676,-285.25,0.0"
reports/phase1r/02_target_coordinate_validation.csv,19114,"case_226,118,ovary_left,258.0,276.0,38.0,-7.90625,14.765625,-255.25,0.0"
reports/phase1r/02_target_coordinate_validation.csv,19115,"case_226,119,ovary_right,258.0,276.0,14.0,-7.90625,14.765625,-315.25,0.0"
reports/phase1r/02_target_coordinate_validation.csv,19116,"case_226,120,vagina,250.0,274.0,26.0,-2.28125,13.359375,-285.25,0.0"
reports/phase1r/02_target_coordinate_validation.csv,19462,"case_230,117,uterus,260.1692047377327,250.0524534686971,24.0,-15.749079237936343,-3.8556387773423637,-296.25,0.0"
reports/phase1r/02_target_coordinate_validation.csv,19463,"case_230,118,ovary_left,260.0,250.0,36.0,-15.617218494415283,-3.8965156078338623,-266.25,0.0"
reports/phase1r/02_target_coordinate_validation.csv,19464,"case_230,119,ovary_right,260.0,250.0,12.0,-15.617218494415283,-3.8965156078338623,-326.25,0.0"
reports/phase1r/02_target_coordinate_validation.csv,19465,"case_230,120,vagina,252.0,248.0,24.0,-9.382842540740967,-5.455109596252441,-296.25,0.0"
reports/phase1r/02_target_coordinate_validation.csv,19573,"case_231,117,uterus,243.16920473773266,252.0524534686971,25.0,17.754914207910332,136.3318164392978,459.9000244140625,0.0"
reports/phase1r/02_target_coordinate_validation.csv,19574,"case_231,118,ovary_left,243.0,252.0,37.0,17.861328125,136.298828125,483.9000244140625,0.0"
reports/phase1r/02_target_coordinate_validation.csv,19575,"case_231,119,ovary_right,243.0,252.0,13.0,17.861328125,136.298828125,435.9000244140625,0.0"
reports/phase1r/02_target_coordinate_validation.csv,19576,"case_231,120,vagina,235.0,250.0,25.0,22.892578125,135.041015625,459.9000244140625,0.0"
reports/phase1r/02_target_coordinate_validation.csv,19659,"case_232,117,uterus,248.16920473773266,255.0524534686971,19.0,-10.957554817199707,0.039073944091796875,-587.0,0.0"
reports/phase1r/02_target_coordinate_validation.csv,19660,"case_232,118,ovary_left,248.0,255.0,31.0,-10.83131217956543,-6.127357482910156e-05,-557.0,0.0"
reports/phase1r/02_target_coordinate_validation.csv,19661,"case_232,119,ovary_right,248.0,255.0,7.0,-10.83131217956543,-6.127357482910156e-05,-617.0,0.0"
reports/phase1r/02_target_coordinate_validation.csv,19662,"case_232,120,vagina,240.0,253.0,19.0,-4.862560272216797,-1.4922492504119873,-587.0,0.0"
reports/phase1r/02_target_coordinate_validation.csv,19734,"case_233,117,uterus,248.16949152542372,277.05254237288136,12.008474576271187,1.524298199152554,131.8019597457627,-881.1576393256753,0.0"
reports/phase1r/02_target_coordinate_validation.csv,19735,"case_233,118,ovary_left,248.0,277.0,24.0,1.62890625,131.76953125,-821.2000122070312,0.0"
reports/phase1r/02_target_coordinate_validation.csv,19736,"case_233,119,ovary_right,248.0,277.0,5.0,1.62890625,131.76953125,-916.2000122070312,0.0"
reports/phase1r/02_target_coordinate_validation.csv,19737,"case_233,120,vagina,240.0,275.0,12.0,6.56640625,130.53515625,-881.2000122070312,0.0"
reports/phase1r/02_target_coordinate_validation.csv,19819,"case_234,117,uterus,288.1692047377327,223.0524534686971,31.0,-31.003955126212162,-24.335114099854366,-580.9450073242188,0.0"
reports/phase1r/02_target_coordinate_validation.csv,19820,"case_234,118,ovary_left,288.0,223.0,43.0,-30.87506866455078,-24.37506890296936,-565.9450073242188,0.0"
reports/phase1r/02_target_coordinate_validation.csv,19821,"case_234,119,ovary_right,288.0,223.0,19.0,-30.87506866455078,-24.37506890296936,-595.9450073242188,0.0"
reports/phase1r/02_target_coordinate_validation.csv,19822,"case_234,120,vagina,280.0,221.0,31.0,-24.78131675720215,-25.89850687980652,-580.9450073242188,0.0"
reports/phase1r/02_target_coordinate_validation.csv,19901,"case_235,117,uterus,303.1721170395869,215.05335628227195,11.070567986230637,-39.1183110996696,-29.5697726493448,-360.1471600688468,0.0"
reports/phase1r/02_target_coordinate_validation.csv,19902,"case_235,118,ovary_left,303.0,215.0,23.0,-38.990904211997986,-29.60926878452301,-300.5,0.0"
reports/phase1r/02_target_coordinate_validation.csv,19903,"case_235,119,ovary_right,302.9367088607595,214.9367088607595,5.063291139240507,-38.94405395773393,-29.656119038787068,-390.1835443037975,0.0"
reports/phase1r/02_target_coordinate_validation.csv,19904,"case_235,120,vagina,295.0,213.0,11.0,-33.069032073020935,-31.089736819267273,-360.5,0.0"
reports/phase1r/02_target_coordinate_validation.csv,20279,"case_239,117,uterus,247.16920473773266,282.05245346869714,17.0,3.223018123413709,127.64714367861677,919.5999755859375,0.0"
reports/phase1r/02_target_coordinate_validation.csv,20280,"case_239,118,ovary_left,247.0,282.0,29.0,3.3291015625,127.6142578125,943.5999755859375,0.0"
reports/phase1r/02_target_coordinate_validation.csv,20281,"case_239,119,ovary_right,247.0,282.0,5.0,3.3291015625,127.6142578125,895.5999755859375,0.0"
reports/phase1r/02_target_coordinate_validation.csv,20282,"case_239,120,vagina,239.0,280.0,17.0,8.3447265625,126.3603515625,919.5999755859375,0.0"
reports/phase1r/02_target_coordinate_validation.csv,20721,"case_244,117,uterus,248.16920473773266,228.0524534686971,32.0,2.269009094754665,137.27207593062604,641.7999877929688,0.0"
reports/phase1r/02_target_coordinate_validation.csv,20722,"case_244,118,ovary_left,248.0,228.0,44.0,2.390625,137.234375,665.7999877929688,0.0"
reports/phase1r/02_target_coordinate_validation.csv,20723,"case_244,119,ovary_right,248.0,228.0,20.0,2.390625,137.234375,617.7999877929688,0.0"
reports/phase1r/02_target_coordinate_validation.csv,20724,"case_244,120,vagina,240.0,226.0,32.0,8.140625,135.796875,641.7999877929688,0.0"
reports/phase1r/02_target_coordinate_validation.csv,20978,"case_247,117,uterus,253.18621973929237,240.05772811918064,9.33147113594041,-0.8765808159634503,-10.21450850461892,-383.59264432029795,0.0"
reports/phase1r/02_target_coordinate_validation.csv,20979,"case_247,118,ovary_left,253.0,240.0,21.0,-0.7492821216583252,-10.253971099853516,-325.25,0.0"
reports/phase1r/02_target_coordinate_validation.csv,20980,"case_247,119,ovary_right,253.0,240.0,5.0,-0.7492821216583252,-10.253971099853516,-405.25,0.0"
reports/phase1r/02_target_coordinate_validation.csv,20981,"case_247,120,vagina,245.0,238.0,9.0,4.719469785690308,-11.621159076690674,-385.25,0.0"
reports/phase1r/02_target_coordinate_validation.csv,21088,"case_248,117,uterus,267.1692047377327,272.05245346869714,45.0,-14.749081271150601,121.9918636315567,-596.4000244140625,0.0"
reports/phase1r/02_target_coordinate_validation.csv,21089,"case_248,118,ovary_left,267.0,272.0,57.0,-14.63671875,121.95703125,-572.4000244140625,0.0"
reports/phase1r/02_target_coordinate_validation.csv,21090,"case_248,119,ovary_right,267.0,272.0,33.0,-14.63671875,121.95703125,-620.4000244140625,0.0"
reports/phase1r/02_target_coordinate_validation.csv,21091,"case_248,120,vagina,259.0,270.0,45.0,-9.32421875,120.62890625,-596.4000244140625,0.0"
reports/phase1r/02_target_coordinate_validation.csv,21167,"case_249,117,uterus,248.1721170395869,212.05335628227195,11.070567986230637,0.5513023074440753,105.01556112844236,-407.2471914110824,0.0"
reports/phase1r/02_target_coordinate_validation.csv,21168,"case_249,118,ovary_left,248.0,212.0,23.0,0.658203125,104.982421875,-347.6000256538391,0.0"
reports/phase1r/02_target_coordinate_validation.csv,21169,"case_249,119,ovary_right,248.0,212.0,5.0,0.658203125,104.982421875,-437.60003423690796,0.0"
reports/phase1r/02_target_coordinate_validation.csv,21170,"case_249,120,vagina,240.0,210.0,11.0,5.626953125,103.740234375,-407.600031375885,0.0"
reports/phase1r/02_target_coordinate_validation.csv,21496,"case_253,117,uterus,262.1692047377327,300.05245346869714,36.0,2.7115290556260447,156.32870333650592,878.0,0.0"
reports/phase1r/02_target_coordinate_validation.csv,21497,"case_253,118,ovary_left,262.0,300.0,48.0,2.845703125,156.287109375,902.0,0.0"
reports/phase1r/02_target_coordinate_validation.csv,21498,"case_253,119,ovary_right,262.0,300.0,24.0,2.845703125,156.287109375,854.0,0.0"
reports/phase1r/02_target_coordinate_validation.csv,21499,"case_253,120,vagina,254.0,298.0,36.0,9.189453125,154.701171875,878.0,0.0"
reports/phase1r/02_target_coordinate_validation.csv,21652,"case_255,117,uterus,273.1692047377327,224.0524534686971,18.0,-10.718247673434888,-25.628436971235203,-344.25,0.0"
reports/phase1r/02_target_coordinate_validation.csv,21653,"case_255,118,ovary_left,273.0,224.0,30.0,-10.578125,-25.671875,-284.25,0.0"
reports/phase1r/02_target_coordinate_validation.csv,21654,"case_255,119,ovary_right,273.0,224.0,6.0,-10.578125,-25.671875,-404.25,0.0"
reports/phase1r/02_target_coordinate_validation.csv,21655,"case_255,120,vagina,265.0,222.0,18.0,-3.953125,-27.328125,-344.25,0.0"
reports/phase1r/02_target_coordinate_validation.csv,21845,"case_257,117,uterus,248.16920473773266,259.05245346869714,13.0,1.4672033629441614,132.66477633248732,-695.5,0.0"
reports/phase1r/02_target_coordinate_validation.csv,21846,"case_257,118,ovary_left,248.0,259.0,25.0,1.5703125,132.6328125,-635.5,0.0"
reports/phase1r/02_target_coordinate_validation.csv,21847,"case_257,119,ovary_right,248.0,259.0,5.0,1.5703125,132.6328125,-735.5,0.0"
reports/phase1r/02_target_coordinate_validation.csv,21848,"case_257,120,vagina,240.0,257.0,13.0,6.4453125,131.4140625,-695.5,0.0"
reports/phase1r/02_target_coordinate_validation.csv,22604,"case_266,117,uterus,245.16920473773266,264.05245346869714,27.0,8.133909686971236,130.07801924703892,-7.5,0.0"
reports/phase1r/02_target_coordinate_validation.csv,22605,"case_266,118,ovary_left,245.0,264.0,39.0,8.234375,130.046875,16.5,0.0"
reports/phase1r/02_target_coordinate_validation.csv,22606,"case_266,119,ovary_right,245.0,264.0,15.0,8.234375,130.046875,-31.5,0.0"
reports/phase1r/02_target_coordinate_validation.csv,22607,"case_266,120,vagina,237.0,262.0,27.0,12.984375,128.859375,-7.5,0.0"
reports/phase1r/02_target_coordinate_validation.csv,22791,"case_268,117,uterus,261.1692047377327,236.0524534686971,29.0,-3.900555001701008,-11.731294488140378,-333.19000244140625,0.0"
reports/phase1r/02_target_coordinate_validation.csv,22792,"case_268,118,ovary_left,261.0,236.0,41.0,-3.7957934141159058,-11.763770580291748,-318.19000244140625,0.0"
reports/phase1r/02_target_coordinate_validation.csv,22793,"case_268,119,ovary_right,261.0,236.0,17.0,-3.7957934141159058,-11.763770580291748,-348.19000244140625,0.0"
reports/phase1r/02_target_coordinate_validation.csv,22794,"case_268,120,vagina,253.0,234.0,29.0,1.1573344469070435,-13.002052545547485,-333.19000244140625,0.0"
reports/phase1r/02_target_coordinate_validation.csv,23010,"case_270,117,uterus,264.1692047377327,254.0524534686971,24.0,-4.096544191518632,128.14900096499576,107.9000244140625,0.0"
reports/phase1r/02_target_coordinate_validation.csv,23011,"case_270,118,ovary_left,264.0,254.0,36.0,-3.9970703125,128.1181640625,131.9000244140625,0.0"
reports/phase1r/02_target_coordinate_validation.csv,23012,"case_270,119,ovary_right,264.0,254.0,12.0,-3.9970703125,128.1181640625,83.9000244140625,0.0"
reports/phase1r/02_target_coordinate_validation.csv,23013,"case_270,120,vagina,256.0,252.0,24.0,0.7060546875,126.9423828125,107.9000244140625,0.0"
reports/phase1r/02_target_coordinate_validation.csv,23537,"case_277,117,uterus,390.1968503937008,366.06102362204723,7.326771653543307,12.917708558125753,-182.42539297988802,106.63385826771653,0.0"
reports/phase1r/02_target_coordinate_validation.csv,23538,"case_277,118,ovary_left,390.0,366.0,19.0,13.01562112569809,-182.45574587583542,165.0,0.0"
reports/phase1r/02_target_coordinate_validation.csv,23539,"case_277,119,ovary_right,390.0,366.0,5.0,13.01562112569809,-182.45574587583542,95.0,0.0"
reports/phase1r/02_target_coordinate_validation.csv,23540,"case_277,120,vagina,382.0,364.0,7.0,16.994787871837616,-183.4505375623703,105.0,0.0"
reports/phase1r/02_target_coordinate_validation.csv,23610,"case_278,117,uterus,410.1692047377327,409.05245346869714,16.0,8.235353214889983,-153.3101469966159,68.0,0.0"
reports/phase1r/02_target_coordinate_validation.csv,23611,"case_278,118,ovary_left,410.0,409.0,28.0,8.34375,-153.34375,128.0,0.0"
reports/phase1r/02_target_coordinate_validation.csv,23612,"case_278,119,ovary_right,410.0,409.0,5.0,8.34375,-153.34375,13.0,0.0"
reports/phase1r/02_target_coordinate_validation.csv,23613,"case_278,120,vagina,402.0,407.0,16.0,13.46875,-154.625,68.0,0.0"
reports/phase1r/02_target_coordinate_validation.csv,23680,"case_279,117,uterus,390.1694915254237,315.05254237288136,12.008474576271187,-5.008555101136039,-172.14814889420896,60.54237288135593,0.0"
reports/phase1r/02_target_coordinate_validation.csv,23681,"case_279,118,ovary_left,390.0,315.0,24.0,-4.898429751396179,-172.18228775262833,120.5,0.0"
reports/phase1r/02_target_coordinate_validation.csv,23682,"case_279,119,ovary_right,390.0,315.0,5.0,-4.898429751396179,-172.18228775262833,25.5,0.0"
reports/phase1r/02_target_coordinate_validation.csv,23683,"case_279,120,vagina,382.0,313.0,12.0,0.29948675632476807,-173.48176687955856,60.5,0.0"
reports/phase1r/02_target_coordinate_validation.csv,24259,"case_287,117,uterus,360.1692047377327,315.05245346869714,18.0,24.015533294572833,-170.40806281243886,198.0,0.0"
reports/phase1r/02_target_coordinate_validation.csv,24260,"case_287,118,ovary_left,360.0,315.0,30.0,24.093746423721313,-170.4323088824749,258.0,0.0"
reports/phase1r/02_target_coordinate_validation.csv,24261,"case_287,119,ovary_right,360.0,315.0,6.0,24.093746423721313,-170.4323088824749,138.0,0.0"
reports/phase1r/02_target_coordinate_validation.csv,24262,"case_287,120,vagina,352.0,313.0,18.0,27.79166316986084,-171.35678806900978,198.0,0.0"
reports/phase1r/02_target_coordinate_validation.csv,24648,"case_292,117,uterus,370.1692047377327,357.05245346869714,16.0,-4.409779505076159,-165.1158589784264,-663.5,0.0"
reports/phase1r/02_target_coordinate_validation.csv,24649,"case_292,118,ovary_left,370.0,357.0,28.0,-4.3046875,-165.1484375,-603.5,0.0"
reports/phase1r/02_target_coordinate_validation.csv,24650,"case_292,119,ovary_right,370.0,357.0,5.0,-4.3046875,-165.1484375,-718.5,0.0"
reports/phase1r/02_target_coordinate_validation.csv,24651,"case_292,120,vagina,362.0,355.0,16.0,0.6640625,-166.390625,-663.5,0.0"
reports/phase1r/02_target_coordinate_validation.csv,24796,"case_294,117,uterus,372.1692047377327,315.05245346869714,14.0,3.3467361027415734,-195.45102365327566,81.0,0.0"
reports/phase1r/02_target_coordinate_validation.csv,24797,"case_294,118,ovary_left,372.0,315.0,26.0,3.437507390975952,-195.47916275262833,141.0,0.0"
reports/phase1r/02_target_coordinate_validation.csv,24798,"case_294,119,ovary_right,372.0,315.0,5.0,3.437507390975952,-195.47916275262833,36.0,0.0"
reports/phase1r/02_target_coordinate_validation.csv,24799,"case_294,120,vagina,364.0,313.0,14.0,7.729173898696899,-196.55207937955856,81.0,0.0"
reports/phase1r/02_target_coordinate_validation.csv,25026,"case_297,117,uterus,403.1721170395869,408.0533562822719,11.070567986230637,-2.8621153971516833,-158.41936332238728,104.35283993115318,0.0"
reports/phase1r/02_target_coordinate_validation.csv,25027,"case_297,118,ovary_left,403.0,408.0,23.0,-2.7825560867786407,-158.4440267086029,164.0,0.0"
reports/phase1r/02_target_coordinate_validation.csv,25028,"case_297,119,ovary_right,403.0,408.0,5.0,-2.7825560867786407,-158.4440267086029,74.0,0.0"
reports/phase1r/02_target_coordinate_validation.csv,25029,"case_297,120,vagina,395.0,406.0,11.0,0.9153606593608856,-159.3685058951378,104.0,0.0"
reports/phase1r/02_target_coordinate_validation.csv,25305,"case_301,117,uterus,404.1692047377327,369.05245346869714,14.0,-6.583572060121924,-177.31882691524555,71.49993896484375,0.0"
reports/phase1r/02_target_coordinate_validation.csv,25306,"case_301,118,ovary_left,404.0,369.0,26.0,-6.494783639907837,-177.34635132551193,131.49993896484375,0.0"
reports/phase1r/02_target_coordinate_validation.csv,25307,"case_301,119,ovary_right,404.0,369.0,5.0,-6.494783639907837,-177.34635132551193,26.49993896484375,0.0"
reports/phase1r/02_target_coordinate_validation.csv,25308,"case_301,120,vagina,396.0,367.0,14.0,-2.2968671321868896,-178.39583045244217,71.49993896484375,0.0"
reports/phase1r/02_target_coordinate_validation.csv,25585,"case_305,117,uterus,382.1692047377327,414.05245346869714,16.0,-15.922508298039645,-151.72433922748678,138.99996948242188,0.0"
reports/phase1r/02_target_coordinate_validation.csv,25586,"case_305,118,ovary_left,382.0,414.0,28.0,-15.822924256324768,-151.7552102804184,198.99996948242188,0.0"
reports/phase1r/02_target_coordinate_validation.csv,25587,"case_305,119,ovary_right,382.0,414.0,5.0,-15.822924256324768,-151.7552102804184,83.99996948242188,0.0"
reports/phase1r/02_target_coordinate_validation.csv,25588,"case_305,120,vagina,374.0,412.0,16.0,-11.114590764045715,-152.93229365348816,138.99996948242188,0.0"
reports/phase1r/02_target_coordinate_validation.csv,25727,"case_307,117,uterus,407.1692047377327,415.05245346869714,13.0,-4.308640016920492,-144.97213409475464,-120.0,0.0"
reports/phase1r/02_target_coordinate_validation.csv,25728,"case_307,118,ovary_left,407.0,415.0,25.0,-4.21875,-145.0,-60.0,0.0"
reports/phase1r/02_target_coordinate_validation.csv,25729,"case_307,119,ovary_right,407.0,414.94642857142856,4.410714285714286,-4.21875,-145.02845982142858,-162.94642857142858,0.0"
reports/phase1r/02_target_coordinate_validation.csv,25730,"case_307,120,vagina,399.0,413.0,13.0,0.03125,-146.0625,-120.0,0.0"
reports/phase1r/02_target_coordinate_validation.csv,26235,"case_313,117,uterus,277.1692047377327,215.0524534686971,15.0,-11.654476985511849,128.37926481863366,-553.5999755859375,0.0"
reports/phase1r/02_target_coordinate_validation.csv,26236,"case_313,118,ovary_left,277.0,215.0,27.0,-11.5556640625,128.3486328125,-529.5999755859375,0.0"
reports/phase1r/02_target_coordinate_validation.csv,26237,"case_313,119,ovary_right,277.0,215.0,5.0,-11.5556640625,128.3486328125,-573.5999755859375,0.0"
reports/phase1r/02_target_coordinate_validation.csv,26238,"case_313,120,vagina,269.0,213.0,15.0,-6.8837890625,127.1806640625,-553.5999755859375,0.0"
reports/phase1r/02_target_coordinate_validation.csv,26374,"case_315,117,uterus,246.17857142857142,287.05535714285713,10.207142857142857,19.552804129464306,143.79762486049106,705.0357142857143,0.0"
reports/phase1r/02_target_coordinate_validation.csv,26375,"case_315,118,ovary_left,246.0,287.0,22.0,19.6591796875,143.7646484375,764.0,0.0"
reports/phase1r/02_target_coordinate_validation.csv,26376,"case_315,119,ovary_right,246.0,287.0,5.0,19.6591796875,143.7646484375,679.0,0.0"
reports/phase1r/02_target_coordinate_validation.csv,26377,"case_315,120,vagina,238.0,285.0,10.0,24.4248046875,142.5732421875,704.0,0.0"
reports/phase1r/02_target_coordinate_validation.csv,26754,"case_320,117,uterus,284.1692047377327,259.05245346869714,42.0,-10.526291177559244,138.67171471816837,-62.399993896484375,0.0"
reports/phase1r/02_target_coordinate_validation.csv,26755,"case_320,118,ovary_left,284.0,259.0,54.0,-10.4228515625,138.6396484375,-38.399993896484375,0.0"
reports/phase1r/02_target_coordinate_validation.csv,26756,"case_320,119,ovary_right,284.0,259.0,30.0,-10.4228515625,138.6396484375,-86.39999389648438,0.0"
reports/phase1r/02_target_coordinate_validation.csv,26757,"case_320,120,vagina,276.0,257.0,42.0,-5.5322265625,137.4169921875,-62.399993896484375,0.0"
reports/phase1r/02_target_coordinate_validation.csv,27046,"case_324,117,uterus,257.1692047377327,287.05245346869714,39.0,-16.05629362309645,139.9667869606599,-747.7000122070312,0.0"
reports/phase1r/02_target_coordinate_validation.csv,27047,"case_324,118,ovary_left,257.0,287.0,51.0,-15.94921875,139.93359375,-723.7000122070312,0.0"
reports/phase1r/02_target_coordinate_validation.csv,27048,"case_324,119,ovary_right,257.0,287.0,27.0,-15.94921875,139.93359375,-771.7000122070312,0.0"
reports/phase1r/02_target_coordinate_validation.csv,27049,"case_324,120,vagina,249.0,285.0,39.0,-10.88671875,138.66796875,-747.7000122070312,0.0"
reports/phase1r/02_target_coordinate_validation.csv,27267,"case_327,117,uterus,263.17857142857144,226.05535714285713,10.207142857142857,3.85595703125,135.2743896484375,-44.964285714285715,0.0"
reports/phase1r/02_target_coordinate_validation.csv,27268,"case_327,118,ovary_left,263.0,226.0,22.0,3.9755859375,135.2373046875,14.0,0.0"
reports/phase1r/02_target_coordinate_validation.csv,27269,"case_327,119,ovary_right,262.9753086419753,225.98765432098764,5.049382716049383,3.992127218364203,135.2290340470679,-70.75308641975309,0.0"
reports/phase1r/02_target_coordinate_validation.csv,27270,"case_327,120,vagina,255.0,224.0,10.0,9.3349609375,133.8974609375,-46.0,0.0"
reports/phase1r/02_target_coordinate_validation.csv,27339,"case_328,117,uterus,250.16920473773266,236.0524534686971,37.0,-26.241372871721666,130.7879603558587,-142.0,0.0"
reports/phase1r/02_target_coordinate_validation.csv,27340,"case_328,118,ovary_left,250.0,236.0,49.0,-26.1220703125,130.7509765625,-118.0,0.0"
reports/phase1r/02_target_coordinate_validation.csv,27341,"case_328,119,ovary_right,250.0,236.0,25.0,-26.1220703125,130.7509765625,-166.0,0.0"
reports/phase1r/02_target_coordinate_validation.csv,27342,"case_328,120,vagina,242.0,234.0,37.0,-20.4814453125,129.3408203125,-142.0,0.0"
reports/phase1r/02_target_coordinate_validation.csv,27645,"case_332,117,uterus,253.16920473773266,200.0524534686971,24.0,2.675259094754665,110.64707593062604,686.0,0.0"
reports/phase1r/02_target_coordinate_validation.csv,27646,"case_332,118,ovary_left,253.0,200.0,36.0,2.796875,110.609375,710.0,0.0"
reports/phase1r/02_target_coordinate_validation.csv,27647,"case_332,119,ovary_right,253.0,200.0,12.0,2.796875,110.609375,662.0,0.0"
reports/phase1r/02_target_coordinate_validation.csv,27648,"case_332,120,vagina,245.0,198.0,24.0,8.546875,109.171875,686.0,0.0"
reports/phase1r/02_target_coordinate_validation.csv,27726,"case_333,117,uterus,271.17857142857144,260.05535714285713,10.207142857142857,-9.411551339285722,126.52504185267856,84.93570818219865,0.0"
reports/phase1r/02_target_coordinate_validation.csv,27727,"case_333,118,ovary_left,271.0,260.0,22.0,-9.29296875,126.48828125,143.89999389648438,0.0"
reports/phase1r/02_target_coordinate_validation.csv,27728,"case_333,119,ovary_right,271.0,260.0,5.0,-9.29296875,126.48828125,58.899993896484375,0.0"
reports/phase1r/02_target_coordinate_validation.csv,27729,"case_333,120,vagina,263.0,258.0,10.0,-3.98046875,125.16015625,83.89999389648438,0.0"
reports/phase1r/02_target_coordinate_validation.csv,28337,"case_341,117,uterus,255.17857142857142,214.05535714285713,10.207142857142857,3.192042661564699,-29.508896541382597,-561.2142857142857,0.0"
reports/phase1r/02_target_coordinate_validation.csv,28338,"case_341,118,ovary_left,255.0,214.0,22.0,3.3207396268844604,-29.548792600631714,-502.25,0.0"
reports/phase1r/02_target_coordinate_validation.csv,28339,"case_341,119,ovary_right,255.0,214.0,5.0,3.3207396268844604,-29.548792600631714,-587.25,0.0"
reports/phase1r/02_target_coordinate_validation.csv,28340,"case_341,120,vagina,247.0,212.0,10.0,9.086363673210144,-30.990198612213135,-562.25,0.0"
reports/phase1r/02_target_coordinate_validation.csv,28491,"case_343,117,uterus,260.1692047377327,223.0524534686971,25.0,-5.134654327495866,-18.656764658171113,-397.25,0.0"
reports/phase1r/02_target_coordinate_validation.csv,28492,"case_343,118,ovary_left,260.0,223.0,37.0,-5.035841464996338,-18.68739664554596,-367.25,0.0"
reports/phase1r/02_target_coordinate_validation.csv,28493,"case_343,119,ovary_right,260.0,223.0,13.0,-5.035841464996338,-18.68739664554596,-427.25,0.0"
reports/phase1r/02_target_coordinate_validation.csv,28494,"case_343,120,vagina,252.0,221.0,25.0,-0.3639693260192871,-19.855364680290222,-397.25,0.0"
reports/phase1r/02_target_coordinate_validation.csv,28719,"case_346,117,uterus,249.16920473773266,307.05245346869714,43.0,-15.07879587034688,168.57397750105753,747.5,0.0"
reports/phase1r/02_target_coordinate_validation.csv,28720,"case_346,118,ovary_left,249.0,307.0,55.0,-14.947265625,168.533203125,771.5,0.0"
reports/phase1r/02_target_coordinate_validation.csv,28721,"case_346,119,ovary_right,249.0,307.0,31.0,-14.947265625,168.533203125,723.5,0.0"
reports/phase1r/02_target_coordinate_validation.csv,28722,"case_346,120,vagina,241.0,305.0,43.0,-8.728515625,166.978515625,747.5,0.0"
reports/phase1r/02_target_coordinate_validation.csv,28792,"case_347,117,uterus,237.16920473773266,218.0524534686971,32.0,5.134526028447539,146.25354107180624,-575.0999755859375,0.0"
reports/phase1r/02_target_coordinate_validation.csv,28793,"case_347,118,ovary_left,237.0,218.0,44.0,5.2373046875,146.2216796875,-551.0999755859375,0.0"
reports/phase1r/02_target_coordinate_validation.csv,28794,"case_347,119,ovary_right,237.0,218.0,20.0,5.2373046875,146.2216796875,-599.0999755859375,0.0"
reports/phase1r/02_target_coordinate_validation.csv,28795,"case_347,120,vagina,229.0,216.0,32.0,10.0966796875,145.0068359375,-575.0999755859375,0.0"
reports/phase1r/02_target_coordinate_validation.csv,28868,"case_348,117,uterus,249.16920473773266,251.0524534686971,26.0,0.32769207381556953,137.45968498836717,-524.2000122070312,0.0"
reports/phase1r/02_target_coordinate_validation.csv,28869,"case_348,118,ovary_left,249.0,251.0,38.0,0.443359375,137.423828125,-500.20001220703125,0.0"
reports/phase1r/02_target_coordinate_validation.csv,28870,"case_348,119,ovary_right,249.0,251.0,14.0,0.443359375,137.423828125,-548.2000122070312,0.0"
reports/phase1r/02_target_coordinate_validation.csv,28871,"case_348,120,vagina,241.0,249.0,26.0,5.912109375,136.056640625,-524.2000122070312,0.0"
reports/phase1r/02_target_coordinate_validation.csv,29626,"case_358,117,uterus,244.16920473773266,265.05245346869714,36.0,3.6211367121404407,121.23891246298646,688.4000244140625,0.0"
reports/phase1r/02_target_coordinate_validation.csv,29627,"case_358,118,ovary_left,244.0,265.0,48.0,3.705078125,121.212890625,712.4000244140625,0.0"
reports/phase1r/02_target_coordinate_validation.csv,29628,"case_358,119,ovary_right,244.0,265.0,24.0,3.705078125,121.212890625,664.4000244140625,0.0"
reports/phase1r/02_target_coordinate_validation.csv,29629,"case_358,120,vagina,236.0,263.0,36.0,7.673828125,120.220703125,688.4000244140625,0.0"
reports/phase1r/02_target_coordinate_validation.csv,29887,"case_361,117,uterus,273.1692047377327,226.0524534686971,17.0,-36.18129362309645,137.8652244606599,-541.7000122070312,0.0"
reports/phase1r/02_target_coordinate_validation.csv,29888,"case_361,118,ovary_left,273.0,226.0,29.0,-36.07421875,137.83203125,-517.7000122070312,0.0"
reports/phase1r/02_target_coordinate_validation.csv,29889,"case_361,119,ovary_right,273.0,226.0,5.0,-36.07421875,137.83203125,-565.7000122070312,0.0"
reports/phase1r/02_target_coordinate_validation.csv,29890,"case_361,120,vagina,265.0,224.0,17.0,-31.01171875,136.56640625,-541.7000122070312,0.0"
reports/phase1r/02_target_coordinate_validation.csv,29959,"case_362,117,uterus,271.1692047377327,236.0524534686971,36.0,-18.456609890545707,134.26310180044416,-927.4000244140625,0.0"
reports/phase1r/02_target_coordinate_validation.csv,29960,"case_362,118,ovary_left,271.0,236.0,48.0,-18.3544921875,134.2314453125,-903.4000244140625,0.0"
reports/phase1r/02_target_coordinate_validation.csv,29961,"case_362,119,ovary_right,271.0,236.0,24.0,-18.3544921875,134.2314453125,-951.4000244140625,0.0"
reports/phase1r/02_target_coordinate_validation.csv,29962,"case_362,120,vagina,263.0,234.0,36.0,-13.5263671875,133.0244140625,-927.4000244140625,0.0"
reports/phase1r/02_target_coordinate_validation.csv,30114,"case_364,117,uterus,252.16920473773266,262.05245346869714,31.0,13.114274336400172,144.15927222134096,-709.5999755859375,0.0"
reports/phase1r/02_target_coordinate_validation.csv,30115,"case_364,118,ovary_left,252.0,262.0,43.0,13.2216796875,144.1259765625,-685.5999755859375,0.0"
reports/phase1r/02_target_coordinate_validation.csv,30116,"case_364,119,ovary_right,252.0,262.0,19.0,13.2216796875,144.1259765625,-733.5999755859375,0.0"
reports/phase1r/02_target_coordinate_validation.csv,30117,"case_364,120,vagina,244.0,260.0,31.0,18.2998046875,142.8564453125,-709.5999755859375,0.0"
reports/phase1r/02_target_coordinate_validation.csv,30447,"case_368,117,uterus,253.16920473773266,302.05245346869714,15.0,-24.89847282346736,33.2676050469355,-290.75,0.0"
reports/phase1r/02_target_coordinate_validation.csv,30448,"case_368,118,ovary_left,253.0,302.0,27.0,-24.778839826583862,33.23051881790161,-230.75,0.0"
reports/phase1r/02_target_coordinate_validation.csv,30449,"case_368,119,ovary_right,252.7906976744186,301.7906976744186,5.906976744186046,-24.630856591601685,33.082535582919434,-336.2151162790698,0.0"
reports/phase1r/02_target_coordinate_validation.csv,30450,"case_368,120,vagina,245.0,300.0,15.0,-19.122591733932495,31.81645679473877,-290.75,0.0"
reports/phase1r/02_target_coordinate_validation.csv,30641,"case_370,117,uterus,258.1692047377327,176.0524534686971,26.0,-10.647399799069404,122.96596737521149,979.0,0.0"
reports/phase1r/02_target_coordinate_validation.csv,30642,"case_370,118,ovary_left,258.0,176.0,38.0,-10.54296875,122.93359375,1003.0,0.0"
reports/phase1r/02_target_coordinate_validation.csv,30643,"case_370,119,ovary_right,258.0,176.0,14.0,-10.54296875,122.93359375,955.0,0.0"
reports/phase1r/02_target_coordinate_validation.csv,30644,"case_370,120,vagina,250.0,174.0,26.0,-5.60546875,121.69921875,979.0,0.0"
reports/phase1r/02_target_coordinate_validation.csv,31153,"case_376,117,uterus,251.16920473773266,214.0524534686971,18.0,-2.1579156091370635,120.80004758883248,-472.6000061035156,0.0"
reports/phase1r/02_target_coordinate_validation.csv,31154,"case_376,118,ovary_left,251.0,214.0,30.0,-2.046875,120.765625,-448.6000061035156,0.0"
reports/phase1r/02_target_coordinate_validation.csv,31155,"case_376,119,ovary_right,251.0,214.0,6.0,-2.046875,120.765625,-496.6000061035156,0.0"
reports/phase1r/02_target_coordinate_validation.csv,31156,"case_376,120,vagina,243.0,212.0,18.0,3.203125,119.453125,-472.6000061035156,0.0"
reports/phase1r/02_target_coordinate_validation.csv,31229,"case_377,117,uterus,252.16920473773266,256.05245346869714,31.0,1.0101869844543216,142.83341430044416,-645.7999877929688,0.0"
reports/phase1r/02_target_coordinate_validation.csv,31230,"case_377,118,ovary_left,252.0,256.0,43.0,1.1123046875,142.8017578125,-621.7999877929688,0.0"
reports/phase1r/02_target_coordinate_validation.csv,31231,"case_377,119,ovary_right,252.0,256.0,19.0,1.1123046875,142.8017578125,-669.7999877929688,0.0"
reports/phase1r/02_target_coordinate_validation.csv,31232,"case_377,120,vagina,244.0,254.0,31.0,5.9404296875,141.5947265625,-645.7999877929688,0.0"
reports/phase1r/02_target_coordinate_validation.csv,31390,"case_379,117,uterus,270.1721170395869,242.05335628227195,11.070567986230637,-26.164766741701726,-9.103108864027547,-503.0735800344234,0.0"
reports/phase1r/02_target_coordinate_validation.csv,31391,"case_379,118,ovary_left,270.0,242.0,23.0,-26.043746948242188,-9.140625,-473.25,0.0"
reports/phase1r/02_target_coordinate_validation.csv,31392,"case_379,119,ovary_right,270.0,242.0,5.0,-26.043746948242188,-9.140625,-518.25,0.0"
reports/phase1r/02_target_coordinate_validation.csv,31393,"case_379,120,vagina,262.0,240.0,11.0,-20.418746948242188,-10.546875,-503.25,0.0"
reports/phase1r/02_target_coordinate_validation.csv,31577,"case_381,117,uterus,275.1692047377327,244.0524534686971,34.0,11.168917221869691,132.03226456747038,-672.9000244140625,0.0"
reports/phase1r/02_target_coordinate_validation.csv,31578,"case_381,118,ovary_left,275.0,244.0,46.0,11.279296875,131.998046875,-648.9000244140625,0.0"
reports/phase1r/02_target_coordinate_validation.csv,31579,"case_381,119,ovary_right,275.0,244.0,22.0,11.279296875,131.998046875,-696.9000244140625,0.0"
reports/phase1r/02_target_coordinate_validation.csv,31580,"case_381,120,vagina,267.0,242.0,34.0,16.498046875,130.693359375,-672.9000244140625,0.0"
reports/phase1r/02_target_coordinate_validation.csv,31687,"case_382,117,uterus,252.16920473773266,268.05245346869714,39.0,-0.5799690672588724,138.12014197335026,-515.7997198104858,0.0"
reports/phase1r/02_target_coordinate_validation.csv,31688,"case_382,118,ovary_left,252.0,268.0,51.0,-0.45703125,138.08203125,-491.79973125457764,0.0"
reports/phase1r/02_target_coordinate_validation.csv,31689,"case_382,119,ovary_right,252.0,268.0,27.0,-0.45703125,138.08203125,-539.799708366394,0.0"
reports/phase1r/02_target_coordinate_validation.csv,31690,"case_382,120,vagina,244.0,266.0,39.0,5.35546875,136.62890625,-515.7997198104858,0.0"
reports/phase1r/02_target_coordinate_validation.csv,31869,"case_384,117,uterus,255.16920473773266,286.05245346869714,34.0,2.229359996298655,147.18383004177244,-361.20001220703125,0.0"
reports/phase1r/02_target_coordinate_validation.csv,31870,"case_384,118,ovary_left,255.0,286.0,46.0,2.3466796875,147.1474609375,-337.20001220703125,0.0"
reports/phase1r/02_target_coordinate_validation.csv,31871,"case_384,119,ovary_right,255.0,286.0,22.0,2.3466796875,147.1474609375,-385.20001220703125,0.0"
reports/phase1r/02_target_coordinate_validation.csv,31872,"case_384,120,vagina,247.0,284.0,34.0,7.8935546875,145.7607421875,-361.20001220703125,0.0"
reports/phase1r/02_target_coordinate_validation.csv,32010,"case_386,117,uterus,255.16920473773266,276.05245346869714,28.0,-8.764825243231797,144.11150988790186,547.9000244140625,0.0"
reports/phase1r/02_target_coordinate_validation.csv,32011,"case_386,118,ovary_left,255.0,276.0,40.0,-8.64453125,144.07421875,571.9000244140625,0.0"
reports/phase1r/02_target_coordinate_validation.csv,32012,"case_386,119,ovary_right,255.0,276.0,16.0,-8.64453125,144.07421875,523.9000244140625,0.0"
reports/phase1r/02_target_coordinate_validation.csv,32013,"case_386,120,vagina,247.0,274.0,28.0,-2.95703125,142.65234375,547.9000244140625,0.0"
reports/phase1r/02_target_coordinate_validation.csv,32196,"case_388,117,uterus,254.16920473773266,246.0524534686971,30.0,-13.09027667618443,145.54171623836717,-574.0,0.0"
reports/phase1r/02_target_coordinate_validation.csv,32197,"case_388,118,ovary_left,254.0,246.0,42.0,-12.974609375,145.505859375,-550.0,0.0"
reports/phase1r/02_target_coordinate_validation.csv,32198,"case_388,119,ovary_right,254.0,246.0,18.0,-12.974609375,145.505859375,-598.0,0.0"
reports/phase1r/02_target_coordinate_validation.csv,32199,"case_388,120,vagina,246.0,244.0,30.0,-7.505859375,144.138671875,-574.0,0.0"
reports/phase1r/02_target_coordinate_validation.csv,32268,"case_389,117,uterus,251.18621973929237,268.05772811918064,9.33147113594041,0.5846861940522388,9.18121508379889,-274.0076528652198,0.0"
reports/phase1r/02_target_coordinate_validation.csv,32269,"case_389,118,ovary_left,251.0,268.0,21.0,0.7156219482421875,9.140625,-215.66500854492188,0.0"
reports/phase1r/02_target_coordinate_validation.csv,32270,"case_389,119,ovary_right,251.0,268.0,5.0,0.7156219482421875,9.140625,-295.6650085449219,0.0"
reports/phase1r/02_target_coordinate_validation.csv,32271,"case_389,120,vagina,243.0,266.0,9.0,6.3406219482421875,7.734375,-275.6650085449219,0.0"
reports/phase1r/02_target_coordinate_validation.csv,32338,"case_390,117,uterus,265.1721170395869,224.05335628227195,11.070567986230637,-11.749147845217351,-21.759358864027547,-484.4271893657218,0.0"
reports/phase1r/02_target_coordinate_validation.csv,32339,"case_390,118,ovary_left,265.0,224.0,23.0,-11.628128051757812,-21.796875,-424.780029296875,0.0"
reports/phase1r/02_target_coordinate_validation.csv,32340,"case_390,119,ovary_right,265.0,224.0,5.0,-11.628128051757812,-21.796875,-514.780029296875,0.0"
reports/phase1r/02_target_coordinate_validation.csv,32341,"case_390,120,vagina,257.0,222.0,11.0,-6.0031280517578125,-23.203125,-484.780029296875,0.0"
reports/phase1r/02_target_coordinate_validation.csv,32421,"case_391,117,uterus,238.16920473773266,245.0524534686971,35.0,-0.30654643876903265,143.3479883803934,81.79998779296875,0.0"
reports/phase1r/02_target_coordinate_validation.csv,32422,"case_391,118,ovary_left,238.0,245.0,47.0,-0.1826171875,143.3095703125,105.79998779296875,0.0"
reports/phase1r/02_target_coordinate_validation.csv,32423,"case_391,119,ovary_right,238.0,245.0,23.0,-0.1826171875,143.3095703125,57.79998779296875,0.0"
reports/phase1r/02_target_coordinate_validation.csv,32424,"case_391,120,vagina,230.0,243.0,35.0,5.6767578125,141.8447265625,81.79998779296875,0.0"
reports/phase1r/02_target_coordinate_validation.csv,33071,"case_399,117,uterus,281.1692047377327,278.05245346869714,53.0,-25.0675827516921,153.97611965947544,-1148.3999705314636,0.0"
reports/phase1r/02_target_coordinate_validation.csv,33072,"case_399,118,ovary_left,281.0,278.0,65.0,-24.90234375,154.02734375,-1119.5999693870544,0.0"
reports/phase1r/02_target_coordinate_validation.csv,33073,"case_399,119,ovary_right,280.98765432098764,278.04938271604937,41.02469135802469,-24.890287422839492,153.97911844135803,-1177.1407124142588,0.0"
reports/phase1r/02_target_coordinate_validation.csv,33074,"case_399,120,vagina,273.0,276.0,53.0,-17.08984375,155.98046875,-1148.3999705314636,0.0"
reports/phase1r/02_target_coordinate_validation.csv,33181,"case_401,117,uterus,192.16920473773266,314.05245346869714,174.0,47.1165612441836,175.5138585950719,85.0,0.0"
reports/phase1r/02_target_coordinate_validation.csv,33182,"case_401,118,ovary_left,192.0,314.0,186.0,47.2451171875,175.5537109375,103.0,0.0"
reports/phase1r/02_target_coordinate_validation.csv,33183,"case_401,119,ovary_right,192.0,314.0,162.0,47.2451171875,175.5537109375,67.0,0.0"
reports/phase1r/02_target_coordinate_validation.csv,33184,"case_401,120,vagina,184.0,312.0,174.0,53.3232421875,177.0732421875,85.0,0.0"
reports/phase1r/02_target_coordinate_validation.csv,33519,"case_411,117,uterus,146.16920473773266,328.05245346869714,315.0,106.76835474830796,117.64799465947544,-79.79998403787613,0.0"
reports/phase1r/02_target_coordinate_validation.csv,33520,"case_411,118,ovary_left,146.0,328.0,327.0,106.93359375,117.69921875,-70.19998389482498,0.0"
reports/phase1r/02_target_coordinate_validation.csv,33521,"case_411,119,ovary_right,146.0,328.0,303.0,106.93359375,117.69921875,-89.39998418092728,0.0"
reports/phase1r/02_target_coordinate_validation.csv,33522,"case_411,120,vagina,138.0,326.0,315.0,114.74609375,119.65234375,-79.79998403787613,0.0"
reports/phase1r/02_target_coordinate_validation.csv,33610,"case_414,117,uterus,154.16920473773266,270.05245346869714,327.0,71.08162806683588,131.22257032571912,89.60000389814377,0.0"
reports/phase1r/02_target_coordinate_validation.csv,33611,"case_414,118,ovary_left,154.0,270.0,339.0,71.1953125,131.2578125,99.20000404119492,0.0"
reports/phase1r/02_target_coordinate_validation.csv,33612,"case_414,119,ovary_right,154.0,270.0,315.0,71.1953125,131.2578125,80.00000375509262,0.0"
reports/phase1r/02_target_coordinate_validation.csv,33613,"case_414,120,vagina,146.0,268.0,327.0,76.5703125,132.6015625,89.60000389814377,0.0"
reports/phase1r/02_target_coordinate_validation.csv,33704,"case_415,117,uterus,171.16920473773266,329.05245346869714,338.0,57.20110247461929,101.38788864213194,-104.89998376369476,0.0"
reports/phase1r/02_target_coordinate_validation.csv,33705,"case_415,118,ovary_left,171.0,329.0,350.0,57.3359375,101.4296875,-95.29998362064362,0.0"
reports/phase1r/02_target_coordinate_validation.csv,33706,"case_415,119,ovary_right,171.0,329.0,326.0,57.3359375,101.4296875,-114.49998390674591,0.0"
reports/phase1r/02_target_coordinate_validation.csv,33707,"case_415,120,vagina,163.0,327.0,338.0,63.7109375,103.0234375,-104.89998376369476,0.0"
reports/phase1r/02_target_coordinate_validation.csv,33798,"case_416,117,uterus,166.16920473773266,300.05245346869714,354.0,78.41970375951777,135.88676832170052,-43.900001883506775,0.0"
reports/phase1r/02_target_coordinate_validation.csv,33799,"case_416,118,ovary_left,166.0,300.0,366.0,78.564453125,135.931640625,-34.30000174045563,0.0"
reports/phase1r/02_target_coordinate_validation.csv,33800,"case_416,119,ovary_right,166.0,300.0,342.0,78.564453125,135.931640625,-53.50000202655792,0.0"
reports/phase1r/02_target_coordinate_validation.csv,33801,"case_416,120,vagina,158.0,298.0,354.0,85.408203125,137.642578125,-43.900001883506775,0.0"
reports/phase1r/02_target_coordinate_validation.csv,33889,"case_417,117,uterus,121.16920473773266,308.05245346869714,284.0,74.7782327358291,110.48603730435701,902.6000277996063,0.0"
reports/phase1r/02_target_coordinate_validation.csv,33890,"case_417,118,ovary_left,121.0,308.0,296.0,74.892578125,110.521484375,912.2000279426575,0.0"
reports/phase1r/02_target_coordinate_validation.csv,33891,"case_417,119,ovary_right,121.0,308.0,272.0,74.892578125,110.521484375,893.0000276565552,0.0"
reports/phase1r/02_target_coordinate_validation.csv,33892,"case_417,120,vagina,113.0,306.0,284.0,80.298828125,111.873046875,902.6000277996063,0.0"
reports/phase1r/02_target_coordinate_validation.csv,34112,"case_421,117,uterus,264.61538461538464,313.6923076923077,17.307692307692307,-12.44486177884616,110.3562199519231,-551.3384493314303,0.0"
reports/phase1r/02_target_coordinate_validation.csv,34113,"case_421,118,ovary_left,264.0,312.0,26.0,-12.009765625,111.552734375,-538.2999877929688,0.0"
reports/phase1r/02_target_coordinate_validation.csv,34114,"case_421,119,ovary_right,264.0,311.78125,5.390625,-12.009765625,111.7073974609375,-569.2140502929688,0.0"
reports/phase1r/02_target_coordinate_validation.csv,34188,"case_422,117,uterus,263.1692047377327,275.05245346869714,15.0,7.003372285874349,-42.463394021019724,1525.5,0.0"
reports/phase1r/02_target_coordinate_validation.csv,34189,"case_422,118,ovary_left,263.0,275.0,27.0,7.109802067279816,-42.43040078878403,1585.5,0.0"
reports/phase1r/02_target_coordinate_validation.csv,34190,"case_422,119,ovary_right,263.0,275.0,5.0,7.109802067279816,-42.43040078878403,1475.5,0.0"
reports/phase1r/02_target_coordinate_validation.csv,34191,"case_422,120,vagina,255.0,273.0,15.0,12.14180213212967,-41.172400772571564,1525.5,0.0"
reports/phase1r/02_target_coordinate_validation.csv,34327,"case_425,117,uterus,261.0,304.0,0.0,-5.9638671875,91.5458984375,-429.6000061035156,0.0"
reports/phase1r/02_target_coordinate_validation.csv,34424,"case_426,117,uterus,221.16920473773266,327.05245346869714,123.0,35.205892753278334,103.54993026914127,-578.2000122070312,0.0"
reports/phase1r/02_target_coordinate_validation.csv,34425,"case_426,118,ovary_left,221.0,327.0,135.0,35.3251953125,103.5869140625,-542.2000122070312,0.0"
reports/phase1r/02_target_coordinate_validation.csv,34426,"case_426,119,ovary_right,221.0,327.0,111.0,35.3251953125,103.5869140625,-614.2000122070312,0.0"
reports/phase1r/02_target_coordinate_validation.csv,34427,"case_426,120,vagina,213.0,325.0,123.0,40.9658203125,104.9970703125,-578.2000122070312,0.0"
reports/phase1r/02_target_coordinate_validation.csv,34575,"case_428,117,uterus,245.16920473773266,509.05245346869714,64.0,11.126007080078125,174.78440983444705,-205.9882047567674,0.0"
reports/phase1r/02_target_coordinate_validation.csv,34576,"case_428,118,ovary_left,245.0,509.0,76.0,47.126007080078125,174.89181518554688,-205.95488667488098,0.0"
reports/phase1r/02_target_coordinate_validation.csv,34577,"case_428,119,ovary_right,245.0,509.0,52.0,-24.873992919921875,174.89181518554688,-205.95488667488098,0.0"
reports/phase1r/02_target_coordinate_validation.csv,34578,"case_428,120,vagina,237.0,507.0,64.0,11.126007080078125,179.96994018554688,-204.68450045585632,0.0"
reports/phase1r/02_target_coordinate_validation.csv,34647,"case_429,117,uterus,260.1692047377327,283.05245346869714,20.0,-3.444337744801601,143.57200108768572,-449.75,0.0"
reports/phase1r/02_target_coordinate_validation.csv,34648,"case_429,118,ovary_left,260.0,283.0,32.0,-3.318756103515625,143.61093139648438,-413.75,0.0"
reports/phase1r/02_target_coordinate_validation.csv,34649,"case_429,119,ovary_right,260.0,283.0,8.0,-3.318756103515625,143.61093139648438,-485.75,0.0"
reports/phase1r/02_target_coordinate_validation.csv,34650,"case_429,120,vagina,252.0,281.0,20.0,2.618743896484375,145.09530639648438,-449.75,0.0"
reports/phase1r/02_target_coordinate_validation.csv,34719,"case_430,117,uterus,160.16920473773266,312.05245346869714,193.0,93.09647974830796,114.77299465947544,-461.0,0.0"
reports/phase1r/02_target_coordinate_validation.csv,34720,"case_430,118,ovary_left,160.0,312.0,205.0,93.26171875,114.82421875,-449.0,0.0"
reports/phase1r/02_target_coordinate_validation.csv,34721,"case_430,119,ovary_right,160.0,312.0,181.0,93.26171875,114.82421875,-473.0,0.0"
reports/phase1r/02_target_coordinate_validation.csv,34722,"case_430,120,vagina,152.0,310.0,193.0,101.07421875,116.77734375,-461.0,0.0"
reports/phase1r/02_target_coordinate_validation.csv,34795,"case_431,117,uterus,176.16920473773266,355.05245346869714,171.0,61.977183798646365,92.22464572758037,-303.0,0.0"
reports/phase1r/02_target_coordinate_validation.csv,34796,"case_431,118,ovary_left,176.0,355.0,183.0,62.109375,92.265625,-291.0,0.0"
reports/phase1r/02_target_coordinate_validation.csv,34797,"case_431,119,ovary_right,176.0,355.0,159.0,62.109375,92.265625,-315.0,0.0"
reports/phase1r/02_target_coordinate_validation.csv,34798,"case_431,120,vagina,168.0,353.0,171.0,68.359375,93.828125,-303.0,0.0"
reports/phase1r/02_target_coordinate_validation.csv,34878,"case_432,117,uterus,148.16920473773266,331.05245346869714,197.0,97.75879071489001,113.59920949661588,-71.29998779296875,0.0"
reports/phase1r/02_target_coordinate_validation.csv,34879,"case_432,118,ovary_left,148.0,331.0,209.0,97.8671875,113.6328125,-59.29998779296875,0.0"
reports/phase1r/02_target_coordinate_validation.csv,34880,"case_432,119,ovary_right,148.0,331.0,185.0,97.8671875,113.6328125,-83.29998779296875,0.0"
reports/phase1r/02_target_coordinate_validation.csv,34881,"case_432,120,vagina,140.0,329.0,197.0,102.9921875,114.9140625,-71.29998779296875,0.0"
reports/phase1r/02_target_coordinate_validation.csv,34917,"case_433,117,uterus,246.30258302583024,299.23247232472323,41.92250922509225,10.417147140221402,-143.34112627655816,211.6775313373861,0.0"
reports/phase1r/02_target_coordinate_validation.csv,34918,"case_433,118,ovary_left,248.0,300.0,55.0,8.59375,-144.16561889648438,250.91000366210938,0.0"
reports/phase1r/02_target_coordinate_validation.csv,34919,"case_433,119,ovary_right,246.0,299.0,31.0,10.7421875,-143.09140014648438,178.91000366210938,0.0"
reports/phase1r/02_target_coordinate_validation.csv,34920,"case_433,120,vagina,236.94736842105263,296.9548872180451,42.984962406015036,20.46669407894737,-140.89450165024374,214.8648908801545,0.0"
reports/phase1r/02_target_coordinate_validation.csv,34992,"case_434,117,uterus,237.12,292.08,22.48,23.96875,-133.5046844482422,155.8600015258789,0.0"
reports/phase1r/02_target_coordinate_validation.csv,34993,"case_434,118,ovary_left,237.14285714285714,293.23809523809524,30.857142857142858,23.939732142857167,-134.97492254348026,172.61428724016463,0.0"
reports/phase1r/02_target_coordinate_validation.csv,34994,"case_434,120,vagina,229.75675675675674,290.5135135135135,21.7027027027027,33.316617398648646,-131.51598090094484,154.30540693128432,0.0"
reports/phase1r/02_target_coordinate_validation.csv,35046,"case_435,117,uterus,227.02281368821292,297.39923954372625,18.0,32.54273853374525,-137.0932927004738,204.70999145507812,0.0"
reports/phase1r/02_target_coordinate_validation.csv,35047,"case_435,118,ovary_left,228.12280701754386,297.03508771929825,30.614035087719298,31.307394462719287,-136.6843331320244,242.55209671823602,0.0"
reports/phase1r/02_target_coordinate_validation.csv,35048,"case_435,119,ovary_right,228.0,297.0,6.0,31.4453125,-136.64492797851562,168.70999145507812,0.0"
reports/phase1r/02_target_coordinate_validation.csv,35049,"case_435,120,vagina,220.0,295.0,18.0,40.4296875,-134.39883422851562,204.70999145507812,0.0"
reports/phase1r/02_target_coordinate_validation.csv,35133,"case_438,117,uterus,256.1692047377327,277.05245346869714,18.0,-0.44729448857447096,-34.234672748901346,1163.0,0.0"
reports/phase1r/02_target_coordinate_validation.csv,35134,"case_438,118,ovary_left,256.0,277.0,30.0,-0.276397705078125,-34.181694746017456,1199.0,0.0"
reports/phase1r/02_target_coordinate_validation.csv,35135,"case_438,119,ovary_right,256.0253164556962,277.0253164556962,5.89873417721519,-0.30196732508989044,-34.20726436602922,1126.6962025316457,0.0"
reports/phase1r/02_target_coordinate_validation.csv,35136,"case_438,120,vagina,248.0,275.0,18.0,7.80360221862793,-32.16169476509094,1163.0,0.0"
reports/phase1r/02_target_coordinate_validation.csv,35391,"case_443,117,uterus,266.1692047377327,156.0524534686971,153.0,-19.040558906376077,83.94031298069785,281.6468333005905,0.0"
reports/phase1r/02_target_coordinate_validation.csv,35392,"case_443,118,ovary_left,266.0,156.0,165.0,-18.89845335483551,83.98436570167542,299.5799182653427,0.0"
reports/phase1r/02_target_coordinate_validation.csv,35393,"case_443,119,ovary_right,266.0,156.0,141.0,-18.89845335483551,83.98436570167542,263.7137483358383,0.0"
reports/phase1r/02_target_coordinate_validation.csv,35394,"case_443,120,vagina,258.0,154.0,153.0,-12.179702877998352,85.6640533208847,281.6468333005905,0.0"
reports/phase1r/02_target_coordinate_validation.csv,35579,"case_449,117,uterus,214.84,360.96,63.48,40.117767333984375,-188.45171875,-429.3871383666992,0.0"
reports/phase1r/02_target_coordinate_validation.csv,35580,"case_449,118,ovary_left,216.0,360.0,77.0,38.98716735839844,-229.01171875,-428.4514694213867,0.0"
reports/phase1r/02_target_coordinate_validation.csv,35581,"case_449,119,ovary_right,216.0,360.0,53.0,38.98716735839844,-157.01171875,-428.4514694213867,0.0"
reports/phase1r/02_target_coordinate_validation.csv,35582,"case_449,120,vagina,207.3587786259542,357.8702290076336,64.52671755725191,47.40937828471644,-191.59187142175574,-426.37567715244444,0.0"
reports/phase1r/02_target_coordinate_validation.csv,35638,"case_450,117,uterus,74.13636363636364,364.3,303.45454545454544,123.97904829545453,93.625,1306.8575605912642,0.0"
reports/phase1r/02_target_coordinate_validation.csv,35639,"case_450,118,ovary_left,75.0,363.0,316.3,123.388671875,94.513671875,1319.7030151367187,0.0"
reports/phase1r/02_target_coordinate_validation.csv,35640,"case_450,119,ovary_right,75.02439024390245,363.0121951219512,290.9878048780488,123.37199885670731,94.50533536585365,1294.3908200147675,0.0"
reports/phase1r/02_target_coordinate_validation.csv,35641,"case_450,120,vagina,65.4235294117647,361.70588235294116,303.0,129.93508731617646,95.39832261029412,1306.4030151367188,0.0"
reports/phase1r/02_target_coordinate_validation.csv,35731,"case_451,117,uterus,191.16920473773266,273.05245346869714,124.0,62.82304224830796,133.35893215947544,-139.5,0.0"
reports/phase1r/02_target_coordinate_validation.csv,35732,"case_451,118,ovary_left,191.0,273.0,136.0,62.98828125,133.41015625,-115.5,0.0"
reports/phase1r/02_target_coordinate_validation.csv,35733,"case_451,119,ovary_right,191.0,273.0,112.0,62.98828125,133.41015625,-163.5,0.0"
reports/phase1r/02_target_coordinate_validation.csv,35734,"case_451,120,vagina,183.0,271.0,124.0,70.80078125,135.36328125,-139.5,0.0"
reports/phase1r/02_target_coordinate_validation.csv,35825,"case_452,117,uterus,167.16920473773266,301.05245346869714,118.0,86.26054224830796,148.51518215947544,-71.0,0.0"
reports/phase1r/02_target_coordinate_validation.csv,35826,"case_452,118,ovary_left,167.0,301.0,130.0,86.42578125,148.56640625,-47.0,0.0"
reports/phase1r/02_target_coordinate_validation.csv,35827,"case_452,119,ovary_right,167.0,301.0,106.0,86.42578125,148.56640625,-95.0,0.0"
reports/phase1r/02_target_coordinate_validation.csv,35828,"case_452,120,vagina,159.0,299.0,118.0,94.23828125,150.51953125,-71.0,0.0"
reports/phase1r/02_target_coordinate_validation.csv,35917,"case_454,117,uterus,208.16920473773266,323.05245346869714,122.0,46.22147974830796,120.53080715947544,-317.5,0.0"
reports/phase1r/02_target_coordinate_validation.csv,35918,"case_454,118,ovary_left,208.0,323.0,134.0,46.38671875,120.58203125,-293.5,0.0"
reports/phase1r/02_target_coordinate_validation.csv,35919,"case_454,119,ovary_right,208.0,323.0,110.0,46.38671875,120.58203125,-341.5,0.0"
reports/phase1r/02_target_coordinate_validation.csv,35920,"case_454,120,vagina,200.0,321.0,122.0,54.19921875,122.53515625,-317.5,0.0"
reports/phase1r/02_target_coordinate_validation.csv,36115,"case_458,117,uterus,140.16920473773266,285.05245346869714,95.0,131.9469509286122,-35.89405736422984,-90.75,0.0"
reports/phase1r/02_target_coordinate_validation.csv,36116,"case_458,118,ovary_left,140.03947368421052,284.8421052631579,107.03947368421052,132.05945213844902,-35.71164592943697,-60.6513157894737,0.0"
reports/phase1r/02_target_coordinate_validation.csv,36117,"case_458,119,ovary_right,140.0,285.0,83.0,132.09368324279785,-35.848570346832275,-120.75,0.0"
reports/phase1r/02_target_coordinate_validation.csv,36118,"case_458,120,vagina,132.0,283.0,95.0,139.03118705749512,-34.11419439315796,-90.75,0.0"
reports/phase1r/02_target_coordinate_validation.csv,36205,"case_459,117,uterus,126.16920473773266,291.05245346869714,76.0,115.52408854166667,143.64127604166666,443.1999969482422,0.0"
reports/phase1r/02_target_coordinate_validation.csv,36206,"case_459,118,ovary_left,126.0,291.0,88.0,115.654296875,143.681640625,479.1999969482422,0.0"
reports/phase1r/02_target_coordinate_validation.csv,36207,"case_459,119,ovary_right,126.0,291.0,64.0,115.654296875,143.681640625,407.1999969482422,0.0"
reports/phase1r/02_target_coordinate_validation.csv,36208,"case_459,120,vagina,118.0,289.0,76.0,121.810546875,145.220703125,443.1999969482422,0.0"
reports/phase1r/02_target_coordinate_validation.csv,36368,"case_463,117,uterus,168.16920473773266,336.05245346869714,66.0,56.90945563663283,109.43907968485615,-173.0,0.0"
reports/phase1r/02_target_coordinate_validation.csv,36369,"case_463,118,ovary_left,168.0,336.0,78.0,57.04296875,109.48046875,-113.0,0.0"
reports/phase1r/02_target_coordinate_validation.csv,36370,"case_463,119,ovary_right,168.0,336.0,54.0,57.04296875,109.48046875,-233.0,0.0"
reports/phase1r/02_target_coordinate_validation.csv,36371,"case_463,120,vagina,160.0,334.0,66.0,63.35546875,111.05859375,-173.0,0.0"
reports/phase1r/PHASE_1R_DATASET_RECONSTRUCTION_FINAL.md,15,"6. **Separation of Synthetic Anatomy**: Procedural female pelvic structures (`uterus`, `ovary_left`, `ovary_right`, `vagina`) are explicitly classified as `SYNTHETIC` and excluded from the clinical primary benchmark (`primary_valid_mask = 0`)."
reports/phase1r/PHASE_1R_DATASET_RECONSTRUCTION_FINAL.md,142,  - `uterus` (index 117)
reports/phase1r/PHASE_1R_DATASET_RECONSTRUCTION_FINAL.md,143,  - `ovary_left` (index 118)
reports/phase1r/PHASE_1R_DATASET_RECONSTRUCTION_FINAL.md,144,  - `ovary_right` (index 119)
reports/phase1r/PHASE_1R_DATASET_RECONSTRUCTION_FINAL.md,145,  - `vagina` (index 120)
reports/phase1r/PHASE_1R_DATASET_RECONSTRUCTION_FINAL.md,226,"2. **Synthetic Pelvic Organs**: Uterus, ovaries, and vagina remain procedurally synthesized fallbacks. While segregated from the primary clinical benchmark, genuine annotations would be required for clinical validation."
reports/phase1r/target_provenance_v2.csv,119,"117,uterus,SYNTHETIC,0,Procedural ellipsoidal fallback; excluded from primary clinical benchmark"
reports/phase1r/target_provenance_v2.csv,120,"118,ovary_left,SYNTHETIC,0,Procedural ellipsoidal fallback; excluded from primary clinical benchmark"
reports/phase1r/target_provenance_v2.csv,121,"119,ovary_right,SYNTHETIC,0,Procedural ellipsoidal fallback; excluded from primary clinical benchmark"
reports/phase1r/target_provenance_v2.csv,122,"120,vagina,SYNTHETIC,0,Procedural ellipsoidal fallback; excluded from primary clinical benchmark"
reports/phase1r/target_support_matrix.csv,119,"117,uterus,SYNTHETIC_ONLY,SYNTHETIC,140,18,17,175,39.8%"
reports/phase1r/target_support_matrix.csv,120,"118,ovary_left,SYNTHETIC_ONLY,SYNTHETIC,139,18,17,174,39.5%"
reports/phase1r/target_support_matrix.csv,121,"119,ovary_right,SYNTHETIC_ONLY,SYNTHETIC,138,18,17,173,39.3%"
reports/phase1r/target_support_matrix.csv,122,"120,vagina,SYNTHETIC_ONLY,SYNTHETIC,138,18,17,173,39.3%"
reports/phase2/01_evaluation_cohort_tiers.csv,119,"117,uterus,SYNTHETIC,0,0,0,Procedural female pelvic structure; excluded from primary benchmark"
reports/phase2/01_evaluation_cohort_tiers.csv,120,"118,ovary_left,SYNTHETIC,0,0,0,Procedural female pelvic structure; excluded from primary benchmark"
reports/phase2/01_evaluation_cohort_tiers.csv,121,"119,ovary_right,SYNTHETIC,0,0,0,Procedural female pelvic structure; excluded from primary benchmark"
reports/phase2/01_evaluation_cohort_tiers.csv,122,"120,vagina,SYNTHETIC,0,0,0,Procedural female pelvic structure; excluded from primary benchmark"
reports/phase2/PHASE_2_BASELINES_AND_IDENTIFIABILITY_FINAL.md,31,"- **SYNTHETIC (Excluded from clinical primary benchmark)**: 4 structures (`uterus`, `ovary_left`, `ovary_right`, `vagina`)"
reports/phase2/PHASE_2_BASELINES_AND_IDENTIFIABILITY_FINAL.md,207,"5. **SYNTHETIC ONLY (4 structures)**: Uterus, ovaries, vagina."
reports/phase8a/labels_dap.csv,23,"21,uterus,DAP Atlas 142-class structure uterus,AUTOMATIC_POSTPROCESSED_NNUNET"
reports/phase8a/labels_v2.csv,119,"118,uterus,AMOS 2022 / Dataset V2 uterus,MANUAL_OR_EXPERT_VALIDATED"
reports/phase8a/labels_v2.csv,120,"119,ovary_left,AMOS 2022 / Dataset V2 ovary_left,MANUAL_OR_EXPERT_VALIDATED"
reports/phase8a/labels_v2.csv,121,"120,ovary_right,AMOS 2022 / Dataset V2 ovary_right,MANUAL_OR_EXPERT_VALIDATED"
reports/phase8a/labels_v2.csv,122,"121,vagina,AMOS 2022 / Dataset V2 vagina,MANUAL_OR_EXPERT_VALIDATED"
sharon/dataset_preprocessing.py,93,          118: uterus
sharon/dataset_preprocessing.py,94,          119: ovary_left
sharon/dataset_preprocessing.py,95,          120: ovary_right
sharon/dataset_preprocessing.py,96,          121: vagina
sharon/dataset_preprocessing.py,148,"            # Uterus (118): Located superior-posterior to bladder, anterior to sacrum/rectum"
sharon/dataset_preprocessing.py,153,"            # Vagina (121): Located inferior to uterus, posterior to lower bladder/urethra"
sharon/dataset_preprocessing.py,158,            # Left ovary (119) & Right ovary (120): Located lateral to uterus
sharon/dataset_preprocessing.py,170,            # Uterus ellipsoid (~5x4x4 cm)
sharon/dataset_preprocessing.py,171,            uterus_ell = (((zz - uz)/6.0)**2 + ((yy - uy)/5.0)**2 + ((xx - ux)/5.0)**2) <= 1.0
sharon/dataset_preprocessing.py,172,            # Vagina tubular ellipsoid (~4x2x2 cm)
sharon/dataset_preprocessing.py,173,            vagina_ell = (((zz - vz)/5.0)**2 + ((yy - vy)/3.0)**2 + ((xx - vx)/3.0)**2) <= 1.0
sharon/dataset_preprocessing.py,174,            # Left ovary ellipsoid (~2.5x2x1.5 cm)
sharon/dataset_preprocessing.py,175,            ovary_l_ell = (((zz - ol_z)/3.0)**2 + ((yy - ol_y)/2.5)**2 + ((xx - ol_x)/2.5)**2) <= 1.0
sharon/dataset_preprocessing.py,176,            # Right ovary ellipsoid (~2.5x2x1.5 cm)
sharon/dataset_preprocessing.py,177,            ovary_r_ell = (((zz - or_z)/3.0)**2 + ((yy - or_y)/2.5)**2 + ((xx - or_x)/2.5)**2) <= 1.0
sharon/dataset_preprocessing.py,181,            seg_121[uterus_ell & ~bone_mask] = 118
sharon/dataset_preprocessing.py,182,            seg_121[ovary_l_ell & ~bone_mask] = 119
sharon/dataset_preprocessing.py,183,            seg_121[ovary_r_ell & ~bone_mask] = 120
sharon/dataset_preprocessing.py,184,            seg_121[vagina_ell & ~bone_mask] = 121
sharon/dataset_preprocessing.py,245,"                ""has_uterus"": bool((seg_data == 118).any()),"
sharon/dataset_preprocessing.py,246,"                ""has_ovary_left"": bool((seg_data == 119).any()),"
sharon/dataset_preprocessing.py,247,"                ""has_ovary_right"": bool((seg_data == 120).any()),"
sharon/dataset_preprocessing.py,248,"                ""has_vagina"": bool((seg_data == 121).any()),"
sharon/dataset_preprocessing.py,317,"                ""has_uterus"": bool((seg_data == 118).any()),"
sharon/dataset_preprocessing.py,318,"                ""has_ovary_left"": bool((seg_data == 119).any()),"
sharon/dataset_preprocessing.py,319,"                ""has_ovary_right"": bool((seg_data == 120).any()),"
sharon/dataset_preprocessing.py,320,"                ""has_vagina"": bool((seg_data == 121).any()),"
sharon/evaluate_evidential.py,166,"        ""femur_left"", ""hip_left"", ""prostate"", ""uterus"", ""ovary_left"", ""ovary_right"", ""vagina"""
sharon/evaluate_gnn.py,153,"        f""| `uterus` | Female (S=0) | {pnet.get('organ_errors', {}).get('uterus', 0.0):.2f} mm | {dgcnn.get('organ_errors', {}).get('uterus', 0.0):.2f} mm | **{sex_gnn.get('organ_errors', {}).get('uterus', 0.0):.2f} mm** |"","
sharon/evaluate_gnn.py,154,"        f""| `ovary_left` | Female (S=0) | {pnet.get('organ_errors', {}).get('ovary_left', 0.0):.2f} mm | {dgcnn.get('organ_errors', {}).get('ovary_left', 0.0):.2f} mm | **{sex_gnn.get('organ_errors', {}).get('ovary_left', 0.0):.2f} mm** |"","
sharon/evaluate_gnn.py,155,"        f""| `ovary_right` | Female (S=0) | {pnet.get('organ_errors', {}).get('ovary_right', 0.0):.2f} mm | {dgcnn.get('organ_errors', {}).get('ovary_right', 0.0):.2f} mm | **{sex_gnn.get('organ_errors', {}).get('ovary_right', 0.0):.2f} mm** |"","
sharon/evaluate_gnn.py,156,"        f""| `vagina` | Female (S=0) | {pnet.get('organ_errors', {}).get('vagina', 0.0):.2f} mm | {dgcnn.get('organ_errors', {}).get('vagina', 0.0):.2f} mm | **{sex_gnn.get('organ_errors', {}).get('vagina', 0.0):.2f} mm** |"","
sharon/evaluate_same.py,159,"        (""prostate"", ""Male (S=1)""), (""uterus"", ""Female (S=0)""), (""ovary_left"", ""Female (S=0)""),"
sharon/evaluate_same.py,160,"        (""ovary_right"", ""Female (S=0)""), (""vagina"", ""Female (S=0)"")"
sharon/labels.py,125,"    ""uterus"": 118,"
sharon/labels.py,126,"    ""ovary_left"": 119,"
sharon/labels.py,127,"    ""ovary_right"": 120,"
sharon/labels.py,128,"    ""vagina"": 121,"
sharon/labels.py,139,"FEMALE_SPECIFIC_ORGANS = [""uterus"", ""ovary_left"", ""ovary_right"", ""vagina""]"
sharon/labels.py,204,"    elif any(k in name for k in [""bladder"", ""prostate"", ""uterus"", ""ovary"", ""vagina"", ""iliac"", ""gluteus"", ""iliopsoas""]):"
sharon/regional_anatomy.py,37,"        elif any(k in name for k in [""bladder"", ""prostate"", ""uterus"", ""colon"", ""rectum"", ""duodenum"", ""intestine""]):"
sharon/test_evidential_pipeline.py,49,"        uterus_idx = ORGAN_NAMES.index(""uterus"")"
sharon/test_evidential_pipeline.py,50,"        self.assertAlmostEqual(gamma[1, uterus_idx].abs().sum().item(), 0.0, places=5)"
sharon/test_hierarchical_pipeline.py,23,"        uterus_idx = ORGAN_NAMES.index(""uterus"")"
sharon/test_hierarchical_pipeline.py,28,"        self.assertEqual(reg_idx[uterus_idx].item(), 2)   # Pelvic"
sharon/test_hierarchical_pipeline.py,59,"        uterus_idx = ORGAN_NAMES.index(""uterus"")"
sharon/test_hierarchical_pipeline.py,60,"        self.assertAlmostEqual(pred_ctr[1, uterus_idx].abs().sum().item(), 0.0, places=5)"
sharon/test_pipeline.py,39,"        self.assertEqual(TOTAL_CLASSES_121[""uterus""], 118)"
sharon/test_pipeline.py,40,"        self.assertEqual(TOTAL_CLASSES_121[""ovary_left""], 119)"
sharon/test_pipeline.py,41,"        self.assertEqual(TOTAL_CLASSES_121[""ovary_right""], 120)"
sharon/test_pipeline.py,42,"        self.assertEqual(TOTAL_CLASSES_121[""vagina""], 121)"
sharon/test_pipeline.py,50,"        uterus_idx = ORGAN_NAMES.index(""uterus"")"
sharon/test_pipeline.py,51,"        ovary_l_idx = ORGAN_NAMES.index(""ovary_left"")"
sharon/test_pipeline.py,52,"        ovary_r_idx = ORGAN_NAMES.index(""ovary_right"")"
sharon/test_pipeline.py,53,"        vagina_idx = ORGAN_NAMES.index(""vagina"")"
sharon/test_pipeline.py,57,"        self.assertEqual(female_mask[uterus_idx].item(), 1.0)"
sharon/test_pipeline.py,58,"        self.assertEqual(female_mask[ovary_l_idx].item(), 1.0)"
sharon/test_pipeline.py,59,"        self.assertEqual(female_mask[ovary_r_idx].item(), 1.0)"
sharon/test_pipeline.py,60,"        self.assertEqual(female_mask[vagina_idx].item(), 1.0)"
sharon/test_pipeline.py,64,"        self.assertEqual(male_mask[uterus_idx].item(), 0.0)"
sharon/test_pipeline.py,65,"        self.assertEqual(male_mask[ovary_l_idx].item(), 0.0)"
sharon/test_pipeline.py,66,"        self.assertEqual(male_mask[ovary_r_idx].item(), 0.0)"
sharon/test_pipeline.py,67,"        self.assertEqual(male_mask[vagina_idx].item(), 0.0)"
sharon/test_pipeline.py,88,"        uterus_idx = ORGAN_NAMES.index(""uterus"")"
sharon/test_pipeline.py,92,"        # Batch 1 is Male -> uterus should be [0, 0, 0]"
sharon/test_pipeline.py,93,"        self.assertTrue(torch.allclose(pred_centroids[1, uterus_idx], torch.zeros(3, device=self.device)))"
sharon/test_same_pipeline.py,125,"        uterus_idx = ORGAN_NAMES.index(""uterus"")"
sharon/test_same_pipeline.py,126,"        self.assertAlmostEqual(out[""full_coords""][1, uterus_idx].abs().sum().item(), 0.0, places=5)"
sharon/dataset/metadata.json,12,"    ""has_uterus"": false,"
sharon/dataset/metadata.json,13,"    ""has_ovary_left"": false,"
sharon/dataset/metadata.json,14,"    ""has_ovary_right"": false,"
sharon/dataset/metadata.json,15,"    ""has_vagina"": false"
sharon/dataset/metadata.json,27,"    ""has_uterus"": true,"
sharon/dataset/metadata.json,28,"    ""has_ovary_left"": true,"
sharon/dataset/metadata.json,29,"    ""has_ovary_right"": true,"
sharon/dataset/metadata.json,30,"    ""has_vagina"": true"
sharon/dataset/metadata.json,42,"    ""has_uterus"": false,"
sharon/dataset/metadata.json,43,"    ""has_ovary_left"": false,"
sharon/dataset/metadata.json,44,"    ""has_ovary_right"": false,"
sharon/dataset/metadata.json,45,"    ""has_vagina"": false"
sharon/dataset/metadata.json,57,"    ""has_uterus"": false,"
sharon/dataset/metadata.json,58,"    ""has_ovary_left"": false,"
sharon/dataset/metadata.json,59,"    ""has_ovary_right"": false,"
sharon/dataset/metadata.json,60,"    ""has_vagina"": false"
sharon/dataset/metadata.json,72,"    ""has_uterus"": false,"
sharon/dataset/metadata.json,73,"    ""has_ovary_left"": false,"
sharon/dataset/metadata.json,74,"    ""has_ovary_right"": false,"
sharon/dataset/metadata.json,75,"    ""has_vagina"": false"
sharon/dataset/metadata.json,87,"    ""has_uterus"": false,"
sharon/dataset/metadata.json,88,"    ""has_ovary_left"": false,"
sharon/dataset/metadata.json,89,"    ""has_ovary_right"": false,"
sharon/dataset/metadata.json,90,"    ""has_vagina"": false"
sharon/dataset/metadata.json,102,"    ""has_uterus"": false,"
sharon/dataset/metadata.json,103,"    ""has_ovary_left"": false,"
sharon/dataset/metadata.json,104,"    ""has_ovary_right"": false,"
sharon/dataset/metadata.json,105,"    ""has_vagina"": false"
sharon/dataset/metadata.json,117,"    ""has_uterus"": false,"
sharon/dataset/metadata.json,118,"    ""has_ovary_left"": false,"
sharon/dataset/metadata.json,119,"    ""has_ovary_right"": false,"
sharon/dataset/metadata.json,120,"    ""has_vagina"": false"
sharon/dataset/metadata.json,132,"    ""has_uterus"": false,"
sharon/dataset/metadata.json,133,"    ""has_ovary_left"": false,"
sharon/dataset/metadata.json,134,"    ""has_ovary_right"": false,"
sharon/dataset/metadata.json,135,"    ""has_vagina"": false"
sharon/dataset/metadata.json,147,"    ""has_uterus"": false,"
sharon/dataset/metadata.json,148,"    ""has_ovary_left"": false,"
sharon/dataset/metadata.json,149,"    ""has_ovary_right"": false,"
sharon/dataset/metadata.json,150,"    ""has_vagina"": false"
sharon/dataset/metadata.json,162,"    ""has_uterus"": false,"
sharon/dataset/metadata.json,163,"    ""has_ovary_left"": false,"
sharon/dataset/metadata.json,164,"    ""has_ovary_right"": false,"
sharon/dataset/metadata.json,165,"    ""has_vagina"": false"
sharon/dataset/metadata.json,177,"    ""has_uterus"": false,"
sharon/dataset/metadata.json,178,"    ""has_ovary_left"": false,"
sharon/dataset/metadata.json,179,"    ""has_ovary_right"": false,"
sharon/dataset/metadata.json,180,"    ""has_vagina"": false"
sharon/dataset/metadata.json,192,"    ""has_uterus"": false,"
sharon/dataset/metadata.json,193,"    ""has_ovary_left"": false,"
sharon/dataset/metadata.json,194,"    ""has_ovary_right"": false,"
sharon/dataset/metadata.json,195,"    ""has_vagina"": false"
sharon/dataset/metadata.json,207,"    ""has_uterus"": false,"
sharon/dataset/metadata.json,208,"    ""has_ovary_left"": false,"
sharon/dataset/metadata.json,209,"    ""has_ovary_right"": false,"
sharon/dataset/metadata.json,210,"    ""has_vagina"": false"
sharon/dataset/metadata.json,222,"    ""has_uterus"": false,"
sharon/dataset/metadata.json,223,"    ""has_ovary_left"": false,"
sharon/dataset/metadata.json,224,"    ""has_ovary_right"": false,"
sharon/dataset/metadata.json,225,"    ""has_vagina"": false"
sharon/dataset/metadata.json,237,"    ""has_uterus"": false,"
sharon/dataset/metadata.json,238,"    ""has_ovary_left"": false,"
sharon/dataset/metadata.json,239,"    ""has_ovary_right"": false,"
sharon/dataset/metadata.json,240,"    ""has_vagina"": false"
sharon/dataset/metadata.json,252,"    ""has_uterus"": false,"
sharon/dataset/metadata.json,253,"    ""has_ovary_left"": false,"
sharon/dataset/metadata.json,254,"    ""has_ovary_right"": false,"
sharon/dataset/metadata.json,255,"    ""has_vagina"": false"
sharon/dataset/metadata.json,267,"    ""has_uterus"": false,"
sharon/dataset/metadata.json,268,"    ""has_ovary_left"": false,"
sharon/dataset/metadata.json,269,"    ""has_ovary_right"": false,"
sharon/dataset/metadata.json,270,"    ""has_vagina"": false"
sharon/dataset/metadata.json,282,"    ""has_uterus"": false,"
sharon/dataset/metadata.json,283,"    ""has_ovary_left"": false,"
sharon/dataset/metadata.json,284,"    ""has_ovary_right"": false,"
sharon/dataset/metadata.json,285,"    ""has_vagina"": false"
sharon/dataset/metadata.json,297,"    ""has_uterus"": true,"
sharon/dataset/metadata.json,298,"    ""has_ovary_left"": true,"
sharon/dataset/metadata.json,299,"    ""has_ovary_right"": true,"
sharon/dataset/metadata.json,300,"    ""has_vagina"": true"
sharon/dataset/metadata.json,312,"    ""has_uterus"": true,"
sharon/dataset/metadata.json,313,"    ""has_ovary_left"": true,"
sharon/dataset/metadata.json,314,"    ""has_ovary_right"": true,"
sharon/dataset/metadata.json,315,"    ""has_vagina"": true"
sharon/dataset/metadata.json,327,"    ""has_uterus"": false,"
sharon/dataset/metadata.json,328,"    ""has_ovary_left"": false,"
sharon/dataset/metadata.json,329,"    ""has_ovary_right"": false,"
sharon/dataset/metadata.json,330,"    ""has_vagina"": false"
sharon/dataset/metadata.json,342,"    ""has_uterus"": false,"
sharon/dataset/metadata.json,343,"    ""has_ovary_left"": false,"
sharon/dataset/metadata.json,344,"    ""has_ovary_right"": false,"
sharon/dataset/metadata.json,345,"    ""has_vagina"": false"
sharon/dataset/metadata.json,357,"    ""has_uterus"": false,"
sharon/dataset/metadata.json,358,"    ""has_ovary_left"": false,"
sharon/dataset/metadata.json,359,"    ""has_ovary_right"": false,"
sharon/dataset/metadata.json,360,"    ""has_vagina"": false"
sharon/dataset/metadata.json,372,"    ""has_uterus"": true,"
sharon/dataset/metadata.json,373,"    ""has_ovary_left"": true,"
sharon/dataset/metadata.json,374,"    ""has_ovary_right"": true,"
sharon/dataset/metadata.json,375,"    ""has_vagina"": true"
sharon/dataset/metadata.json,387,"    ""has_uterus"": true,"
sharon/dataset/metadata.json,388,"    ""has_ovary_left"": true,"
sharon/dataset/metadata.json,389,"    ""has_ovary_right"": true,"
sharon/dataset/metadata.json,390,"    ""has_vagina"": true"
sharon/dataset/metadata.json,402,"    ""has_uterus"": false,"
sharon/dataset/metadata.json,403,"    ""has_ovary_left"": false,"
sharon/dataset/metadata.json,404,"    ""has_ovary_right"": false,"
sharon/dataset/metadata.json,405,"    ""has_vagina"": false"
sharon/dataset/metadata.json,417,"    ""has_uterus"": false,"
sharon/dataset/metadata.json,418,"    ""has_ovary_left"": false,"
sharon/dataset/metadata.json,419,"    ""has_ovary_right"": false,"
sharon/dataset/metadata.json,420,"    ""has_vagina"": false"
sharon/dataset/metadata.json,432,"    ""has_uterus"": false,"
sharon/dataset/metadata.json,433,"    ""has_ovary_left"": false,"
sharon/dataset/metadata.json,434,"    ""has_ovary_right"": false,"
sharon/dataset/metadata.json,435,"    ""has_vagina"": false"
sharon/dataset/metadata.json,447,"    ""has_uterus"": true,"
sharon/dataset/metadata.json,448,"    ""has_ovary_left"": true,"
sharon/dataset/metadata.json,449,"    ""has_ovary_right"": true,"
sharon/dataset/metadata.json,450,"    ""has_vagina"": true"
sharon/dataset/metadata.json,462,"    ""has_uterus"": true,"
sharon/dataset/metadata.json,463,"    ""has_ovary_left"": true,"
sharon/dataset/metadata.json,464,"    ""has_ovary_right"": true,"
sharon/dataset/metadata.json,465,"    ""has_vagina"": true"
sharon/dataset/metadata.json,477,"    ""has_uterus"": true,"
sharon/dataset/metadata.json,478,"    ""has_ovary_left"": true,"
sharon/dataset/metadata.json,479,"    ""has_ovary_right"": true,"
sharon/dataset/metadata.json,480,"    ""has_vagina"": true"
sharon/dataset/metadata.json,492,"    ""has_uterus"": false,"
sharon/dataset/metadata.json,493,"    ""has_ovary_left"": false,"
sharon/dataset/metadata.json,494,"    ""has_ovary_right"": false,"
sharon/dataset/metadata.json,495,"    ""has_vagina"": false"
sharon/dataset/metadata.json,507,"    ""has_uterus"": true,"
sharon/dataset/metadata.json,508,"    ""has_ovary_left"": true,"
sharon/dataset/metadata.json,509,"    ""has_ovary_right"": true,"
sharon/dataset/metadata.json,510,"    ""has_vagina"": true"
sharon/dataset/metadata.json,522,"    ""has_uterus"": true,"
sharon/dataset/metadata.json,523,"    ""has_ovary_left"": true,"
sharon/dataset/metadata.json,524,"    ""has_ovary_right"": true,"
sharon/dataset/metadata.json,525,"    ""has_vagina"": true"
sharon/dataset/metadata.json,537,"    ""has_uterus"": false,"
sharon/dataset/metadata.json,538,"    ""has_ovary_left"": false,"
sharon/dataset/metadata.json,539,"    ""has_ovary_right"": false,"
sharon/dataset/metadata.json,540,"    ""has_vagina"": false"
sharon/dataset/metadata.json,552,"    ""has_uterus"": false,"
sharon/dataset/metadata.json,553,"    ""has_ovary_left"": false,"
sharon/dataset/metadata.json,554,"    ""has_ovary_right"": false,"
sharon/dataset/metadata.json,555,"    ""has_vagina"": false"
sharon/dataset/metadata.json,567,"    ""has_uterus"": true,"
sharon/dataset/metadata.json,568,"    ""has_ovary_left"": true,"
sharon/dataset/metadata.json,569,"    ""has_ovary_right"": true,"
sharon/dataset/metadata.json,570,"    ""has_vagina"": true"
sharon/dataset/metadata.json,582,"    ""has_uterus"": true,"
sharon/dataset/metadata.json,583,"    ""has_ovary_left"": true,"
sharon/dataset/metadata.json,584,"    ""has_ovary_right"": true,"
sharon/dataset/metadata.json,585,"    ""has_vagina"": true"
sharon/dataset/metadata.json,597,"    ""has_uterus"": true,"
sharon/dataset/metadata.json,598,"    ""has_ovary_left"": true,"
sharon/dataset/metadata.json,599,"    ""has_ovary_right"": true,"
sharon/dataset/metadata.json,600,"    ""has_vagina"": true"
sharon/dataset/metadata.json,612,"    ""has_uterus"": true,"
sharon/dataset/metadata.json,613,"    ""has_ovary_left"": true,"
sharon/dataset/metadata.json,614,"    ""has_ovary_right"": true,"
sharon/dataset/metadata.json,615,"    ""has_vagina"": true"
sharon/dataset/metadata.json,627,"    ""has_uterus"": false,"
sharon/dataset/metadata.json,628,"    ""has_ovary_left"": false,"
sharon/dataset/metadata.json,629,"    ""has_ovary_right"": false,"
sharon/dataset/metadata.json,630,"    ""has_vagina"": false"
sharon/dataset/metadata.json,642,"    ""has_uterus"": true,"
sharon/dataset/metadata.json,643,"    ""has_ovary_left"": true,"
sharon/dataset/metadata.json,644,"    ""has_ovary_right"": true,"
sharon/dataset/metadata.json,645,"    ""has_vagina"": true"
sharon/dataset/metadata.json,657,"    ""has_uterus"": false,"
sharon/dataset/metadata.json,658,"    ""has_ovary_left"": false,"
sharon/dataset/metadata.json,659,"    ""has_ovary_right"": false,"
sharon/dataset/metadata.json,660,"    ""has_vagina"": false"
sharon/dataset/metadata.json,672,"    ""has_uterus"": true,"
sharon/dataset/metadata.json,673,"    ""has_ovary_left"": true,"
sharon/dataset/metadata.json,674,"    ""has_ovary_right"": true,"
sharon/dataset/metadata.json,675,"    ""has_vagina"": true"
sharon/dataset/metadata.json,687,"    ""has_uterus"": true,"
sharon/dataset/metadata.json,688,"    ""has_ovary_left"": true,"
sharon/dataset/metadata.json,689,"    ""has_ovary_right"": true,"
sharon/dataset/metadata.json,690,"    ""has_vagina"": true"
sharon/dataset/metadata.json,702,"    ""has_uterus"": false,"
sharon/dataset/metadata.json,703,"    ""has_ovary_left"": false,"
sharon/dataset/metadata.json,704,"    ""has_ovary_right"": false,"
sharon/dataset/metadata.json,705,"    ""has_vagina"": false"
sharon/dataset/metadata.json,717,"    ""has_uterus"": false,"
sharon/dataset/metadata.json,718,"    ""has_ovary_left"": false,"
sharon/dataset/metadata.json,719,"    ""has_ovary_right"": false,"
sharon/dataset/metadata.json,720,"    ""has_vagina"": false"
sharon/dataset/metadata.json,732,"    ""has_uterus"": false,"
sharon/dataset/metadata.json,733,"    ""has_ovary_left"": false,"
sharon/dataset/metadata.json,734,"    ""has_ovary_right"": false,"
sharon/dataset/metadata.json,735,"    ""has_vagina"": false"
sharon/dataset/metadata.json,747,"    ""has_uterus"": true,"
sharon/dataset/metadata.json,748,"    ""has_ovary_left"": true,"
sharon/dataset/metadata.json,749,"    ""has_ovary_right"": true,"
sharon/dataset/metadata.json,750,"    ""has_vagina"": true"
sharon/dataset/metadata.json,762,"    ""has_uterus"": true,"
sharon/dataset/metadata.json,763,"    ""has_ovary_left"": true,"
sharon/dataset/metadata.json,764,"    ""has_ovary_right"": true,"
sharon/dataset/metadata.json,765,"    ""has_vagina"": true"
sharon/dataset/metadata.json,777,"    ""has_uterus"": false,"
sharon/dataset/metadata.json,778,"    ""has_ovary_left"": false,"
sharon/dataset/metadata.json,779,"    ""has_ovary_right"": false,"
sharon/dataset/metadata.json,780,"    ""has_vagina"": false"
sharon/dataset/metadata.json,792,"    ""has_uterus"": true,"
sharon/dataset/metadata.json,793,"    ""has_ovary_left"": true,"
sharon/dataset/metadata.json,794,"    ""has_ovary_right"": true,"
sharon/dataset/metadata.json,795,"    ""has_vagina"": true"
sharon/dataset/metadata.json,807,"    ""has_uterus"": true,"
sharon/dataset/metadata.json,808,"    ""has_ovary_left"": true,"
sharon/dataset/metadata.json,809,"    ""has_ovary_right"": true,"
sharon/dataset/metadata.json,810,"    ""has_vagina"": true"
sharon/dataset/metadata.json,822,"    ""has_uterus"": true,"
sharon/dataset/metadata.json,823,"    ""has_ovary_left"": true,"
sharon/dataset/metadata.json,824,"    ""has_ovary_right"": true,"
sharon/dataset/metadata.json,825,"    ""has_vagina"": true"
sharon/dataset/metadata.json,837,"    ""has_uterus"": true,"
sharon/dataset/metadata.json,838,"    ""has_ovary_left"": true,"
sharon/dataset/metadata.json,839,"    ""has_ovary_right"": true,"
sharon/dataset/metadata.json,840,"    ""has_vagina"": true"
sharon/dataset/metadata.json,852,"    ""has_uterus"": true,"
sharon/dataset/metadata.json,853,"    ""has_ovary_left"": true,"
sharon/dataset/metadata.json,854,"    ""has_ovary_right"": true,"
sharon/dataset/metadata.json,855,"    ""has_vagina"": true"
sharon/dataset/metadata.json,867,"    ""has_uterus"": false,"
sharon/dataset/metadata.json,868,"    ""has_ovary_left"": false,"
sharon/dataset/metadata.json,869,"    ""has_ovary_right"": false,"
sharon/dataset/metadata.json,870,"    ""has_vagina"": false"
sharon/dataset/metadata.json,882,"    ""has_uterus"": false,"
sharon/dataset/metadata.json,883,"    ""has_ovary_left"": false,"
sharon/dataset/metadata.json,884,"    ""has_ovary_right"": false,"
sharon/dataset/metadata.json,885,"    ""has_vagina"": false"
sharon/dataset/metadata.json,897,"    ""has_uterus"": false,"
sharon/dataset/metadata.json,898,"    ""has_ovary_left"": false,"
sharon/dataset/metadata.json,899,"    ""has_ovary_right"": false,"
sharon/dataset/metadata.json,900,"    ""has_vagina"": false"
sharon/dataset/metadata.json,912,"    ""has_uterus"": true,"
sharon/dataset/metadata.json,913,"    ""has_ovary_left"": true,"
sharon/dataset/metadata.json,914,"    ""has_ovary_right"": true,"
sharon/dataset/metadata.json,915,"    ""has_vagina"": true"
sharon/dataset/metadata.json,927,"    ""has_uterus"": true,"
sharon/dataset/metadata.json,928,"    ""has_ovary_left"": true,"
sharon/dataset/metadata.json,929,"    ""has_ovary_right"": true,"
sharon/dataset/metadata.json,930,"    ""has_vagina"": true"
sharon/dataset/metadata.json,942,"    ""has_uterus"": false,"
sharon/dataset/metadata.json,943,"    ""has_ovary_left"": false,"
sharon/dataset/metadata.json,944,"    ""has_ovary_right"": false,"
sharon/dataset/metadata.json,945,"    ""has_vagina"": false"
sharon/dataset/metadata.json,957,"    ""has_uterus"": false,"
sharon/dataset/metadata.json,958,"    ""has_ovary_left"": false,"
sharon/dataset/metadata.json,959,"    ""has_ovary_right"": false,"
sharon/dataset/metadata.json,960,"    ""has_vagina"": false"
sharon/dataset/metadata.json,972,"    ""has_uterus"": true,"
sharon/dataset/metadata.json,973,"    ""has_ovary_left"": true,"
sharon/dataset/metadata.json,974,"    ""has_ovary_right"": true,"
sharon/dataset/metadata.json,975,"    ""has_vagina"": true"
sharon/dataset/metadata.json,987,"    ""has_uterus"": false,"
sharon/dataset/metadata.json,988,"    ""has_ovary_left"": false,"
sharon/dataset/metadata.json,989,"    ""has_ovary_right"": false,"
sharon/dataset/metadata.json,990,"    ""has_vagina"": false"
sharon/dataset/metadata.json,1002,"    ""has_uterus"": false,"
sharon/dataset/metadata.json,1003,"    ""has_ovary_left"": false,"
sharon/dataset/metadata.json,1004,"    ""has_ovary_right"": false,"
sharon/dataset/metadata.json,1005,"    ""has_vagina"": false"
sharon/dataset/metadata.json,1017,"    ""has_uterus"": true,"
sharon/dataset/metadata.json,1018,"    ""has_ovary_left"": true,"
sharon/dataset/metadata.json,1019,"    ""has_ovary_right"": true,"
sharon/dataset/metadata.json,1020,"    ""has_vagina"": true"
sharon/dataset/metadata.json,1032,"    ""has_uterus"": false,"
sharon/dataset/metadata.json,1033,"    ""has_ovary_left"": false,"
sharon/dataset/metadata.json,1034,"    ""has_ovary_right"": false,"
sharon/dataset/metadata.json,1035,"    ""has_vagina"": false"
sharon/dataset/metadata.json,1047,"    ""has_uterus"": false,"
sharon/dataset/metadata.json,1048,"    ""has_ovary_left"": false,"
sharon/dataset/metadata.json,1049,"    ""has_ovary_right"": false,"
sharon/dataset/metadata.json,1050,"    ""has_vagina"": false"
sharon/dataset/metadata.json,1062,"    ""has_uterus"": false,"
sharon/dataset/metadata.json,1063,"    ""has_ovary_left"": false,"
sharon/dataset/metadata.json,1064,"    ""has_ovary_right"": false,"
sharon/dataset/metadata.json,1065,"    ""has_vagina"": false"
sharon/dataset/metadata.json,1077,"    ""has_uterus"": true,"
sharon/dataset/metadata.json,1078,"    ""has_ovary_left"": true,"
sharon/dataset/metadata.json,1079,"    ""has_ovary_right"": true,"
sharon/dataset/metadata.json,1080,"    ""has_vagina"": true"
sharon/dataset/metadata.json,1092,"    ""has_uterus"": true,"
sharon/dataset/metadata.json,1093,"    ""has_ovary_left"": true,"
sharon/dataset/metadata.json,1094,"    ""has_ovary_right"": true,"
sharon/dataset/metadata.json,1095,"    ""has_vagina"": true"
sharon/dataset/metadata.json,1107,"    ""has_uterus"": true,"
sharon/dataset/metadata.json,1108,"    ""has_ovary_left"": true,"
sharon/dataset/metadata.json,1109,"    ""has_ovary_right"": true,"
sharon/dataset/metadata.json,1110,"    ""has_vagina"": true"
sharon/dataset/metadata.json,1122,"    ""has_uterus"": true,"
sharon/dataset/metadata.json,1123,"    ""has_ovary_left"": true,"
sharon/dataset/metadata.json,1124,"    ""has_ovary_right"": true,"
sharon/dataset/metadata.json,1125,"    ""has_vagina"": true"
sharon/dataset/metadata.json,1137,"    ""has_uterus"": true,"
sharon/dataset/metadata.json,1138,"    ""has_ovary_left"": true,"
sharon/dataset/metadata.json,1139,"    ""has_ovary_right"": true,"
sharon/dataset/metadata.json,1140,"    ""has_vagina"": true"
sharon/dataset/metadata.json,1152,"    ""has_uterus"": false,"
sharon/dataset/metadata.json,1153,"    ""has_ovary_left"": false,"
sharon/dataset/metadata.json,1154,"    ""has_ovary_right"": false,"
sharon/dataset/metadata.json,1155,"    ""has_vagina"": false"
sharon/dataset/metadata.json,1167,"    ""has_uterus"": false,"
sharon/dataset/metadata.json,1168,"    ""has_ovary_left"": false,"
sharon/dataset/metadata.json,1169,"    ""has_ovary_right"": false,"
sharon/dataset/metadata.json,1170,"    ""has_vagina"": false"
sharon/dataset/metadata.json,1182,"    ""has_uterus"": false,"
sharon/dataset/metadata.json,1183,"    ""has_ovary_left"": false,"
sharon/dataset/metadata.json,1184,"    ""has_ovary_right"": false,"
sharon/dataset/metadata.json,1185,"    ""has_vagina"": false"
sharon/dataset/metadata.json,1197,"    ""has_uterus"": false,"
sharon/dataset/metadata.json,1198,"    ""has_ovary_left"": false,"
sharon/dataset/metadata.json,1199,"    ""has_ovary_right"": false,"
sharon/dataset/metadata.json,1200,"    ""has_vagina"": false"
sharon/dataset/metadata.json,1212,"    ""has_uterus"": false,"
sharon/dataset/metadata.json,1213,"    ""has_ovary_left"": false,"
sharon/dataset/metadata.json,1214,"    ""has_ovary_right"": false,"
sharon/dataset/metadata.json,1215,"    ""has_vagina"": false"
sharon/dataset/metadata.json,1227,"    ""has_uterus"": true,"
sharon/dataset/metadata.json,1228,"    ""has_ovary_left"": true,"
sharon/dataset/metadata.json,1229,"    ""has_ovary_right"": true,"
sharon/dataset/metadata.json,1230,"    ""has_vagina"": true"
sharon/dataset/metadata.json,1242,"    ""has_uterus"": true,"
sharon/dataset/metadata.json,1243,"    ""has_ovary_left"": true,"
sharon/dataset/metadata.json,1244,"    ""has_ovary_right"": true,"
sharon/dataset/metadata.json,1245,"    ""has_vagina"": true"
sharon/dataset/metadata.json,1257,"    ""has_uterus"": true,"
sharon/dataset/metadata.json,1258,"    ""has_ovary_left"": true,"
sharon/dataset/metadata.json,1259,"    ""has_ovary_right"": true,"
sharon/dataset/metadata.json,1260,"    ""has_vagina"": true"
sharon/dataset/metadata.json,1272,"    ""has_uterus"": true,"
sharon/dataset/metadata.json,1273,"    ""has_ovary_left"": true,"
sharon/dataset/metadata.json,1274,"    ""has_ovary_right"": true,"
sharon/dataset/metadata.json,1275,"    ""has_vagina"": true"
sharon/dataset/metadata.json,1287,"    ""has_uterus"": true,"
sharon/dataset/metadata.json,1288,"    ""has_ovary_left"": true,"
sharon/dataset/metadata.json,1289,"    ""has_ovary_right"": true,"
sharon/dataset/metadata.json,1290,"    ""has_vagina"": true"
sharon/dataset/metadata.json,1302,"    ""has_uterus"": true,"
sharon/dataset/metadata.json,1303,"    ""has_ovary_left"": true,"
sharon/dataset/metadata.json,1304,"    ""has_ovary_right"": true,"
sharon/dataset/metadata.json,1305,"    ""has_vagina"": true"
sharon/dataset/metadata.json,1317,"    ""has_uterus"": true,"
sharon/dataset/metadata.json,1318,"    ""has_ovary_left"": true,"
sharon/dataset/metadata.json,1319,"    ""has_ovary_right"": true,"
sharon/dataset/metadata.json,1320,"    ""has_vagina"": true"
sharon/dataset/metadata.json,1332,"    ""has_uterus"": true,"
sharon/dataset/metadata.json,1333,"    ""has_ovary_left"": true,"
sharon/dataset/metadata.json,1334,"    ""has_ovary_right"": true,"
sharon/dataset/metadata.json,1335,"    ""has_vagina"": true"
sharon/dataset/metadata.json,1347,"    ""has_uterus"": false,"
sharon/dataset/metadata.json,1348,"    ""has_ovary_left"": false,"
sharon/dataset/metadata.json,1349,"    ""has_ovary_right"": false,"
sharon/dataset/metadata.json,1350,"    ""has_vagina"": false"
sharon/dataset/metadata.json,1362,"    ""has_uterus"": true,"
sharon/dataset/metadata.json,1363,"    ""has_ovary_left"": true,"
sharon/dataset/metadata.json,1364,"    ""has_ovary_right"": true,"
sharon/dataset/metadata.json,1365,"    ""has_vagina"": true"
sharon/dataset/metadata.json,1377,"    ""has_uterus"": false,"
sharon/dataset/metadata.json,1378,"    ""has_ovary_left"": false,"
sharon/dataset/metadata.json,1379,"    ""has_ovary_right"": false,"
sharon/dataset/metadata.json,1380,"    ""has_vagina"": false"
sharon/dataset/metadata.json,1392,"    ""has_uterus"": true,"
sharon/dataset/metadata.json,1393,"    ""has_ovary_left"": true,"
sharon/dataset/metadata.json,1394,"    ""has_ovary_right"": true,"
sharon/dataset/metadata.json,1395,"    ""has_vagina"": true"
sharon/dataset/metadata.json,1407,"    ""has_uterus"": false,"
sharon/dataset/metadata.json,1408,"    ""has_ovary_left"": false,"
sharon/dataset/metadata.json,1409,"    ""has_ovary_right"": false,"
sharon/dataset/metadata.json,1410,"    ""has_vagina"": false"
sharon/dataset/metadata.json,1422,"    ""has_uterus"": true,"
sharon/dataset/metadata.json,1423,"    ""has_ovary_left"": true,"
sharon/dataset/metadata.json,1424,"    ""has_ovary_right"": true,"
sharon/dataset/metadata.json,1425,"    ""has_vagina"": true"
sharon/dataset/metadata.json,1437,"    ""has_uterus"": true,"
sharon/dataset/metadata.json,1438,"    ""has_ovary_left"": true,"
sharon/dataset/metadata.json,1439,"    ""has_ovary_right"": true,"
sharon/dataset/metadata.json,1440,"    ""has_vagina"": true"
sharon/dataset/metadata.json,1452,"    ""has_uterus"": false,"
sharon/dataset/metadata.json,1453,"    ""has_ovary_left"": false,"
sharon/dataset/metadata.json,1454,"    ""has_ovary_right"": false,"
sharon/dataset/metadata.json,1455,"    ""has_vagina"": false"
sharon/dataset/metadata.json,1467,"    ""has_uterus"": false,"
sharon/dataset/metadata.json,1468,"    ""has_ovary_left"": false,"
sharon/dataset/metadata.json,1469,"    ""has_ovary_right"": false,"
sharon/dataset/metadata.json,1470,"    ""has_vagina"": false"
sharon/dataset/metadata.json,1482,"    ""has_uterus"": true,"
sharon/dataset/metadata.json,1483,"    ""has_ovary_left"": true,"
sharon/dataset/metadata.json,1484,"    ""has_ovary_right"": true,"
sharon/dataset/metadata.json,1485,"    ""has_vagina"": true"
sharon/dataset/metadata.json,1497,"    ""has_uterus"": false,"
sharon/dataset/metadata.json,1498,"    ""has_ovary_left"": false,"
sharon/dataset/metadata.json,1499,"    ""has_ovary_right"": false,"
sharon/dataset/metadata.json,1500,"    ""has_vagina"": false"
sharon/dataset/metadata.json,1512,"    ""has_uterus"": false,"
sharon/dataset/metadata.json,1513,"    ""has_ovary_left"": false,"
sharon/dataset/metadata.json,1514,"    ""has_ovary_right"": false,"
sharon/dataset/metadata.json,1515,"    ""has_vagina"": false"
sharon/dataset/metadata.json,1527,"    ""has_uterus"": false,"
sharon/dataset/metadata.json,1528,"    ""has_ovary_left"": false,"
sharon/dataset/metadata.json,1529,"    ""has_ovary_right"": false,"
sharon/dataset/metadata.json,1530,"    ""has_vagina"": false"
sharon/dataset/metadata.json,1542,"    ""has_uterus"": false,"
sharon/dataset/metadata.json,1543,"    ""has_ovary_left"": false,"
sharon/dataset/metadata.json,1544,"    ""has_ovary_right"": false,"
sharon/dataset/metadata.json,1545,"    ""has_vagina"": false"
sharon/dataset/metadata.json,1557,"    ""has_uterus"": false,"
sharon/dataset/metadata.json,1558,"    ""has_ovary_left"": false,"
sharon/dataset/metadata.json,1559,"    ""has_ovary_right"": false,"
sharon/dataset/metadata.json,1560,"    ""has_vagina"": false"
sharon/dataset/metadata.json,1572,"    ""has_uterus"": false,"
sharon/dataset/metadata.json,1573,"    ""has_ovary_left"": false,"
sharon/dataset/metadata.json,1574,"    ""has_ovary_right"": false,"
sharon/dataset/metadata.json,1575,"    ""has_vagina"": false"
sharon/dataset/metadata.json,1587,"    ""has_uterus"": false,"
sharon/dataset/metadata.json,1588,"    ""has_ovary_left"": false,"
sharon/dataset/metadata.json,1589,"    ""has_ovary_right"": false,"
sharon/dataset/metadata.json,1590,"    ""has_vagina"": false"
sharon/dataset/metadata.json,1602,"    ""has_uterus"": false,"
sharon/dataset/metadata.json,1603,"    ""has_ovary_left"": false,"
sharon/dataset/metadata.json,1604,"    ""has_ovary_right"": false,"
sharon/dataset/metadata.json,1605,"    ""has_vagina"": false"
sharon/dataset/metadata.json,1617,"    ""has_uterus"": false,"
sharon/dataset/metadata.json,1618,"    ""has_ovary_left"": false,"
sharon/dataset/metadata.json,1619,"    ""has_ovary_right"": false,"
sharon/dataset/metadata.json,1620,"    ""has_vagina"": false"
sharon/dataset/metadata.json,1632,"    ""has_uterus"": false,"
sharon/dataset/metadata.json,1633,"    ""has_ovary_left"": false,"
sharon/dataset/metadata.json,1634,"    ""has_ovary_right"": false,"
sharon/dataset/metadata.json,1635,"    ""has_vagina"": false"
sharon/dataset/metadata.json,1647,"    ""has_uterus"": false,"
sharon/dataset/metadata.json,1648,"    ""has_ovary_left"": false,"
sharon/dataset/metadata.json,1649,"    ""has_ovary_right"": false,"
sharon/dataset/metadata.json,1650,"    ""has_vagina"": false"
sharon/dataset/metadata.json,1662,"    ""has_uterus"": false,"
sharon/dataset/metadata.json,1663,"    ""has_ovary_left"": false,"
sharon/dataset/metadata.json,1664,"    ""has_ovary_right"": false,"
sharon/dataset/metadata.json,1665,"    ""has_vagina"": false"
sharon/dataset/metadata.json,1677,"    ""has_uterus"": false,"
sharon/dataset/metadata.json,1678,"    ""has_ovary_left"": false,"
sharon/dataset/metadata.json,1679,"    ""has_ovary_right"": false,"
sharon/dataset/metadata.json,1680,"    ""has_vagina"": false"
sharon/dataset/metadata.json,1692,"    ""has_uterus"": false,"
sharon/dataset/metadata.json,1693,"    ""has_ovary_left"": false,"
sharon/dataset/metadata.json,1694,"    ""has_ovary_right"": false,"
sharon/dataset/metadata.json,1695,"    ""has_vagina"": false"
sharon/dataset/metadata.json,1707,"    ""has_uterus"": true,"
sharon/dataset/metadata.json,1708,"    ""has_ovary_left"": true,"
sharon/dataset/metadata.json,1709,"    ""has_ovary_right"": true,"
sharon/dataset/metadata.json,1710,"    ""has_vagina"": true"
sharon/dataset/metadata.json,1722,"    ""has_uterus"": false,"
sharon/dataset/metadata.json,1723,"    ""has_ovary_left"": false,"
sharon/dataset/metadata.json,1724,"    ""has_ovary_right"": false,"
sharon/dataset/metadata.json,1725,"    ""has_vagina"": false"
sharon/dataset/metadata.json,1737,"    ""has_uterus"": true,"
sharon/dataset/metadata.json,1738,"    ""has_ovary_left"": true,"
sharon/dataset/metadata.json,1739,"    ""has_ovary_right"": true,"
sharon/dataset/metadata.json,1740,"    ""has_vagina"": true"
sharon/dataset/metadata.json,1752,"    ""has_uterus"": false,"
sharon/dataset/metadata.json,1753,"    ""has_ovary_left"": false,"
sharon/dataset/metadata.json,1754,"    ""has_ovary_right"": false,"
sharon/dataset/metadata.json,1755,"    ""has_vagina"": false"
sharon/dataset/metadata.json,1767,"    ""has_uterus"": false,"
sharon/dataset/metadata.json,1768,"    ""has_ovary_left"": false,"
sharon/dataset/metadata.json,1769,"    ""has_ovary_right"": false,"
sharon/dataset/metadata.json,1770,"    ""has_vagina"": false"
sharon/dataset/metadata.json,1782,"    ""has_uterus"": false,"
sharon/dataset/metadata.json,1783,"    ""has_ovary_left"": false,"
sharon/dataset/metadata.json,1784,"    ""has_ovary_right"": false,"
sharon/dataset/metadata.json,1785,"    ""has_vagina"": false"
sharon/dataset/metadata.json,1797,"    ""has_uterus"": true,"
sharon/dataset/metadata.json,1798,"    ""has_ovary_left"": true,"
sharon/dataset/metadata.json,1799,"    ""has_ovary_right"": true,"
sharon/dataset/metadata.json,1800,"    ""has_vagina"": true"
sharon/dataset/metadata.json,1812,"    ""has_uterus"": true,"
sharon/dataset/metadata.json,1813,"    ""has_ovary_left"": true,"
sharon/dataset/metadata.json,1814,"    ""has_ovary_right"": true,"
sharon/dataset/metadata.json,1815,"    ""has_vagina"": true"
sharon/dataset/metadata.json,1827,"    ""has_uterus"": false,"
sharon/dataset/metadata.json,1828,"    ""has_ovary_left"": false,"
sharon/dataset/metadata.json,1829,"    ""has_ovary_right"": false,"
sharon/dataset/metadata.json,1830,"    ""has_vagina"": false"
sharon/dataset/metadata.json,1842,"    ""has_uterus"": true,"
sharon/dataset/metadata.json,1843,"    ""has_ovary_left"": true,"
sharon/dataset/metadata.json,1844,"    ""has_ovary_right"": true,"
sharon/dataset/metadata.json,1845,"    ""has_vagina"": true"
sharon/dataset/metadata.json,1857,"    ""has_uterus"": false,"
sharon/dataset/metadata.json,1858,"    ""has_ovary_left"": false,"
sharon/dataset/metadata.json,1859,"    ""has_ovary_right"": false,"
sharon/dataset/metadata.json,1860,"    ""has_vagina"": false"
sharon/dataset/metadata.json,1872,"    ""has_uterus"": false,"
sharon/dataset/metadata.json,1873,"    ""has_ovary_left"": false,"
sharon/dataset/metadata.json,1874,"    ""has_ovary_right"": false,"
sharon/dataset/metadata.json,1875,"    ""has_vagina"": false"
sharon/dataset/metadata.json,1887,"    ""has_uterus"": true,"
sharon/dataset/metadata.json,1888,"    ""has_ovary_left"": true,"
sharon/dataset/metadata.json,1889,"    ""has_ovary_right"": true,"
sharon/dataset/metadata.json,1890,"    ""has_vagina"": true"
sharon/dataset/metadata.json,1902,"    ""has_uterus"": false,"
sharon/dataset/metadata.json,1903,"    ""has_ovary_left"": false,"
sharon/dataset/metadata.json,1904,"    ""has_ovary_right"": false,"
sharon/dataset/metadata.json,1905,"    ""has_vagina"": false"
sharon/dataset/metadata.json,1917,"    ""has_uterus"": true,"
sharon/dataset/metadata.json,1918,"    ""has_ovary_left"": true,"
sharon/dataset/metadata.json,1919,"    ""has_ovary_right"": true,"
sharon/dataset/metadata.json,1920,"    ""has_vagina"": true"
sharon/dataset/metadata.json,1932,"    ""has_uterus"": true,"
sharon/dataset/metadata.json,1933,"    ""has_ovary_left"": true,"
sharon/dataset/metadata.json,1934,"    ""has_ovary_right"": true,"
sharon/dataset/metadata.json,1935,"    ""has_vagina"": true"
sharon/dataset/metadata.json,1947,"    ""has_uterus"": false,"
sharon/dataset/metadata.json,1948,"    ""has_ovary_left"": false,"
sharon/dataset/metadata.json,1949,"    ""has_ovary_right"": false,"
sharon/dataset/metadata.json,1950,"    ""has_vagina"": false"
sharon/dataset/metadata.json,1962,"    ""has_uterus"": true,"
sharon/dataset/metadata.json,1963,"    ""has_ovary_left"": true,"
sharon/dataset/metadata.json,1964,"    ""has_ovary_right"": true,"
sharon/dataset/metadata.json,1965,"    ""has_vagina"": true"
sharon/dataset/metadata.json,1977,"    ""has_uterus"": true,"
sharon/dataset/metadata.json,1978,"    ""has_ovary_left"": true,"
sharon/dataset/metadata.json,1979,"    ""has_ovary_right"": true,"
sharon/dataset/metadata.json,1980,"    ""has_vagina"": true"
sharon/dataset/metadata.json,1992,"    ""has_uterus"": true,"
sharon/dataset/metadata.json,1993,"    ""has_ovary_left"": true,"
sharon/dataset/metadata.json,1994,"    ""has_ovary_right"": true,"
sharon/dataset/metadata.json,1995,"    ""has_vagina"": true"
sharon/dataset/metadata.json,2007,"    ""has_uterus"": false,"
sharon/dataset/metadata.json,2008,"    ""has_ovary_left"": false,"
sharon/dataset/metadata.json,2009,"    ""has_ovary_right"": false,"
sharon/dataset/metadata.json,2010,"    ""has_vagina"": false"
sharon/dataset/metadata.json,2022,"    ""has_uterus"": true,"
sharon/dataset/metadata.json,2023,"    ""has_ovary_left"": true,"
sharon/dataset/metadata.json,2024,"    ""has_ovary_right"": true,"
sharon/dataset/metadata.json,2025,"    ""has_vagina"": true"
sharon/dataset/metadata.json,2037,"    ""has_uterus"": true,"
sharon/dataset/metadata.json,2038,"    ""has_ovary_left"": true,"
sharon/dataset/metadata.json,2039,"    ""has_ovary_right"": true,"
sharon/dataset/metadata.json,2040,"    ""has_vagina"": true"
sharon/dataset/metadata.json,2052,"    ""has_uterus"": false,"
sharon/dataset/metadata.json,2053,"    ""has_ovary_left"": false,"
sharon/dataset/metadata.json,2054,"    ""has_ovary_right"": false,"
sharon/dataset/metadata.json,2055,"    ""has_vagina"": false"
sharon/dataset/metadata.json,2067,"    ""has_uterus"": true,"
sharon/dataset/metadata.json,2068,"    ""has_ovary_left"": true,"
sharon/dataset/metadata.json,2069,"    ""has_ovary_right"": true,"
sharon/dataset/metadata.json,2070,"    ""has_vagina"": true"
sharon/dataset/metadata.json,2082,"    ""has_uterus"": true,"
sharon/dataset/metadata.json,2083,"    ""has_ovary_left"": true,"
sharon/dataset/metadata.json,2084,"    ""has_ovary_right"": true,"
sharon/dataset/metadata.json,2085,"    ""has_vagina"": true"
sharon/dataset/metadata.json,2097,"    ""has_uterus"": false,"
sharon/dataset/metadata.json,2098,"    ""has_ovary_left"": false,"
sharon/dataset/metadata.json,2099,"    ""has_ovary_right"": false,"
sharon/dataset/metadata.json,2100,"    ""has_vagina"": false"
sharon/dataset/metadata.json,2112,"    ""has_uterus"": false,"
sharon/dataset/metadata.json,2113,"    ""has_ovary_left"": false,"
sharon/dataset/metadata.json,2114,"    ""has_ovary_right"": false,"
sharon/dataset/metadata.json,2115,"    ""has_vagina"": false"
sharon/dataset/metadata.json,2127,"    ""has_uterus"": false,"
sharon/dataset/metadata.json,2128,"    ""has_ovary_left"": false,"
sharon/dataset/metadata.json,2129,"    ""has_ovary_right"": false,"
sharon/dataset/metadata.json,2130,"    ""has_vagina"": false"
sharon/dataset/metadata.json,2142,"    ""has_uterus"": false,"
sharon/dataset/metadata.json,2143,"    ""has_ovary_left"": false,"
sharon/dataset/metadata.json,2144,"    ""has_ovary_right"": false,"
sharon/dataset/metadata.json,2145,"    ""has_vagina"": false"
sharon/dataset/metadata.json,2157,"    ""has_uterus"": false,"
sharon/dataset/metadata.json,2158,"    ""has_ovary_left"": false,"
sharon/dataset/metadata.json,2159,"    ""has_ovary_right"": false,"
sharon/dataset/metadata.json,2160,"    ""has_vagina"": false"
sharon/dataset/metadata.json,2172,"    ""has_uterus"": true,"
sharon/dataset/metadata.json,2173,"    ""has_ovary_left"": true,"
sharon/dataset/metadata.json,2174,"    ""has_ovary_right"": true,"
sharon/dataset/metadata.json,2175,"    ""has_vagina"": true"
sharon/dataset/metadata.json,2187,"    ""has_uterus"": false,"
sharon/dataset/metadata.json,2188,"    ""has_ovary_left"": false,"
sharon/dataset/metadata.json,2189,"    ""has_ovary_right"": false,"
sharon/dataset/metadata.json,2190,"    ""has_vagina"": false"
sharon/dataset/metadata.json,2202,"    ""has_uterus"": false,"
sharon/dataset/metadata.json,2203,"    ""has_ovary_left"": false,"
sharon/dataset/metadata.json,2204,"    ""has_ovary_right"": false,"
sharon/dataset/metadata.json,2205,"    ""has_vagina"": false"
sharon/dataset/metadata.json,2217,"    ""has_uterus"": false,"
sharon/dataset/metadata.json,2218,"    ""has_ovary_left"": false,"
sharon/dataset/metadata.json,2219,"    ""has_ovary_right"": false,"
sharon/dataset/metadata.json,2220,"    ""has_vagina"": false"
sharon/dataset/metadata.json,2232,"    ""has_uterus"": false,"
sharon/dataset/metadata.json,2233,"    ""has_ovary_left"": false,"
sharon/dataset/metadata.json,2234,"    ""has_ovary_right"": false,"
sharon/dataset/metadata.json,2235,"    ""has_vagina"": false"
sharon/dataset/metadata.json,2247,"    ""has_uterus"": true,"
sharon/dataset/metadata.json,2248,"    ""has_ovary_left"": true,"
sharon/dataset/metadata.json,2249,"    ""has_ovary_right"": true,"
sharon/dataset/metadata.json,2250,"    ""has_vagina"": true"
sharon/dataset/metadata.json,2262,"    ""has_uterus"": false,"
sharon/dataset/metadata.json,2263,"    ""has_ovary_left"": false,"
sharon/dataset/metadata.json,2264,"    ""has_ovary_right"": false,"
sharon/dataset/metadata.json,2265,"    ""has_vagina"": false"
sharon/dataset/metadata.json,2277,"    ""has_uterus"": true,"
sharon/dataset/metadata.json,2278,"    ""has_ovary_left"": true,"
sharon/dataset/metadata.json,2279,"    ""has_ovary_right"": true,"
sharon/dataset/metadata.json,2280,"    ""has_vagina"": true"
sharon/dataset/metadata.json,2292,"    ""has_uterus"": false,"
sharon/dataset/metadata.json,2293,"    ""has_ovary_left"": false,"
sharon/dataset/metadata.json,2294,"    ""has_ovary_right"": false,"
sharon/dataset/metadata.json,2295,"    ""has_vagina"": false"
sharon/dataset/metadata.json,2307,"    ""has_uterus"": false,"
sharon/dataset/metadata.json,2308,"    ""has_ovary_left"": false,"
sharon/dataset/metadata.json,2309,"    ""has_ovary_right"": false,"
sharon/dataset/metadata.json,2310,"    ""has_vagina"": false"
sharon/dataset/metadata.json,2322,"    ""has_uterus"": true,"
sharon/dataset/metadata.json,2323,"    ""has_ovary_left"": true,"
sharon/dataset/metadata.json,2324,"    ""has_ovary_right"": true,"
sharon/dataset/metadata.json,2325,"    ""has_vagina"": true"
sharon/dataset/metadata.json,2337,"    ""has_uterus"": true,"
sharon/dataset/metadata.json,2338,"    ""has_ovary_left"": true,"
sharon/dataset/metadata.json,2339,"    ""has_ovary_right"": true,"
sharon/dataset/metadata.json,2340,"    ""has_vagina"": true"
sharon/dataset/metadata.json,2352,"    ""has_uterus"": false,"
sharon/dataset/metadata.json,2353,"    ""has_ovary_left"": false,"
sharon/dataset/metadata.json,2354,"    ""has_ovary_right"": false,"
sharon/dataset/metadata.json,2355,"    ""has_vagina"": false"
sharon/dataset/metadata.json,2367,"    ""has_uterus"": true,"
sharon/dataset/metadata.json,2368,"    ""has_ovary_left"": true,"
sharon/dataset/metadata.json,2369,"    ""has_ovary_right"": true,"
sharon/dataset/metadata.json,2370,"    ""has_vagina"": true"
sharon/dataset/metadata.json,2382,"    ""has_uterus"": false,"
sharon/dataset/metadata.json,2383,"    ""has_ovary_left"": false,"
sharon/dataset/metadata.json,2384,"    ""has_ovary_right"": false,"
sharon/dataset/metadata.json,2385,"    ""has_vagina"": false"
sharon/dataset/metadata.json,2397,"    ""has_uterus"": true,"
sharon/dataset/metadata.json,2398,"    ""has_ovary_left"": true,"
sharon/dataset/metadata.json,2399,"    ""has_ovary_right"": true,"
sharon/dataset/metadata.json,2400,"    ""has_vagina"": true"
sharon/dataset/metadata.json,2412,"    ""has_uterus"": false,"
sharon/dataset/metadata.json,2413,"    ""has_ovary_left"": false,"
sharon/dataset/metadata.json,2414,"    ""has_ovary_right"": false,"
sharon/dataset/metadata.json,2415,"    ""has_vagina"": false"
sharon/dataset/metadata.json,2427,"    ""has_uterus"": false,"
sharon/dataset/metadata.json,2428,"    ""has_ovary_left"": false,"
sharon/dataset/metadata.json,2429,"    ""has_ovary_right"": false,"
sharon/dataset/metadata.json,2430,"    ""has_vagina"": false"
sharon/dataset/metadata.json,2442,"    ""has_uterus"": false,"
sharon/dataset/metadata.json,2443,"    ""has_ovary_left"": false,"
sharon/dataset/metadata.json,2444,"    ""has_ovary_right"": false,"
sharon/dataset/metadata.json,2445,"    ""has_vagina"": false"
sharon/dataset/metadata.json,2457,"    ""has_uterus"": true,"
sharon/dataset/metadata.json,2458,"    ""has_ovary_left"": true,"
sharon/dataset/metadata.json,2459,"    ""has_ovary_right"": true,"
sharon/dataset/metadata.json,2460,"    ""has_vagina"": true"
sharon/dataset/metadata.json,2472,"    ""has_uterus"": false,"
sharon/dataset/metadata.json,2473,"    ""has_ovary_left"": false,"
sharon/dataset/metadata.json,2474,"    ""has_ovary_right"": false,"
sharon/dataset/metadata.json,2475,"    ""has_vagina"": false"
sharon/dataset/metadata.json,2487,"    ""has_uterus"": false,"
sharon/dataset/metadata.json,2488,"    ""has_ovary_left"": false,"
sharon/dataset/metadata.json,2489,"    ""has_ovary_right"": false,"
sharon/dataset/metadata.json,2490,"    ""has_vagina"": false"
sharon/dataset/metadata.json,2502,"    ""has_uterus"": true,"
sharon/dataset/metadata.json,2503,"    ""has_ovary_left"": true,"
sharon/dataset/metadata.json,2504,"    ""has_ovary_right"": true,"
sharon/dataset/metadata.json,2505,"    ""has_vagina"": true"
sharon/dataset/metadata.json,2517,"    ""has_uterus"": false,"
sharon/dataset/metadata.json,2518,"    ""has_ovary_left"": false,"
sharon/dataset/metadata.json,2519,"    ""has_ovary_right"": false,"
sharon/dataset/metadata.json,2520,"    ""has_vagina"": false"
sharon/dataset/metadata.json,2532,"    ""has_uterus"": false,"
sharon/dataset/metadata.json,2533,"    ""has_ovary_left"": false,"
sharon/dataset/metadata.json,2534,"    ""has_ovary_right"": false,"
sharon/dataset/metadata.json,2535,"    ""has_vagina"": false"
sharon/dataset/metadata.json,2547,"    ""has_uterus"": true,"
sharon/dataset/metadata.json,2548,"    ""has_ovary_left"": true,"
sharon/dataset/metadata.json,2549,"    ""has_ovary_right"": true,"
sharon/dataset/metadata.json,2550,"    ""has_vagina"": true"
sharon/dataset/metadata.json,2562,"    ""has_uterus"": false,"
sharon/dataset/metadata.json,2563,"    ""has_ovary_left"": false,"
sharon/dataset/metadata.json,2564,"    ""has_ovary_right"": false,"
sharon/dataset/metadata.json,2565,"    ""has_vagina"": false"
sharon/dataset/metadata.json,2577,"    ""has_uterus"": false,"
sharon/dataset/metadata.json,2578,"    ""has_ovary_left"": false,"
sharon/dataset/metadata.json,2579,"    ""has_ovary_right"": false,"
sharon/dataset/metadata.json,2580,"    ""has_vagina"": false"
sharon/dataset/metadata.json,2592,"    ""has_uterus"": true,"
sharon/dataset/metadata.json,2593,"    ""has_ovary_left"": true,"
sharon/dataset/metadata.json,2594,"    ""has_ovary_right"": true,"
sharon/dataset/metadata.json,2595,"    ""has_vagina"": true"
sharon/dataset/metadata.json,2607,"    ""has_uterus"": true,"
sharon/dataset/metadata.json,2608,"    ""has_ovary_left"": true,"
sharon/dataset/metadata.json,2609,"    ""has_ovary_right"": true,"
sharon/dataset/metadata.json,2610,"    ""has_vagina"": true"
sharon/dataset/metadata.json,2622,"    ""has_uterus"": true,"
sharon/dataset/metadata.json,2623,"    ""has_ovary_left"": true,"
sharon/dataset/metadata.json,2624,"    ""has_ovary_right"": true,"
sharon/dataset/metadata.json,2625,"    ""has_vagina"": true"
sharon/dataset/metadata.json,2637,"    ""has_uterus"": true,"
sharon/dataset/metadata.json,2638,"    ""has_ovary_left"": true,"
sharon/dataset/metadata.json,2639,"    ""has_ovary_right"": true,"
sharon/dataset/metadata.json,2640,"    ""has_vagina"": true"
sharon/dataset/metadata.json,2652,"    ""has_uterus"": false,"
sharon/dataset/metadata.json,2653,"    ""has_ovary_left"": false,"
sharon/dataset/metadata.json,2654,"    ""has_ovary_right"": false,"
sharon/dataset/metadata.json,2655,"    ""has_vagina"": false"
sharon/dataset/metadata.json,2667,"    ""has_uterus"": false,"
sharon/dataset/metadata.json,2668,"    ""has_ovary_left"": false,"
sharon/dataset/metadata.json,2669,"    ""has_ovary_right"": false,"
sharon/dataset/metadata.json,2670,"    ""has_vagina"": false"
sharon/dataset/metadata.json,2682,"    ""has_uterus"": false,"
sharon/dataset/metadata.json,2683,"    ""has_ovary_left"": false,"
sharon/dataset/metadata.json,2684,"    ""has_ovary_right"": false,"
sharon/dataset/metadata.json,2685,"    ""has_vagina"": false"
sharon/dataset/metadata.json,2697,"    ""has_uterus"": false,"
sharon/dataset/metadata.json,2698,"    ""has_ovary_left"": false,"
sharon/dataset/metadata.json,2699,"    ""has_ovary_right"": false,"
sharon/dataset/metadata.json,2700,"    ""has_vagina"": false"
sharon/dataset/metadata.json,2712,"    ""has_uterus"": false,"
sharon/dataset/metadata.json,2713,"    ""has_ovary_left"": false,"
sharon/dataset/metadata.json,2714,"    ""has_ovary_right"": false,"
sharon/dataset/metadata.json,2715,"    ""has_vagina"": false"
sharon/dataset/metadata.json,2727,"    ""has_uterus"": false,"
sharon/dataset/metadata.json,2728,"    ""has_ovary_left"": false,"
sharon/dataset/metadata.json,2729,"    ""has_ovary_right"": false,"
sharon/dataset/metadata.json,2730,"    ""has_vagina"": false"
sharon/dataset/metadata.json,2742,"    ""has_uterus"": false,"
sharon/dataset/metadata.json,2743,"    ""has_ovary_left"": false,"
sharon/dataset/metadata.json,2744,"    ""has_ovary_right"": false,"
sharon/dataset/metadata.json,2745,"    ""has_vagina"": false"
sharon/dataset/metadata.json,2757,"    ""has_uterus"": false,"
sharon/dataset/metadata.json,2758,"    ""has_ovary_left"": false,"
sharon/dataset/metadata.json,2759,"    ""has_ovary_right"": false,"
sharon/dataset/metadata.json,2760,"    ""has_vagina"": false"
sharon/dataset/metadata.json,2772,"    ""has_uterus"": true,"
sharon/dataset/metadata.json,2773,"    ""has_ovary_left"": true,"
sharon/dataset/metadata.json,2774,"    ""has_ovary_right"": true,"
sharon/dataset/metadata.json,2775,"    ""has_vagina"": true"
sharon/dataset/metadata.json,2787,"    ""has_uterus"": true,"
sharon/dataset/metadata.json,2788,"    ""has_ovary_left"": true,"
sharon/dataset/metadata.json,2789,"    ""has_ovary_right"": true,"
sharon/dataset/metadata.json,2790,"    ""has_vagina"": true"
sharon/dataset/metadata.json,2802,"    ""has_uterus"": false,"
sharon/dataset/metadata.json,2803,"    ""has_ovary_left"": false,"
sharon/dataset/metadata.json,2804,"    ""has_ovary_right"": false,"
sharon/dataset/metadata.json,2805,"    ""has_vagina"": false"
sharon/dataset/metadata.json,2817,"    ""has_uterus"": true,"
sharon/dataset/metadata.json,2818,"    ""has_ovary_left"": true,"
sharon/dataset/metadata.json,2819,"    ""has_ovary_right"": true,"
sharon/dataset/metadata.json,2820,"    ""has_vagina"": true"
sharon/dataset/metadata.json,2832,"    ""has_uterus"": true,"
sharon/dataset/metadata.json,2833,"    ""has_ovary_left"": true,"
sharon/dataset/metadata.json,2834,"    ""has_ovary_right"": true,"
sharon/dataset/metadata.json,2835,"    ""has_vagina"": true"
sharon/dataset/metadata.json,2847,"    ""has_uterus"": false,"
sharon/dataset/metadata.json,2848,"    ""has_ovary_left"": false,"
sharon/dataset/metadata.json,2849,"    ""has_ovary_right"": false,"
sharon/dataset/metadata.json,2850,"    ""has_vagina"": false"
sharon/dataset/metadata.json,2862,"    ""has_uterus"": false,"
sharon/dataset/metadata.json,2863,"    ""has_ovary_left"": false,"
sharon/dataset/metadata.json,2864,"    ""has_ovary_right"": false,"
sharon/dataset/metadata.json,2865,"    ""has_vagina"": false"
sharon/dataset/metadata.json,2877,"    ""has_uterus"": true,"
sharon/dataset/metadata.json,2878,"    ""has_ovary_left"": true,"
sharon/dataset/metadata.json,2879,"    ""has_ovary_right"": true,"
sharon/dataset/metadata.json,2880,"    ""has_vagina"": true"
sharon/dataset/metadata.json,2892,"    ""has_uterus"": false,"
sharon/dataset/metadata.json,2893,"    ""has_ovary_left"": false,"
sharon/dataset/metadata.json,2894,"    ""has_ovary_right"": false,"
sharon/dataset/metadata.json,2895,"    ""has_vagina"": false"
sharon/dataset/metadata.json,2907,"    ""has_uterus"": false,"
sharon/dataset/metadata.json,2908,"    ""has_ovary_left"": false,"
sharon/dataset/metadata.json,2909,"    ""has_ovary_right"": false,"
sharon/dataset/metadata.json,2910,"    ""has_vagina"": false"
sharon/dataset/metadata.json,2922,"    ""has_uterus"": false,"
sharon/dataset/metadata.json,2923,"    ""has_ovary_left"": false,"
sharon/dataset/metadata.json,2924,"    ""has_ovary_right"": false,"
sharon/dataset/metadata.json,2925,"    ""has_vagina"": false"
sharon/dataset/metadata.json,2937,"    ""has_uterus"": false,"
sharon/dataset/metadata.json,2938,"    ""has_ovary_left"": false,"
sharon/dataset/metadata.json,2939,"    ""has_ovary_right"": false,"
sharon/dataset/metadata.json,2940,"    ""has_vagina"": false"
sharon/dataset/metadata.json,2952,"    ""has_uterus"": true,"
sharon/dataset/metadata.json,2953,"    ""has_ovary_left"": true,"
sharon/dataset/metadata.json,2954,"    ""has_ovary_right"": true,"
sharon/dataset/metadata.json,2955,"    ""has_vagina"": true"
sharon/dataset/metadata.json,2967,"    ""has_uterus"": false,"
sharon/dataset/metadata.json,2968,"    ""has_ovary_left"": false,"
sharon/dataset/metadata.json,2969,"    ""has_ovary_right"": false,"
sharon/dataset/metadata.json,2970,"    ""has_vagina"": false"
sharon/dataset/metadata.json,2982,"    ""has_uterus"": false,"
sharon/dataset/metadata.json,2983,"    ""has_ovary_left"": false,"
sharon/dataset/metadata.json,2984,"    ""has_ovary_right"": false,"
sharon/dataset/metadata.json,2985,"    ""has_vagina"": false"
sharon/dataset/metadata.json,2997,"    ""has_uterus"": true,"
sharon/dataset/metadata.json,2998,"    ""has_ovary_left"": true,"
sharon/dataset/metadata.json,2999,"    ""has_ovary_right"": true,"
sharon/dataset/metadata.json,3000,"    ""has_vagina"": true"
sharon/dataset/metadata.json,3012,"    ""has_uterus"": false,"
sharon/dataset/metadata.json,3013,"    ""has_ovary_left"": false,"
sharon/dataset/metadata.json,3014,"    ""has_ovary_right"": false,"
sharon/dataset/metadata.json,3015,"    ""has_vagina"": false"
sharon/dataset/metadata.json,3027,"    ""has_uterus"": true,"
sharon/dataset/metadata.json,3028,"    ""has_ovary_left"": true,"
sharon/dataset/metadata.json,3029,"    ""has_ovary_right"": true,"
sharon/dataset/metadata.json,3030,"    ""has_vagina"": true"
sharon/dataset/metadata.json,3042,"    ""has_uterus"": false,"
sharon/dataset/metadata.json,3043,"    ""has_ovary_left"": false,"
sharon/dataset/metadata.json,3044,"    ""has_ovary_right"": false,"
sharon/dataset/metadata.json,3045,"    ""has_vagina"": false"
sharon/dataset/metadata.json,3057,"    ""has_uterus"": false,"
sharon/dataset/metadata.json,3058,"    ""has_ovary_left"": false,"
sharon/dataset/metadata.json,3059,"    ""has_ovary_right"": false,"
sharon/dataset/metadata.json,3060,"    ""has_vagina"": false"
sharon/dataset/metadata.json,3072,"    ""has_uterus"": false,"
sharon/dataset/metadata.json,3073,"    ""has_ovary_left"": false,"
sharon/dataset/metadata.json,3074,"    ""has_ovary_right"": false,"
sharon/dataset/metadata.json,3075,"    ""has_vagina"": false"
sharon/dataset/metadata.json,3087,"    ""has_uterus"": false,"
sharon/dataset/metadata.json,3088,"    ""has_ovary_left"": false,"
sharon/dataset/metadata.json,3089,"    ""has_ovary_right"": false,"
sharon/dataset/metadata.json,3090,"    ""has_vagina"": false"
sharon/dataset/metadata.json,3102,"    ""has_uterus"": false,"
sharon/dataset/metadata.json,3103,"    ""has_ovary_left"": false,"
sharon/dataset/metadata.json,3104,"    ""has_ovary_right"": false,"
sharon/dataset/metadata.json,3105,"    ""has_vagina"": false"
sharon/dataset/metadata.json,3117,"    ""has_uterus"": true,"
sharon/dataset/metadata.json,3118,"    ""has_ovary_left"": true,"
sharon/dataset/metadata.json,3119,"    ""has_ovary_right"": true,"
sharon/dataset/metadata.json,3120,"    ""has_vagina"": true"
sharon/dataset/metadata.json,3132,"    ""has_uterus"": false,"
sharon/dataset/metadata.json,3133,"    ""has_ovary_left"": false,"
sharon/dataset/metadata.json,3134,"    ""has_ovary_right"": false,"
sharon/dataset/metadata.json,3135,"    ""has_vagina"": false"
sharon/dataset/metadata.json,3147,"    ""has_uterus"": false,"
sharon/dataset/metadata.json,3148,"    ""has_ovary_left"": false,"
sharon/dataset/metadata.json,3149,"    ""has_ovary_right"": false,"
sharon/dataset/metadata.json,3150,"    ""has_vagina"": false"
sharon/dataset/metadata.json,3162,"    ""has_uterus"": false,"
sharon/dataset/metadata.json,3163,"    ""has_ovary_left"": false,"
sharon/dataset/metadata.json,3164,"    ""has_ovary_right"": false,"
sharon/dataset/metadata.json,3165,"    ""has_vagina"": false"
sharon/dataset/metadata.json,3177,"    ""has_uterus"": false,"
sharon/dataset/metadata.json,3178,"    ""has_ovary_left"": false,"
sharon/dataset/metadata.json,3179,"    ""has_ovary_right"": false,"
sharon/dataset/metadata.json,3180,"    ""has_vagina"": false"
sharon/dataset/metadata.json,3192,"    ""has_uterus"": false,"
sharon/dataset/metadata.json,3193,"    ""has_ovary_left"": false,"
sharon/dataset/metadata.json,3194,"    ""has_ovary_right"": false,"
sharon/dataset/metadata.json,3195,"    ""has_vagina"": false"
sharon/dataset/metadata.json,3207,"    ""has_uterus"": false,"
sharon/dataset/metadata.json,3208,"    ""has_ovary_left"": false,"
sharon/dataset/metadata.json,3209,"    ""has_ovary_right"": false,"
sharon/dataset/metadata.json,3210,"    ""has_vagina"": false"
sharon/dataset/metadata.json,3222,"    ""has_uterus"": true,"
sharon/dataset/metadata.json,3223,"    ""has_ovary_left"": true,"
sharon/dataset/metadata.json,3224,"    ""has_ovary_right"": true,"
sharon/dataset/metadata.json,3225,"    ""has_vagina"": true"
sharon/dataset/metadata.json,3237,"    ""has_uterus"": false,"
sharon/dataset/metadata.json,3238,"    ""has_ovary_left"": false,"
sharon/dataset/metadata.json,3239,"    ""has_ovary_right"": false,"
sharon/dataset/metadata.json,3240,"    ""has_vagina"": false"
sharon/dataset/metadata.json,3252,"    ""has_uterus"": false,"
sharon/dataset/metadata.json,3253,"    ""has_ovary_left"": false,"
sharon/dataset/metadata.json,3254,"    ""has_ovary_right"": false,"
sharon/dataset/metadata.json,3255,"    ""has_vagina"": false"
sharon/dataset/metadata.json,3267,"    ""has_uterus"": false,"
sharon/dataset/metadata.json,3268,"    ""has_ovary_left"": false,"
sharon/dataset/metadata.json,3269,"    ""has_ovary_right"": false,"
sharon/dataset/metadata.json,3270,"    ""has_vagina"": false"
sharon/dataset/metadata.json,3282,"    ""has_uterus"": false,"
sharon/dataset/metadata.json,3283,"    ""has_ovary_left"": false,"
sharon/dataset/metadata.json,3284,"    ""has_ovary_right"": false,"
sharon/dataset/metadata.json,3285,"    ""has_vagina"": false"
sharon/dataset/metadata.json,3297,"    ""has_uterus"": true,"
sharon/dataset/metadata.json,3298,"    ""has_ovary_left"": true,"
sharon/dataset/metadata.json,3299,"    ""has_ovary_right"": true,"
sharon/dataset/metadata.json,3300,"    ""has_vagina"": true"
sharon/dataset/metadata.json,3312,"    ""has_uterus"": true,"
sharon/dataset/metadata.json,3313,"    ""has_ovary_left"": true,"
sharon/dataset/metadata.json,3314,"    ""has_ovary_right"": true,"
sharon/dataset/metadata.json,3315,"    ""has_vagina"": true"
sharon/dataset/metadata.json,3327,"    ""has_uterus"": false,"
sharon/dataset/metadata.json,3328,"    ""has_ovary_left"": false,"
sharon/dataset/metadata.json,3329,"    ""has_ovary_right"": false,"
sharon/dataset/metadata.json,3330,"    ""has_vagina"": false"
sharon/dataset/metadata.json,3342,"    ""has_uterus"": true,"
sharon/dataset/metadata.json,3343,"    ""has_ovary_left"": true,"
sharon/dataset/metadata.json,3344,"    ""has_ovary_right"": true,"
sharon/dataset/metadata.json,3345,"    ""has_vagina"": true"
sharon/dataset/metadata.json,3357,"    ""has_uterus"": false,"
sharon/dataset/metadata.json,3358,"    ""has_ovary_left"": false,"
sharon/dataset/metadata.json,3359,"    ""has_ovary_right"": false,"
sharon/dataset/metadata.json,3360,"    ""has_vagina"": false"
sharon/dataset/metadata.json,3372,"    ""has_uterus"": false,"
sharon/dataset/metadata.json,3373,"    ""has_ovary_left"": false,"
sharon/dataset/metadata.json,3374,"    ""has_ovary_right"": false,"
sharon/dataset/metadata.json,3375,"    ""has_vagina"": false"
sharon/dataset/metadata.json,3387,"    ""has_uterus"": false,"
sharon/dataset/metadata.json,3388,"    ""has_ovary_left"": false,"
sharon/dataset/metadata.json,3389,"    ""has_ovary_right"": false,"
sharon/dataset/metadata.json,3390,"    ""has_vagina"": false"
sharon/dataset/metadata.json,3402,"    ""has_uterus"": true,"
sharon/dataset/metadata.json,3403,"    ""has_ovary_left"": true,"
sharon/dataset/metadata.json,3404,"    ""has_ovary_right"": true,"
sharon/dataset/metadata.json,3405,"    ""has_vagina"": true"
sharon/dataset/metadata.json,3417,"    ""has_uterus"": false,"
sharon/dataset/metadata.json,3418,"    ""has_ovary_left"": false,"
sharon/dataset/metadata.json,3419,"    ""has_ovary_right"": false,"
sharon/dataset/metadata.json,3420,"    ""has_vagina"": false"
sharon/dataset/metadata.json,3432,"    ""has_uterus"": false,"
sharon/dataset/metadata.json,3433,"    ""has_ovary_left"": false,"
sharon/dataset/metadata.json,3434,"    ""has_ovary_right"": false,"
sharon/dataset/metadata.json,3435,"    ""has_vagina"": false"
sharon/dataset/metadata.json,3447,"    ""has_uterus"": false,"
sharon/dataset/metadata.json,3448,"    ""has_ovary_left"": false,"
sharon/dataset/metadata.json,3449,"    ""has_ovary_right"": false,"
sharon/dataset/metadata.json,3450,"    ""has_vagina"": false"
sharon/dataset/metadata.json,3462,"    ""has_uterus"": true,"
sharon/dataset/metadata.json,3463,"    ""has_ovary_left"": true,"
sharon/dataset/metadata.json,3464,"    ""has_ovary_right"": true,"
sharon/dataset/metadata.json,3465,"    ""has_vagina"": true"
sharon/dataset/metadata.json,3477,"    ""has_uterus"": true,"
sharon/dataset/metadata.json,3478,"    ""has_ovary_left"": true,"
sharon/dataset/metadata.json,3479,"    ""has_ovary_right"": true,"
sharon/dataset/metadata.json,3480,"    ""has_vagina"": true"
sharon/dataset/metadata.json,3492,"    ""has_uterus"": true,"
sharon/dataset/metadata.json,3493,"    ""has_ovary_left"": true,"
sharon/dataset/metadata.json,3494,"    ""has_ovary_right"": true,"
sharon/dataset/metadata.json,3495,"    ""has_vagina"": true"
sharon/dataset/metadata.json,3507,"    ""has_uterus"": true,"
sharon/dataset/metadata.json,3508,"    ""has_ovary_left"": true,"
sharon/dataset/metadata.json,3509,"    ""has_ovary_right"": true,"
sharon/dataset/metadata.json,3510,"    ""has_vagina"": true"
sharon/dataset/metadata.json,3522,"    ""has_uterus"": true,"
sharon/dataset/metadata.json,3523,"    ""has_ovary_left"": true,"
sharon/dataset/metadata.json,3524,"    ""has_ovary_right"": true,"
sharon/dataset/metadata.json,3525,"    ""has_vagina"": true"
sharon/dataset/metadata.json,3537,"    ""has_uterus"": true,"
sharon/dataset/metadata.json,3538,"    ""has_ovary_left"": true,"
sharon/dataset/metadata.json,3539,"    ""has_ovary_right"": true,"
sharon/dataset/metadata.json,3540,"    ""has_vagina"": true"
sharon/dataset/metadata.json,3552,"    ""has_uterus"": false,"
sharon/dataset/metadata.json,3553,"    ""has_ovary_left"": false,"
sharon/dataset/metadata.json,3554,"    ""has_ovary_right"": false,"
sharon/dataset/metadata.json,3555,"    ""has_vagina"": false"
sharon/dataset/metadata.json,3567,"    ""has_uterus"": false,"
sharon/dataset/metadata.json,3568,"    ""has_ovary_left"": false,"
sharon/dataset/metadata.json,3569,"    ""has_ovary_right"": false,"
sharon/dataset/metadata.json,3570,"    ""has_vagina"": false"
sharon/dataset/metadata.json,3582,"    ""has_uterus"": false,"
sharon/dataset/metadata.json,3583,"    ""has_ovary_left"": false,"
sharon/dataset/metadata.json,3584,"    ""has_ovary_right"": false,"
sharon/dataset/metadata.json,3585,"    ""has_vagina"": false"
sharon/dataset/metadata.json,3597,"    ""has_uterus"": true,"
sharon/dataset/metadata.json,3598,"    ""has_ovary_left"": true,"
sharon/dataset/metadata.json,3599,"    ""has_ovary_right"": true,"
sharon/dataset/metadata.json,3600,"    ""has_vagina"": true"
sharon/dataset/metadata.json,3612,"    ""has_uterus"": false,"
sharon/dataset/metadata.json,3613,"    ""has_ovary_left"": false,"
sharon/dataset/metadata.json,3614,"    ""has_ovary_right"": false,"
sharon/dataset/metadata.json,3615,"    ""has_vagina"": false"
sharon/dataset/metadata.json,3627,"    ""has_uterus"": false,"
sharon/dataset/metadata.json,3628,"    ""has_ovary_left"": false,"
sharon/dataset/metadata.json,3629,"    ""has_ovary_right"": false,"
sharon/dataset/metadata.json,3630,"    ""has_vagina"": false"
sharon/dataset/metadata.json,3642,"    ""has_uterus"": false,"
sharon/dataset/metadata.json,3643,"    ""has_ovary_left"": false,"
sharon/dataset/metadata.json,3644,"    ""has_ovary_right"": false,"
sharon/dataset/metadata.json,3645,"    ""has_vagina"": false"
sharon/dataset/metadata.json,3657,"    ""has_uterus"": false,"
sharon/dataset/metadata.json,3658,"    ""has_ovary_left"": false,"
sharon/dataset/metadata.json,3659,"    ""has_ovary_right"": false,"
sharon/dataset/metadata.json,3660,"    ""has_vagina"": false"
sharon/dataset/metadata.json,3672,"    ""has_uterus"": true,"
sharon/dataset/metadata.json,3673,"    ""has_ovary_left"": true,"
sharon/dataset/metadata.json,3674,"    ""has_ovary_right"": true,"
sharon/dataset/metadata.json,3675,"    ""has_vagina"": true"
sharon/dataset/metadata.json,3687,"    ""has_uterus"": false,"
sharon/dataset/metadata.json,3688,"    ""has_ovary_left"": false,"
sharon/dataset/metadata.json,3689,"    ""has_ovary_right"": false,"
sharon/dataset/metadata.json,3690,"    ""has_vagina"": false"
sharon/dataset/metadata.json,3702,"    ""has_uterus"": false,"
sharon/dataset/metadata.json,3703,"    ""has_ovary_left"": false,"
sharon/dataset/metadata.json,3704,"    ""has_ovary_right"": false,"
sharon/dataset/metadata.json,3705,"    ""has_vagina"": false"
sharon/dataset/metadata.json,3717,"    ""has_uterus"": true,"
sharon/dataset/metadata.json,3718,"    ""has_ovary_left"": true,"
sharon/dataset/metadata.json,3719,"    ""has_ovary_right"": true,"
sharon/dataset/metadata.json,3720,"    ""has_vagina"": true"
sharon/dataset/metadata.json,3732,"    ""has_uterus"": true,"
sharon/dataset/metadata.json,3733,"    ""has_ovary_left"": true,"
sharon/dataset/metadata.json,3734,"    ""has_ovary_right"": true,"
sharon/dataset/metadata.json,3735,"    ""has_vagina"": true"
sharon/dataset/metadata.json,3747,"    ""has_uterus"": true,"
sharon/dataset/metadata.json,3748,"    ""has_ovary_left"": true,"
sharon/dataset/metadata.json,3749,"    ""has_ovary_right"": true,"
sharon/dataset/metadata.json,3750,"    ""has_vagina"": true"
sharon/dataset/metadata.json,3762,"    ""has_uterus"": false,"
sharon/dataset/metadata.json,3763,"    ""has_ovary_left"": false,"
sharon/dataset/metadata.json,3764,"    ""has_ovary_right"": false,"
sharon/dataset/metadata.json,3765,"    ""has_vagina"": false"
sharon/dataset/metadata.json,3777,"    ""has_uterus"": false,"
sharon/dataset/metadata.json,3778,"    ""has_ovary_left"": false,"
sharon/dataset/metadata.json,3779,"    ""has_ovary_right"": false,"
sharon/dataset/metadata.json,3780,"    ""has_vagina"": false"
sharon/dataset/metadata.json,3792,"    ""has_uterus"": false,"
sharon/dataset/metadata.json,3793,"    ""has_ovary_left"": false,"
sharon/dataset/metadata.json,3794,"    ""has_ovary_right"": false,"
sharon/dataset/metadata.json,3795,"    ""has_vagina"": false"
sharon/dataset/metadata.json,3807,"    ""has_uterus"": true,"
sharon/dataset/metadata.json,3808,"    ""has_ovary_left"": true,"
sharon/dataset/metadata.json,3809,"    ""has_ovary_right"": true,"
sharon/dataset/metadata.json,3810,"    ""has_vagina"": true"
sharon/dataset/metadata.json,3822,"    ""has_uterus"": false,"
sharon/dataset/metadata.json,3823,"    ""has_ovary_left"": false,"
sharon/dataset/metadata.json,3824,"    ""has_ovary_right"": false,"
sharon/dataset/metadata.json,3825,"    ""has_vagina"": false"
sharon/dataset/metadata.json,3837,"    ""has_uterus"": true,"
sharon/dataset/metadata.json,3838,"    ""has_ovary_left"": true,"
sharon/dataset/metadata.json,3839,"    ""has_ovary_right"": true,"
sharon/dataset/metadata.json,3840,"    ""has_vagina"": true"
sharon/dataset/metadata.json,3852,"    ""has_uterus"": false,"
sharon/dataset/metadata.json,3853,"    ""has_ovary_left"": false,"
sharon/dataset/metadata.json,3854,"    ""has_ovary_right"": false,"
sharon/dataset/metadata.json,3855,"    ""has_vagina"": false"
sharon/dataset/metadata.json,3867,"    ""has_uterus"": true,"
sharon/dataset/metadata.json,3868,"    ""has_ovary_left"": true,"
sharon/dataset/metadata.json,3869,"    ""has_ovary_right"": true,"
sharon/dataset/metadata.json,3870,"    ""has_vagina"": true"
sharon/dataset/metadata.json,3882,"    ""has_uterus"": false,"
sharon/dataset/metadata.json,3883,"    ""has_ovary_left"": false,"
sharon/dataset/metadata.json,3884,"    ""has_ovary_right"": false,"
sharon/dataset/metadata.json,3885,"    ""has_vagina"": false"
sharon/dataset/metadata.json,3897,"    ""has_uterus"": false,"
sharon/dataset/metadata.json,3898,"    ""has_ovary_left"": false,"
sharon/dataset/metadata.json,3899,"    ""has_ovary_right"": false,"
sharon/dataset/metadata.json,3900,"    ""has_vagina"": false"
sharon/dataset/metadata.json,3912,"    ""has_uterus"": false,"
sharon/dataset/metadata.json,3913,"    ""has_ovary_left"": false,"
sharon/dataset/metadata.json,3914,"    ""has_ovary_right"": false,"
sharon/dataset/metadata.json,3915,"    ""has_vagina"": false"
sharon/dataset/metadata.json,3927,"    ""has_uterus"": false,"
sharon/dataset/metadata.json,3928,"    ""has_ovary_left"": false,"
sharon/dataset/metadata.json,3929,"    ""has_ovary_right"": false,"
sharon/dataset/metadata.json,3930,"    ""has_vagina"": false"
sharon/dataset/metadata.json,3942,"    ""has_uterus"": false,"
sharon/dataset/metadata.json,3943,"    ""has_ovary_left"": false,"
sharon/dataset/metadata.json,3944,"    ""has_ovary_right"": false,"
sharon/dataset/metadata.json,3945,"    ""has_vagina"": false"
sharon/dataset/metadata.json,3957,"    ""has_uterus"": false,"
sharon/dataset/metadata.json,3958,"    ""has_ovary_left"": false,"
sharon/dataset/metadata.json,3959,"    ""has_ovary_right"": false,"
sharon/dataset/metadata.json,3960,"    ""has_vagina"": false"
sharon/dataset/metadata.json,3972,"    ""has_uterus"": false,"
sharon/dataset/metadata.json,3973,"    ""has_ovary_left"": false,"
sharon/dataset/metadata.json,3974,"    ""has_ovary_right"": false,"
sharon/dataset/metadata.json,3975,"    ""has_vagina"": false"
sharon/dataset/metadata.json,3987,"    ""has_uterus"": false,"
sharon/dataset/metadata.json,3988,"    ""has_ovary_left"": false,"
sharon/dataset/metadata.json,3989,"    ""has_ovary_right"": false,"
sharon/dataset/metadata.json,3990,"    ""has_vagina"": false"
sharon/dataset/metadata.json,4002,"    ""has_uterus"": true,"
sharon/dataset/metadata.json,4003,"    ""has_ovary_left"": true,"
sharon/dataset/metadata.json,4004,"    ""has_ovary_right"": true,"
sharon/dataset/metadata.json,4005,"    ""has_vagina"": true"
sharon/dataset/metadata.json,4017,"    ""has_uterus"": false,"
sharon/dataset/metadata.json,4018,"    ""has_ovary_left"": false,"
sharon/dataset/metadata.json,4019,"    ""has_ovary_right"": false,"
sharon/dataset/metadata.json,4020,"    ""has_vagina"": false"
sharon/dataset/metadata.json,4032,"    ""has_uterus"": true,"
sharon/dataset/metadata.json,4033,"    ""has_ovary_left"": true,"
sharon/dataset/metadata.json,4034,"    ""has_ovary_right"": true,"
sharon/dataset/metadata.json,4035,"    ""has_vagina"": true"
sharon/dataset/metadata.json,4047,"    ""has_uterus"": false,"
sharon/dataset/metadata.json,4048,"    ""has_ovary_left"": false,"
sharon/dataset/metadata.json,4049,"    ""has_ovary_right"": false,"
sharon/dataset/metadata.json,4050,"    ""has_vagina"": false"
sharon/dataset/metadata.json,4062,"    ""has_uterus"": true,"
sharon/dataset/metadata.json,4063,"    ""has_ovary_left"": true,"
sharon/dataset/metadata.json,4064,"    ""has_ovary_right"": true,"
sharon/dataset/metadata.json,4065,"    ""has_vagina"": true"
sharon/dataset/metadata.json,4077,"    ""has_uterus"": false,"
sharon/dataset/metadata.json,4078,"    ""has_ovary_left"": false,"
sharon/dataset/metadata.json,4079,"    ""has_ovary_right"": false,"
sharon/dataset/metadata.json,4080,"    ""has_vagina"": false"
sharon/dataset/metadata.json,4092,"    ""has_uterus"": false,"
sharon/dataset/metadata.json,4093,"    ""has_ovary_left"": false,"
sharon/dataset/metadata.json,4094,"    ""has_ovary_right"": false,"
sharon/dataset/metadata.json,4095,"    ""has_vagina"": false"
sharon/dataset/metadata.json,4107,"    ""has_uterus"": false,"
sharon/dataset/metadata.json,4108,"    ""has_ovary_left"": false,"
sharon/dataset/metadata.json,4109,"    ""has_ovary_right"": false,"
sharon/dataset/metadata.json,4110,"    ""has_vagina"": false"
sharon/dataset/metadata.json,4122,"    ""has_uterus"": false,"
sharon/dataset/metadata.json,4123,"    ""has_ovary_left"": false,"
sharon/dataset/metadata.json,4124,"    ""has_ovary_right"": false,"
sharon/dataset/metadata.json,4125,"    ""has_vagina"": false"
sharon/dataset/metadata.json,4137,"    ""has_uterus"": false,"
sharon/dataset/metadata.json,4138,"    ""has_ovary_left"": false,"
sharon/dataset/metadata.json,4139,"    ""has_ovary_right"": false,"
sharon/dataset/metadata.json,4140,"    ""has_vagina"": false"
sharon/dataset/metadata.json,4152,"    ""has_uterus"": false,"
sharon/dataset/metadata.json,4153,"    ""has_ovary_left"": false,"
sharon/dataset/metadata.json,4154,"    ""has_ovary_right"": false,"
sharon/dataset/metadata.json,4155,"    ""has_vagina"": false"
sharon/dataset/metadata.json,4167,"    ""has_uterus"": true,"
sharon/dataset/metadata.json,4168,"    ""has_ovary_left"": true,"
sharon/dataset/metadata.json,4169,"    ""has_ovary_right"": true,"
sharon/dataset/metadata.json,4170,"    ""has_vagina"": true"
sharon/dataset/metadata.json,4182,"    ""has_uterus"": true,"
sharon/dataset/metadata.json,4183,"    ""has_ovary_left"": true,"
sharon/dataset/metadata.json,4184,"    ""has_ovary_right"": true,"
sharon/dataset/metadata.json,4185,"    ""has_vagina"": true"
sharon/dataset/metadata.json,4197,"    ""has_uterus"": true,"
sharon/dataset/metadata.json,4198,"    ""has_ovary_left"": true,"
sharon/dataset/metadata.json,4199,"    ""has_ovary_right"": true,"
sharon/dataset/metadata.json,4200,"    ""has_vagina"": true"
sharon/dataset/metadata.json,4212,"    ""has_uterus"": false,"
sharon/dataset/metadata.json,4213,"    ""has_ovary_left"": false,"
sharon/dataset/metadata.json,4214,"    ""has_ovary_right"": false,"
sharon/dataset/metadata.json,4215,"    ""has_vagina"": false"
sharon/dataset/metadata.json,4227,"    ""has_uterus"": false,"
sharon/dataset/metadata.json,4228,"    ""has_ovary_left"": false,"
sharon/dataset/metadata.json,4229,"    ""has_ovary_right"": false,"
sharon/dataset/metadata.json,4230,"    ""has_vagina"": false"
sharon/dataset/metadata.json,4242,"    ""has_uterus"": false,"
sharon/dataset/metadata.json,4243,"    ""has_ovary_left"": false,"
sharon/dataset/metadata.json,4244,"    ""has_ovary_right"": false,"
sharon/dataset/metadata.json,4245,"    ""has_vagina"": false"
sharon/dataset/metadata.json,4257,"    ""has_uterus"": false,"
sharon/dataset/metadata.json,4258,"    ""has_ovary_left"": false,"
sharon/dataset/metadata.json,4259,"    ""has_ovary_right"": false,"
sharon/dataset/metadata.json,4260,"    ""has_vagina"": false"
sharon/dataset/metadata.json,4272,"    ""has_uterus"": false,"
sharon/dataset/metadata.json,4273,"    ""has_ovary_left"": false,"
sharon/dataset/metadata.json,4274,"    ""has_ovary_right"": false,"
sharon/dataset/metadata.json,4275,"    ""has_vagina"": false"
sharon/dataset/metadata.json,4287,"    ""has_uterus"": false,"
sharon/dataset/metadata.json,4288,"    ""has_ovary_left"": false,"
sharon/dataset/metadata.json,4289,"    ""has_ovary_right"": false,"
sharon/dataset/metadata.json,4290,"    ""has_vagina"": false"
sharon/dataset/metadata.json,4302,"    ""has_uterus"": false,"
sharon/dataset/metadata.json,4303,"    ""has_ovary_left"": false,"
sharon/dataset/metadata.json,4304,"    ""has_ovary_right"": false,"
sharon/dataset/metadata.json,4305,"    ""has_vagina"": false"
sharon/dataset/metadata.json,4317,"    ""has_uterus"": true,"
sharon/dataset/metadata.json,4318,"    ""has_ovary_left"": true,"
sharon/dataset/metadata.json,4319,"    ""has_ovary_right"": true,"
sharon/dataset/metadata.json,4320,"    ""has_vagina"": true"
sharon/dataset/metadata.json,4332,"    ""has_uterus"": false,"
sharon/dataset/metadata.json,4333,"    ""has_ovary_left"": false,"
sharon/dataset/metadata.json,4334,"    ""has_ovary_right"": false,"
sharon/dataset/metadata.json,4335,"    ""has_vagina"": false"
sharon/dataset/metadata.json,4347,"    ""has_uterus"": false,"
sharon/dataset/metadata.json,4348,"    ""has_ovary_left"": false,"
sharon/dataset/metadata.json,4349,"    ""has_ovary_right"": false,"
sharon/dataset/metadata.json,4350,"    ""has_vagina"": false"
sharon/dataset/metadata.json,4362,"    ""has_uterus"": false,"
sharon/dataset/metadata.json,4363,"    ""has_ovary_left"": false,"
sharon/dataset/metadata.json,4364,"    ""has_ovary_right"": false,"
sharon/dataset/metadata.json,4365,"    ""has_vagina"": false"
sharon/dataset/metadata.json,4377,"    ""has_uterus"": false,"
sharon/dataset/metadata.json,4378,"    ""has_ovary_left"": false,"
sharon/dataset/metadata.json,4379,"    ""has_ovary_right"": false,"
sharon/dataset/metadata.json,4380,"    ""has_vagina"": false"
sharon/dataset/metadata.json,4392,"    ""has_uterus"": true,"
sharon/dataset/metadata.json,4393,"    ""has_ovary_left"": true,"
sharon/dataset/metadata.json,4394,"    ""has_ovary_right"": true,"
sharon/dataset/metadata.json,4395,"    ""has_vagina"": true"
sharon/dataset/metadata.json,4407,"    ""has_uterus"": false,"
sharon/dataset/metadata.json,4408,"    ""has_ovary_left"": false,"
sharon/dataset/metadata.json,4409,"    ""has_ovary_right"": false,"
sharon/dataset/metadata.json,4410,"    ""has_vagina"": false"
sharon/dataset/metadata.json,4422,"    ""has_uterus"": true,"
sharon/dataset/metadata.json,4423,"    ""has_ovary_left"": true,"
sharon/dataset/metadata.json,4424,"    ""has_ovary_right"": true,"
sharon/dataset/metadata.json,4425,"    ""has_vagina"": true"
sharon/dataset/metadata.json,4437,"    ""has_uterus"": false,"
sharon/dataset/metadata.json,4438,"    ""has_ovary_left"": false,"
sharon/dataset/metadata.json,4439,"    ""has_ovary_right"": false,"
sharon/dataset/metadata.json,4440,"    ""has_vagina"": false"
sharon/dataset/metadata.json,4452,"    ""has_uterus"": false,"
sharon/dataset/metadata.json,4453,"    ""has_ovary_left"": false,"
sharon/dataset/metadata.json,4454,"    ""has_ovary_right"": false,"
sharon/dataset/metadata.json,4455,"    ""has_vagina"": false"
sharon/dataset/metadata.json,4467,"    ""has_uterus"": true,"
sharon/dataset/metadata.json,4468,"    ""has_ovary_left"": true,"
sharon/dataset/metadata.json,4469,"    ""has_ovary_right"": true,"
sharon/dataset/metadata.json,4470,"    ""has_vagina"": true"
sharon/dataset/metadata.json,4482,"    ""has_uterus"": false,"
sharon/dataset/metadata.json,4483,"    ""has_ovary_left"": false,"
sharon/dataset/metadata.json,4484,"    ""has_ovary_right"": false,"
sharon/dataset/metadata.json,4485,"    ""has_vagina"": false"
sharon/dataset/metadata.json,4497,"    ""has_uterus"": false,"
sharon/dataset/metadata.json,4498,"    ""has_ovary_left"": false,"
sharon/dataset/metadata.json,4499,"    ""has_ovary_right"": false,"
sharon/dataset/metadata.json,4500,"    ""has_vagina"": false"
sharon/dataset/metadata.json,4512,"    ""has_uterus"": false,"
sharon/dataset/metadata.json,4513,"    ""has_ovary_left"": false,"
sharon/dataset/metadata.json,4514,"    ""has_ovary_right"": false,"
sharon/dataset/metadata.json,4515,"    ""has_vagina"": false"
sharon/dataset/metadata.json,4527,"    ""has_uterus"": true,"
sharon/dataset/metadata.json,4528,"    ""has_ovary_left"": true,"
sharon/dataset/metadata.json,4529,"    ""has_ovary_right"": true,"
sharon/dataset/metadata.json,4530,"    ""has_vagina"": true"
sharon/dataset/metadata.json,4542,"    ""has_uterus"": false,"
sharon/dataset/metadata.json,4543,"    ""has_ovary_left"": false,"
sharon/dataset/metadata.json,4544,"    ""has_ovary_right"": false,"
sharon/dataset/metadata.json,4545,"    ""has_vagina"": false"
sharon/dataset/metadata.json,4557,"    ""has_uterus"": false,"
sharon/dataset/metadata.json,4558,"    ""has_ovary_left"": false,"
sharon/dataset/metadata.json,4559,"    ""has_ovary_right"": false,"
sharon/dataset/metadata.json,4560,"    ""has_vagina"": false"
sharon/dataset/metadata.json,4572,"    ""has_uterus"": false,"
sharon/dataset/metadata.json,4573,"    ""has_ovary_left"": false,"
sharon/dataset/metadata.json,4574,"    ""has_ovary_right"": false,"
sharon/dataset/metadata.json,4575,"    ""has_vagina"": false"
sharon/dataset/metadata.json,4587,"    ""has_uterus"": true,"
sharon/dataset/metadata.json,4588,"    ""has_ovary_left"": true,"
sharon/dataset/metadata.json,4589,"    ""has_ovary_right"": true,"
sharon/dataset/metadata.json,4590,"    ""has_vagina"": true"
sharon/dataset/metadata.json,4602,"    ""has_uterus"": false,"
sharon/dataset/metadata.json,4603,"    ""has_ovary_left"": false,"
sharon/dataset/metadata.json,4604,"    ""has_ovary_right"": false,"
sharon/dataset/metadata.json,4605,"    ""has_vagina"": false"
sharon/dataset/metadata.json,4617,"    ""has_uterus"": true,"
sharon/dataset/metadata.json,4618,"    ""has_ovary_left"": true,"
sharon/dataset/metadata.json,4619,"    ""has_ovary_right"": true,"
sharon/dataset/metadata.json,4620,"    ""has_vagina"": true"
sharon/dataset/metadata.json,4632,"    ""has_uterus"": false,"
sharon/dataset/metadata.json,4633,"    ""has_ovary_left"": false,"
sharon/dataset/metadata.json,4634,"    ""has_ovary_right"": false,"
sharon/dataset/metadata.json,4635,"    ""has_vagina"": false"
sharon/dataset/metadata.json,4647,"    ""has_uterus"": false,"
sharon/dataset/metadata.json,4648,"    ""has_ovary_left"": false,"
sharon/dataset/metadata.json,4649,"    ""has_ovary_right"": false,"
sharon/dataset/metadata.json,4650,"    ""has_vagina"": false"
sharon/dataset/metadata.json,4662,"    ""has_uterus"": false,"
sharon/dataset/metadata.json,4663,"    ""has_ovary_left"": false,"
sharon/dataset/metadata.json,4664,"    ""has_ovary_right"": false,"
sharon/dataset/metadata.json,4665,"    ""has_vagina"": false"
sharon/dataset/metadata.json,4677,"    ""has_uterus"": false,"
sharon/dataset/metadata.json,4678,"    ""has_ovary_left"": false,"
sharon/dataset/metadata.json,4679,"    ""has_ovary_right"": false,"
sharon/dataset/metadata.json,4680,"    ""has_vagina"": false"
sharon/dataset/metadata.json,4692,"    ""has_uterus"": false,"
sharon/dataset/metadata.json,4693,"    ""has_ovary_left"": false,"
sharon/dataset/metadata.json,4694,"    ""has_ovary_right"": false,"
sharon/dataset/metadata.json,4695,"    ""has_vagina"": false"
sharon/dataset/metadata.json,4707,"    ""has_uterus"": true,"
sharon/dataset/metadata.json,4708,"    ""has_ovary_left"": true,"
sharon/dataset/metadata.json,4709,"    ""has_ovary_right"": true,"
sharon/dataset/metadata.json,4710,"    ""has_vagina"": true"
sharon/dataset/metadata.json,4722,"    ""has_uterus"": false,"
sharon/dataset/metadata.json,4723,"    ""has_ovary_left"": false,"
sharon/dataset/metadata.json,4724,"    ""has_ovary_right"": false,"
sharon/dataset/metadata.json,4725,"    ""has_vagina"": false"
sharon/dataset/metadata.json,4737,"    ""has_uterus"": true,"
sharon/dataset/metadata.json,4738,"    ""has_ovary_left"": true,"
sharon/dataset/metadata.json,4739,"    ""has_ovary_right"": true,"
sharon/dataset/metadata.json,4740,"    ""has_vagina"": true"
sharon/dataset/metadata.json,4752,"    ""has_uterus"": false,"
sharon/dataset/metadata.json,4753,"    ""has_ovary_left"": false,"
sharon/dataset/metadata.json,4754,"    ""has_ovary_right"": false,"
sharon/dataset/metadata.json,4755,"    ""has_vagina"": false"
sharon/dataset/metadata.json,4767,"    ""has_uterus"": false,"
sharon/dataset/metadata.json,4768,"    ""has_ovary_left"": false,"
sharon/dataset/metadata.json,4769,"    ""has_ovary_right"": false,"
sharon/dataset/metadata.json,4770,"    ""has_vagina"": false"
sharon/dataset/metadata.json,4782,"    ""has_uterus"": false,"
sharon/dataset/metadata.json,4783,"    ""has_ovary_left"": false,"
sharon/dataset/metadata.json,4784,"    ""has_ovary_right"": false,"
sharon/dataset/metadata.json,4785,"    ""has_vagina"": false"
sharon/dataset/metadata.json,4797,"    ""has_uterus"": false,"
sharon/dataset/metadata.json,4798,"    ""has_ovary_left"": false,"
sharon/dataset/metadata.json,4799,"    ""has_ovary_right"": false,"
sharon/dataset/metadata.json,4800,"    ""has_vagina"": false"
sharon/dataset/metadata.json,4812,"    ""has_uterus"": true,"
sharon/dataset/metadata.json,4813,"    ""has_ovary_left"": true,"
sharon/dataset/metadata.json,4814,"    ""has_ovary_right"": true,"
sharon/dataset/metadata.json,4815,"    ""has_vagina"": true"
sharon/dataset/metadata.json,4827,"    ""has_uterus"": false,"
sharon/dataset/metadata.json,4828,"    ""has_ovary_left"": false,"
sharon/dataset/metadata.json,4829,"    ""has_ovary_right"": false,"
sharon/dataset/metadata.json,4830,"    ""has_vagina"": false"
sharon/dataset/metadata.json,4842,"    ""has_uterus"": false,"
sharon/dataset/metadata.json,4843,"    ""has_ovary_left"": false,"
sharon/dataset/metadata.json,4844,"    ""has_ovary_right"": false,"
sharon/dataset/metadata.json,4845,"    ""has_vagina"": false"
sharon/dataset/metadata.json,4857,"    ""has_uterus"": false,"
sharon/dataset/metadata.json,4858,"    ""has_ovary_left"": false,"
sharon/dataset/metadata.json,4859,"    ""has_ovary_right"": false,"
sharon/dataset/metadata.json,4860,"    ""has_vagina"": false"
sharon/dataset/metadata.json,4872,"    ""has_uterus"": true,"
sharon/dataset/metadata.json,4873,"    ""has_ovary_left"": true,"
sharon/dataset/metadata.json,4874,"    ""has_ovary_right"": true,"
sharon/dataset/metadata.json,4875,"    ""has_vagina"": true"
sharon/dataset/metadata.json,4887,"    ""has_uterus"": false,"
sharon/dataset/metadata.json,4888,"    ""has_ovary_left"": false,"
sharon/dataset/metadata.json,4889,"    ""has_ovary_right"": false,"
sharon/dataset/metadata.json,4890,"    ""has_vagina"": false"
sharon/dataset/metadata.json,4902,"    ""has_uterus"": false,"
sharon/dataset/metadata.json,4903,"    ""has_ovary_left"": false,"
sharon/dataset/metadata.json,4904,"    ""has_ovary_right"": false,"
sharon/dataset/metadata.json,4905,"    ""has_vagina"": false"
sharon/dataset/metadata.json,4917,"    ""has_uterus"": true,"
sharon/dataset/metadata.json,4918,"    ""has_ovary_left"": true,"
sharon/dataset/metadata.json,4919,"    ""has_ovary_right"": true,"
sharon/dataset/metadata.json,4920,"    ""has_vagina"": true"
sharon/dataset/metadata.json,4932,"    ""has_uterus"": true,"
sharon/dataset/metadata.json,4933,"    ""has_ovary_left"": true,"
sharon/dataset/metadata.json,4934,"    ""has_ovary_right"": true,"
sharon/dataset/metadata.json,4935,"    ""has_vagina"": true"
sharon/dataset/metadata.json,4947,"    ""has_uterus"": false,"
sharon/dataset/metadata.json,4948,"    ""has_ovary_left"": false,"
sharon/dataset/metadata.json,4949,"    ""has_ovary_right"": false,"
sharon/dataset/metadata.json,4950,"    ""has_vagina"": false"
sharon/dataset/metadata.json,4962,"    ""has_uterus"": false,"
sharon/dataset/metadata.json,4963,"    ""has_ovary_left"": false,"
sharon/dataset/metadata.json,4964,"    ""has_ovary_right"": false,"
sharon/dataset/metadata.json,4965,"    ""has_vagina"": false"
sharon/dataset/metadata.json,4977,"    ""has_uterus"": false,"
sharon/dataset/metadata.json,4978,"    ""has_ovary_left"": false,"
sharon/dataset/metadata.json,4979,"    ""has_ovary_right"": false,"
sharon/dataset/metadata.json,4980,"    ""has_vagina"": false"
sharon/dataset/metadata.json,4992,"    ""has_uterus"": true,"
sharon/dataset/metadata.json,4993,"    ""has_ovary_left"": true,"
sharon/dataset/metadata.json,4994,"    ""has_ovary_right"": true,"
sharon/dataset/metadata.json,4995,"    ""has_vagina"": true"
sharon/dataset/metadata.json,5007,"    ""has_uterus"": true,"
sharon/dataset/metadata.json,5008,"    ""has_ovary_left"": true,"
sharon/dataset/metadata.json,5009,"    ""has_ovary_right"": true,"
sharon/dataset/metadata.json,5010,"    ""has_vagina"": true"
sharon/dataset/metadata.json,5022,"    ""has_uterus"": false,"
sharon/dataset/metadata.json,5023,"    ""has_ovary_left"": false,"
sharon/dataset/metadata.json,5024,"    ""has_ovary_right"": false,"
sharon/dataset/metadata.json,5025,"    ""has_vagina"": false"
sharon/dataset/metadata.json,5037,"    ""has_uterus"": false,"
sharon/dataset/metadata.json,5038,"    ""has_ovary_left"": false,"
sharon/dataset/metadata.json,5039,"    ""has_ovary_right"": false,"
sharon/dataset/metadata.json,5040,"    ""has_vagina"": false"
sharon/dataset/metadata.json,5052,"    ""has_uterus"": false,"
sharon/dataset/metadata.json,5053,"    ""has_ovary_left"": false,"
sharon/dataset/metadata.json,5054,"    ""has_ovary_right"": false,"
sharon/dataset/metadata.json,5055,"    ""has_vagina"": false"
sharon/dataset/metadata.json,5067,"    ""has_uterus"": false,"
sharon/dataset/metadata.json,5068,"    ""has_ovary_left"": false,"
sharon/dataset/metadata.json,5069,"    ""has_ovary_right"": false,"
sharon/dataset/metadata.json,5070,"    ""has_vagina"": false"
sharon/dataset/metadata.json,5082,"    ""has_uterus"": false,"
sharon/dataset/metadata.json,5083,"    ""has_ovary_left"": false,"
sharon/dataset/metadata.json,5084,"    ""has_ovary_right"": false,"
sharon/dataset/metadata.json,5085,"    ""has_vagina"": false"
sharon/dataset/metadata.json,5097,"    ""has_uterus"": false,"
sharon/dataset/metadata.json,5098,"    ""has_ovary_left"": false,"
sharon/dataset/metadata.json,5099,"    ""has_ovary_right"": false,"
sharon/dataset/metadata.json,5100,"    ""has_vagina"": false"
sharon/dataset/metadata.json,5112,"    ""has_uterus"": false,"
sharon/dataset/metadata.json,5113,"    ""has_ovary_left"": false,"
sharon/dataset/metadata.json,5114,"    ""has_ovary_right"": false,"
sharon/dataset/metadata.json,5115,"    ""has_vagina"": false"
sharon/dataset/metadata.json,5127,"    ""has_uterus"": true,"
sharon/dataset/metadata.json,5128,"    ""has_ovary_left"": true,"
sharon/dataset/metadata.json,5129,"    ""has_ovary_right"": true,"
sharon/dataset/metadata.json,5130,"    ""has_vagina"": true"
sharon/dataset/metadata.json,5142,"    ""has_uterus"": false,"
sharon/dataset/metadata.json,5143,"    ""has_ovary_left"": false,"
sharon/dataset/metadata.json,5144,"    ""has_ovary_right"": false,"
sharon/dataset/metadata.json,5145,"    ""has_vagina"": false"
sharon/dataset/metadata.json,5157,"    ""has_uterus"": true,"
sharon/dataset/metadata.json,5158,"    ""has_ovary_left"": true,"
sharon/dataset/metadata.json,5159,"    ""has_ovary_right"": true,"
sharon/dataset/metadata.json,5160,"    ""has_vagina"": true"
sharon/dataset/metadata.json,5172,"    ""has_uterus"": false,"
sharon/dataset/metadata.json,5173,"    ""has_ovary_left"": false,"
sharon/dataset/metadata.json,5174,"    ""has_ovary_right"": false,"
sharon/dataset/metadata.json,5175,"    ""has_vagina"": false"
sharon/dataset/metadata.json,5187,"    ""has_uterus"": false,"
sharon/dataset/metadata.json,5188,"    ""has_ovary_left"": false,"
sharon/dataset/metadata.json,5189,"    ""has_ovary_right"": false,"
sharon/dataset/metadata.json,5190,"    ""has_vagina"": false"
sharon/dataset/metadata.json,5202,"    ""has_uterus"": true,"
sharon/dataset/metadata.json,5203,"    ""has_ovary_left"": true,"
sharon/dataset/metadata.json,5204,"    ""has_ovary_right"": true,"
sharon/dataset/metadata.json,5205,"    ""has_vagina"": true"
sharon/dataset/metadata.json,5217,"    ""has_uterus"": true,"
sharon/dataset/metadata.json,5218,"    ""has_ovary_left"": true,"
sharon/dataset/metadata.json,5219,"    ""has_ovary_right"": true,"
sharon/dataset/metadata.json,5220,"    ""has_vagina"": true"
sharon/dataset/metadata.json,5232,"    ""has_uterus"": true,"
sharon/dataset/metadata.json,5233,"    ""has_ovary_left"": true,"
sharon/dataset/metadata.json,5234,"    ""has_ovary_right"": true,"
sharon/dataset/metadata.json,5235,"    ""has_vagina"": true"
sharon/dataset/metadata.json,5247,"    ""has_uterus"": false,"
sharon/dataset/metadata.json,5248,"    ""has_ovary_left"": false,"
sharon/dataset/metadata.json,5249,"    ""has_ovary_right"": false,"
sharon/dataset/metadata.json,5250,"    ""has_vagina"": false"
sharon/dataset/metadata.json,5262,"    ""has_uterus"": false,"
sharon/dataset/metadata.json,5263,"    ""has_ovary_left"": false,"
sharon/dataset/metadata.json,5264,"    ""has_ovary_right"": false,"
sharon/dataset/metadata.json,5265,"    ""has_vagina"": false"
sharon/dataset/metadata.json,5277,"    ""has_uterus"": false,"
sharon/dataset/metadata.json,5278,"    ""has_ovary_left"": false,"
sharon/dataset/metadata.json,5279,"    ""has_ovary_right"": false,"
sharon/dataset/metadata.json,5280,"    ""has_vagina"": false"
sharon/dataset/metadata.json,5292,"    ""has_uterus"": false,"
sharon/dataset/metadata.json,5293,"    ""has_ovary_left"": false,"
sharon/dataset/metadata.json,5294,"    ""has_ovary_right"": false,"
sharon/dataset/metadata.json,5295,"    ""has_vagina"": false"
sharon/dataset/metadata.json,5307,"    ""has_uterus"": false,"
sharon/dataset/metadata.json,5308,"    ""has_ovary_left"": false,"
sharon/dataset/metadata.json,5309,"    ""has_ovary_right"": false,"
sharon/dataset/metadata.json,5310,"    ""has_vagina"": false"
sharon/dataset/metadata.json,5322,"    ""has_uterus"": false,"
sharon/dataset/metadata.json,5323,"    ""has_ovary_left"": false,"
sharon/dataset/metadata.json,5324,"    ""has_ovary_right"": false,"
sharon/dataset/metadata.json,5325,"    ""has_vagina"": false"
sharon/dataset/metadata.json,5337,"    ""has_uterus"": false,"
sharon/dataset/metadata.json,5338,"    ""has_ovary_left"": false,"
sharon/dataset/metadata.json,5339,"    ""has_ovary_right"": false,"
sharon/dataset/metadata.json,5340,"    ""has_vagina"": false"
sharon/dataset/metadata.json,5352,"    ""has_uterus"": false,"
sharon/dataset/metadata.json,5353,"    ""has_ovary_left"": false,"
sharon/dataset/metadata.json,5354,"    ""has_ovary_right"": false,"
sharon/dataset/metadata.json,5355,"    ""has_vagina"": false"
sharon/dataset/metadata.json,5367,"    ""has_uterus"": false,"
sharon/dataset/metadata.json,5368,"    ""has_ovary_left"": false,"
sharon/dataset/metadata.json,5369,"    ""has_ovary_right"": false,"
sharon/dataset/metadata.json,5370,"    ""has_vagina"": false"
sharon/dataset/metadata.json,5382,"    ""has_uterus"": true,"
sharon/dataset/metadata.json,5383,"    ""has_ovary_left"": true,"
sharon/dataset/metadata.json,5384,"    ""has_ovary_right"": true,"
sharon/dataset/metadata.json,5385,"    ""has_vagina"": true"
sharon/dataset/metadata.json,5397,"    ""has_uterus"": false,"
sharon/dataset/metadata.json,5398,"    ""has_ovary_left"": false,"
sharon/dataset/metadata.json,5399,"    ""has_ovary_right"": false,"
sharon/dataset/metadata.json,5400,"    ""has_vagina"": false"
sharon/dataset/metadata.json,5412,"    ""has_uterus"": false,"
sharon/dataset/metadata.json,5413,"    ""has_ovary_left"": false,"
sharon/dataset/metadata.json,5414,"    ""has_ovary_right"": false,"
sharon/dataset/metadata.json,5415,"    ""has_vagina"": false"
sharon/dataset/metadata.json,5427,"    ""has_uterus"": true,"
sharon/dataset/metadata.json,5428,"    ""has_ovary_left"": true,"
sharon/dataset/metadata.json,5429,"    ""has_ovary_right"": true,"
sharon/dataset/metadata.json,5430,"    ""has_vagina"": true"
sharon/dataset/metadata.json,5442,"    ""has_uterus"": true,"
sharon/dataset/metadata.json,5443,"    ""has_ovary_left"": true,"
sharon/dataset/metadata.json,5444,"    ""has_ovary_right"": true,"
sharon/dataset/metadata.json,5445,"    ""has_vagina"": true"
sharon/dataset/metadata.json,5457,"    ""has_uterus"": false,"
sharon/dataset/metadata.json,5458,"    ""has_ovary_left"": false,"
sharon/dataset/metadata.json,5459,"    ""has_ovary_right"": false,"
sharon/dataset/metadata.json,5460,"    ""has_vagina"": false"
sharon/dataset/metadata.json,5472,"    ""has_uterus"": true,"
sharon/dataset/metadata.json,5473,"    ""has_ovary_left"": true,"
sharon/dataset/metadata.json,5474,"    ""has_ovary_right"": true,"
sharon/dataset/metadata.json,5475,"    ""has_vagina"": true"
sharon/dataset/metadata.json,5487,"    ""has_uterus"": false,"
sharon/dataset/metadata.json,5488,"    ""has_ovary_left"": false,"
sharon/dataset/metadata.json,5489,"    ""has_ovary_right"": false,"
sharon/dataset/metadata.json,5490,"    ""has_vagina"": false"
sharon/dataset/metadata.json,5502,"    ""has_uterus"": false,"
sharon/dataset/metadata.json,5503,"    ""has_ovary_left"": false,"
sharon/dataset/metadata.json,5504,"    ""has_ovary_right"": false,"
sharon/dataset/metadata.json,5505,"    ""has_vagina"": false"
sharon/dataset/metadata.json,5517,"    ""has_uterus"": false,"
sharon/dataset/metadata.json,5518,"    ""has_ovary_left"": false,"
sharon/dataset/metadata.json,5519,"    ""has_ovary_right"": false,"
sharon/dataset/metadata.json,5520,"    ""has_vagina"": false"
sharon/dataset/metadata.json,5532,"    ""has_uterus"": true,"
sharon/dataset/metadata.json,5533,"    ""has_ovary_left"": true,"
sharon/dataset/metadata.json,5534,"    ""has_ovary_right"": true,"
sharon/dataset/metadata.json,5535,"    ""has_vagina"": true"
sharon/dataset/metadata.json,5547,"    ""has_uterus"": false,"
sharon/dataset/metadata.json,5548,"    ""has_ovary_left"": false,"
sharon/dataset/metadata.json,5549,"    ""has_ovary_right"": false,"
sharon/dataset/metadata.json,5550,"    ""has_vagina"": false"
sharon/dataset/metadata.json,5562,"    ""has_uterus"": true,"
sharon/dataset/metadata.json,5563,"    ""has_ovary_left"": true,"
sharon/dataset/metadata.json,5564,"    ""has_ovary_right"": true,"
sharon/dataset/metadata.json,5565,"    ""has_vagina"": true"
sharon/dataset/metadata.json,5577,"    ""has_uterus"": false,"
sharon/dataset/metadata.json,5578,"    ""has_ovary_left"": false,"
sharon/dataset/metadata.json,5579,"    ""has_ovary_right"": false,"
sharon/dataset/metadata.json,5580,"    ""has_vagina"": false"
sharon/dataset/metadata.json,5592,"    ""has_uterus"": false,"
sharon/dataset/metadata.json,5593,"    ""has_ovary_left"": false,"
sharon/dataset/metadata.json,5594,"    ""has_ovary_right"": false,"
sharon/dataset/metadata.json,5595,"    ""has_vagina"": false"
sharon/dataset/metadata.json,5607,"    ""has_uterus"": false,"
sharon/dataset/metadata.json,5608,"    ""has_ovary_left"": false,"
sharon/dataset/metadata.json,5609,"    ""has_ovary_right"": false,"
sharon/dataset/metadata.json,5610,"    ""has_vagina"": false"
sharon/dataset/metadata.json,5622,"    ""has_uterus"": false,"
sharon/dataset/metadata.json,5623,"    ""has_ovary_left"": false,"
sharon/dataset/metadata.json,5624,"    ""has_ovary_right"": false,"
sharon/dataset/metadata.json,5625,"    ""has_vagina"": false"
sharon/dataset/metadata.json,5637,"    ""has_uterus"": false,"
sharon/dataset/metadata.json,5638,"    ""has_ovary_left"": false,"
sharon/dataset/metadata.json,5639,"    ""has_ovary_right"": false,"
sharon/dataset/metadata.json,5640,"    ""has_vagina"": false"
sharon/dataset/metadata.json,5652,"    ""has_uterus"": true,"
sharon/dataset/metadata.json,5653,"    ""has_ovary_left"": true,"
sharon/dataset/metadata.json,5654,"    ""has_ovary_right"": true,"
sharon/dataset/metadata.json,5655,"    ""has_vagina"": true"
sharon/dataset/metadata.json,5667,"    ""has_uterus"": true,"
sharon/dataset/metadata.json,5668,"    ""has_ovary_left"": true,"
sharon/dataset/metadata.json,5669,"    ""has_ovary_right"": true,"
sharon/dataset/metadata.json,5670,"    ""has_vagina"": true"
sharon/dataset/metadata.json,5682,"    ""has_uterus"": false,"
sharon/dataset/metadata.json,5683,"    ""has_ovary_left"": false,"
sharon/dataset/metadata.json,5684,"    ""has_ovary_right"": false,"
sharon/dataset/metadata.json,5685,"    ""has_vagina"": false"
sharon/dataset/metadata.json,5697,"    ""has_uterus"": true,"
sharon/dataset/metadata.json,5698,"    ""has_ovary_left"": true,"
sharon/dataset/metadata.json,5699,"    ""has_ovary_right"": true,"
sharon/dataset/metadata.json,5700,"    ""has_vagina"": true"
sharon/dataset/metadata.json,5712,"    ""has_uterus"": false,"
sharon/dataset/metadata.json,5713,"    ""has_ovary_left"": false,"
sharon/dataset/metadata.json,5714,"    ""has_ovary_right"": false,"
sharon/dataset/metadata.json,5715,"    ""has_vagina"": false"
sharon/dataset/metadata.json,5727,"    ""has_uterus"": true,"
sharon/dataset/metadata.json,5728,"    ""has_ovary_left"": true,"
sharon/dataset/metadata.json,5729,"    ""has_ovary_right"": true,"
sharon/dataset/metadata.json,5730,"    ""has_vagina"": true"
sharon/dataset/metadata.json,5742,"    ""has_uterus"": true,"
sharon/dataset/metadata.json,5743,"    ""has_ovary_left"": true,"
sharon/dataset/metadata.json,5744,"    ""has_ovary_right"": true,"
sharon/dataset/metadata.json,5745,"    ""has_vagina"": true"
sharon/dataset/metadata.json,5757,"    ""has_uterus"": false,"
sharon/dataset/metadata.json,5758,"    ""has_ovary_left"": false,"
sharon/dataset/metadata.json,5759,"    ""has_ovary_right"": false,"
sharon/dataset/metadata.json,5760,"    ""has_vagina"": false"
sharon/dataset/metadata.json,5772,"    ""has_uterus"": true,"
sharon/dataset/metadata.json,5773,"    ""has_ovary_left"": true,"
sharon/dataset/metadata.json,5774,"    ""has_ovary_right"": true,"
sharon/dataset/metadata.json,5775,"    ""has_vagina"": true"
sharon/dataset/metadata.json,5787,"    ""has_uterus"": false,"
sharon/dataset/metadata.json,5788,"    ""has_ovary_left"": false,"
sharon/dataset/metadata.json,5789,"    ""has_ovary_right"": false,"
sharon/dataset/metadata.json,5790,"    ""has_vagina"": false"
sharon/dataset/metadata.json,5802,"    ""has_uterus"": true,"
sharon/dataset/metadata.json,5803,"    ""has_ovary_left"": true,"
sharon/dataset/metadata.json,5804,"    ""has_ovary_right"": true,"
sharon/dataset/metadata.json,5805,"    ""has_vagina"": true"
sharon/dataset/metadata.json,5817,"    ""has_uterus"": false,"
sharon/dataset/metadata.json,5818,"    ""has_ovary_left"": false,"
sharon/dataset/metadata.json,5819,"    ""has_ovary_right"": false,"
sharon/dataset/metadata.json,5820,"    ""has_vagina"": false"
sharon/dataset/metadata.json,5832,"    ""has_uterus"": true,"
sharon/dataset/metadata.json,5833,"    ""has_ovary_left"": true,"
sharon/dataset/metadata.json,5834,"    ""has_ovary_right"": true,"
sharon/dataset/metadata.json,5835,"    ""has_vagina"": true"
sharon/dataset/metadata.json,5847,"    ""has_uterus"": true,"
sharon/dataset/metadata.json,5848,"    ""has_ovary_left"": true,"
sharon/dataset/metadata.json,5849,"    ""has_ovary_right"": true,"
sharon/dataset/metadata.json,5850,"    ""has_vagina"": true"
sharon/dataset/metadata.json,5862,"    ""has_uterus"": true,"
sharon/dataset/metadata.json,5863,"    ""has_ovary_left"": true,"
sharon/dataset/metadata.json,5864,"    ""has_ovary_right"": true,"
sharon/dataset/metadata.json,5865,"    ""has_vagina"": true"
sharon/dataset/metadata.json,5877,"    ""has_uterus"": true,"
sharon/dataset/metadata.json,5878,"    ""has_ovary_left"": true,"
sharon/dataset/metadata.json,5879,"    ""has_ovary_right"": true,"
sharon/dataset/metadata.json,5880,"    ""has_vagina"": true"
sharon/dataset/metadata.json,5892,"    ""has_uterus"": false,"
sharon/dataset/metadata.json,5893,"    ""has_ovary_left"": false,"
sharon/dataset/metadata.json,5894,"    ""has_ovary_right"": false,"
sharon/dataset/metadata.json,5895,"    ""has_vagina"": false"
sharon/dataset/metadata.json,5907,"    ""has_uterus"": false,"
sharon/dataset/metadata.json,5908,"    ""has_ovary_left"": false,"
sharon/dataset/metadata.json,5909,"    ""has_ovary_right"": false,"
sharon/dataset/metadata.json,5910,"    ""has_vagina"": false"
sharon/dataset/metadata.json,5922,"    ""has_uterus"": false,"
sharon/dataset/metadata.json,5923,"    ""has_ovary_left"": false,"
sharon/dataset/metadata.json,5924,"    ""has_ovary_right"": false,"
sharon/dataset/metadata.json,5925,"    ""has_vagina"": false"
sharon/dataset/metadata.json,5937,"    ""has_uterus"": false,"
sharon/dataset/metadata.json,5938,"    ""has_ovary_left"": false,"
sharon/dataset/metadata.json,5939,"    ""has_ovary_right"": false,"
sharon/dataset/metadata.json,5940,"    ""has_vagina"": false"
sharon/dataset/metadata.json,5952,"    ""has_uterus"": false,"
sharon/dataset/metadata.json,5953,"    ""has_ovary_left"": false,"
sharon/dataset/metadata.json,5954,"    ""has_ovary_right"": false,"
sharon/dataset/metadata.json,5955,"    ""has_vagina"": false"
sharon/dataset/metadata.json,5967,"    ""has_uterus"": false,"
sharon/dataset/metadata.json,5968,"    ""has_ovary_left"": false,"
sharon/dataset/metadata.json,5969,"    ""has_ovary_right"": false,"
sharon/dataset/metadata.json,5970,"    ""has_vagina"": false"
sharon/dataset/metadata.json,5982,"    ""has_uterus"": false,"
sharon/dataset/metadata.json,5983,"    ""has_ovary_left"": false,"
sharon/dataset/metadata.json,5984,"    ""has_ovary_right"": false,"
sharon/dataset/metadata.json,5985,"    ""has_vagina"": false"
sharon/dataset/metadata.json,5997,"    ""has_uterus"": true,"
sharon/dataset/metadata.json,5998,"    ""has_ovary_left"": true,"
sharon/dataset/metadata.json,5999,"    ""has_ovary_right"": true,"
sharon/dataset/metadata.json,6000,"    ""has_vagina"": true"
sharon/dataset/metadata.json,6012,"    ""has_uterus"": true,"
sharon/dataset/metadata.json,6013,"    ""has_ovary_left"": true,"
sharon/dataset/metadata.json,6014,"    ""has_ovary_right"": true,"
sharon/dataset/metadata.json,6015,"    ""has_vagina"": true"
sharon/dataset/metadata.json,6027,"    ""has_uterus"": true,"
sharon/dataset/metadata.json,6028,"    ""has_ovary_left"": true,"
sharon/dataset/metadata.json,6029,"    ""has_ovary_right"": true,"
sharon/dataset/metadata.json,6030,"    ""has_vagina"": true"
sharon/dataset/metadata.json,6042,"    ""has_uterus"": false,"
sharon/dataset/metadata.json,6043,"    ""has_ovary_left"": false,"
sharon/dataset/metadata.json,6044,"    ""has_ovary_right"": false,"
sharon/dataset/metadata.json,6045,"    ""has_vagina"": false"
sharon/dataset/metadata.json,6057,"    ""has_uterus"": false,"
sharon/dataset/metadata.json,6058,"    ""has_ovary_left"": false,"
sharon/dataset/metadata.json,6059,"    ""has_ovary_right"": false,"
sharon/dataset/metadata.json,6060,"    ""has_vagina"": false"
sharon/dataset/metadata.json,6072,"    ""has_uterus"": false,"
sharon/dataset/metadata.json,6073,"    ""has_ovary_left"": false,"
sharon/dataset/metadata.json,6074,"    ""has_ovary_right"": false,"
sharon/dataset/metadata.json,6075,"    ""has_vagina"": false"
sharon/dataset/metadata.json,6087,"    ""has_uterus"": false,"
sharon/dataset/metadata.json,6088,"    ""has_ovary_left"": false,"
sharon/dataset/metadata.json,6089,"    ""has_ovary_right"": false,"
sharon/dataset/metadata.json,6090,"    ""has_vagina"": false"
sharon/dataset/metadata.json,6102,"    ""has_uterus"": true,"
sharon/dataset/metadata.json,6103,"    ""has_ovary_left"": true,"
sharon/dataset/metadata.json,6104,"    ""has_ovary_right"": true,"
sharon/dataset/metadata.json,6105,"    ""has_vagina"": true"
sharon/dataset/metadata.json,6117,"    ""has_uterus"": true,"
sharon/dataset/metadata.json,6118,"    ""has_ovary_left"": true,"
sharon/dataset/metadata.json,6119,"    ""has_ovary_right"": true,"
sharon/dataset/metadata.json,6120,"    ""has_vagina"": true"
sharon/dataset/metadata.json,6132,"    ""has_uterus"": true,"
sharon/dataset/metadata.json,6133,"    ""has_ovary_left"": true,"
sharon/dataset/metadata.json,6134,"    ""has_ovary_right"": true,"
sharon/dataset/metadata.json,6135,"    ""has_vagina"": true"
sharon/dataset/metadata.json,6147,"    ""has_uterus"": true,"
sharon/dataset/metadata.json,6148,"    ""has_ovary_left"": true,"
sharon/dataset/metadata.json,6149,"    ""has_ovary_right"": true,"
sharon/dataset/metadata.json,6150,"    ""has_vagina"": true"
sharon/dataset/metadata.json,6162,"    ""has_uterus"": false,"
sharon/dataset/metadata.json,6163,"    ""has_ovary_left"": false,"
sharon/dataset/metadata.json,6164,"    ""has_ovary_right"": false,"
sharon/dataset/metadata.json,6165,"    ""has_vagina"": false"
sharon/dataset/metadata.json,6177,"    ""has_uterus"": true,"
sharon/dataset/metadata.json,6178,"    ""has_ovary_left"": true,"
sharon/dataset/metadata.json,6179,"    ""has_ovary_right"": true,"
sharon/dataset/metadata.json,6180,"    ""has_vagina"": true"
sharon/dataset/metadata.json,6192,"    ""has_uterus"": false,"
sharon/dataset/metadata.json,6193,"    ""has_ovary_left"": false,"
sharon/dataset/metadata.json,6194,"    ""has_ovary_right"": false,"
sharon/dataset/metadata.json,6195,"    ""has_vagina"": false"
sharon/dataset/metadata.json,6207,"    ""has_uterus"": true,"
sharon/dataset/metadata.json,6208,"    ""has_ovary_left"": true,"
sharon/dataset/metadata.json,6209,"    ""has_ovary_right"": true,"
sharon/dataset/metadata.json,6210,"    ""has_vagina"": true"
sharon/dataset/metadata.json,6222,"    ""has_uterus"": true,"
sharon/dataset/metadata.json,6223,"    ""has_ovary_left"": true,"
sharon/dataset/metadata.json,6224,"    ""has_ovary_right"": true,"
sharon/dataset/metadata.json,6225,"    ""has_vagina"": true"
sharon/dataset/metadata.json,6237,"    ""has_uterus"": true,"
sharon/dataset/metadata.json,6238,"    ""has_ovary_left"": true,"
sharon/dataset/metadata.json,6239,"    ""has_ovary_right"": true,"
sharon/dataset/metadata.json,6240,"    ""has_vagina"": true"
sharon/dataset/metadata.json,6252,"    ""has_uterus"": true,"
sharon/dataset/metadata.json,6253,"    ""has_ovary_left"": true,"
sharon/dataset/metadata.json,6254,"    ""has_ovary_right"": true,"
sharon/dataset/metadata.json,6255,"    ""has_vagina"": true"
sharon/dataset/metadata.json,6267,"    ""has_uterus"": true,"
sharon/dataset/metadata.json,6268,"    ""has_ovary_left"": true,"
sharon/dataset/metadata.json,6269,"    ""has_ovary_right"": true,"
sharon/dataset/metadata.json,6270,"    ""has_vagina"": true"
sharon/dataset/metadata.json,6282,"    ""has_uterus"": false,"
sharon/dataset/metadata.json,6283,"    ""has_ovary_left"": false,"
sharon/dataset/metadata.json,6284,"    ""has_ovary_right"": false,"
sharon/dataset/metadata.json,6285,"    ""has_vagina"": false"
sharon/dataset/metadata.json,6297,"    ""has_uterus"": false,"
sharon/dataset/metadata.json,6298,"    ""has_ovary_left"": false,"
sharon/dataset/metadata.json,6299,"    ""has_ovary_right"": false,"
sharon/dataset/metadata.json,6300,"    ""has_vagina"": false"
sharon/dataset/metadata.json,6312,"    ""has_uterus"": false,"
sharon/dataset/metadata.json,6313,"    ""has_ovary_left"": false,"
sharon/dataset/metadata.json,6314,"    ""has_ovary_right"": false,"
sharon/dataset/metadata.json,6315,"    ""has_vagina"": false"
sharon/dataset/metadata.json,6327,"    ""has_uterus"": true,"
sharon/dataset/metadata.json,6328,"    ""has_ovary_left"": true,"
sharon/dataset/metadata.json,6329,"    ""has_ovary_right"": true,"
sharon/dataset/metadata.json,6330,"    ""has_vagina"": false"
sharon/dataset/metadata.json,6342,"    ""has_uterus"": true,"
sharon/dataset/metadata.json,6343,"    ""has_ovary_left"": true,"
sharon/dataset/metadata.json,6344,"    ""has_ovary_right"": true,"
sharon/dataset/metadata.json,6345,"    ""has_vagina"": true"
sharon/dataset/metadata.json,6357,"    ""has_uterus"": false,"
sharon/dataset/metadata.json,6358,"    ""has_ovary_left"": false,"
sharon/dataset/metadata.json,6359,"    ""has_ovary_right"": false,"
sharon/dataset/metadata.json,6360,"    ""has_vagina"": false"
sharon/dataset/metadata.json,6372,"    ""has_uterus"": true,"
sharon/dataset/metadata.json,6373,"    ""has_ovary_left"": false,"
sharon/dataset/metadata.json,6374,"    ""has_ovary_right"": false,"
sharon/dataset/metadata.json,6375,"    ""has_vagina"": false"
sharon/dataset/metadata.json,6387,"    ""has_uterus"": true,"
sharon/dataset/metadata.json,6388,"    ""has_ovary_left"": true,"
sharon/dataset/metadata.json,6389,"    ""has_ovary_right"": true,"
sharon/dataset/metadata.json,6390,"    ""has_vagina"": true"
sharon/dataset/metadata.json,6402,"    ""has_uterus"": false,"
sharon/dataset/metadata.json,6403,"    ""has_ovary_left"": false,"
sharon/dataset/metadata.json,6404,"    ""has_ovary_right"": false,"
sharon/dataset/metadata.json,6405,"    ""has_vagina"": false"
sharon/dataset/metadata.json,6417,"    ""has_uterus"": true,"
sharon/dataset/metadata.json,6418,"    ""has_ovary_left"": true,"
sharon/dataset/metadata.json,6419,"    ""has_ovary_right"": true,"
sharon/dataset/metadata.json,6420,"    ""has_vagina"": true"
sharon/dataset/metadata.json,6432,"    ""has_uterus"": true,"
sharon/dataset/metadata.json,6433,"    ""has_ovary_left"": true,"
sharon/dataset/metadata.json,6434,"    ""has_ovary_right"": true,"
sharon/dataset/metadata.json,6435,"    ""has_vagina"": true"
sharon/dataset/metadata.json,6447,"    ""has_uterus"": true,"
sharon/dataset/metadata.json,6448,"    ""has_ovary_left"": true,"
sharon/dataset/metadata.json,6449,"    ""has_ovary_right"": true,"
sharon/dataset/metadata.json,6450,"    ""has_vagina"": true"
sharon/dataset/metadata.json,6462,"    ""has_uterus"": true,"
sharon/dataset/metadata.json,6463,"    ""has_ovary_left"": true,"
sharon/dataset/metadata.json,6464,"    ""has_ovary_right"": true,"
sharon/dataset/metadata.json,6465,"    ""has_vagina"": true"
sharon/dataset/metadata.json,6477,"    ""has_uterus"": true,"
sharon/dataset/metadata.json,6478,"    ""has_ovary_left"": true,"
sharon/dataset/metadata.json,6479,"    ""has_ovary_right"": true,"
sharon/dataset/metadata.json,6480,"    ""has_vagina"": true"
sharon/dataset/metadata.json,6492,"    ""has_uterus"": true,"
sharon/dataset/metadata.json,6493,"    ""has_ovary_left"": true,"
sharon/dataset/metadata.json,6494,"    ""has_ovary_right"": true,"
sharon/dataset/metadata.json,6495,"    ""has_vagina"": true"
sharon/dataset/metadata.json,6507,"    ""has_uterus"": true,"
sharon/dataset/metadata.json,6508,"    ""has_ovary_left"": true,"
sharon/dataset/metadata.json,6509,"    ""has_ovary_right"": false,"
sharon/dataset/metadata.json,6510,"    ""has_vagina"": true"
sharon/dataset/metadata.json,6522,"    ""has_uterus"": true,"
sharon/dataset/metadata.json,6523,"    ""has_ovary_left"": true,"
sharon/dataset/metadata.json,6524,"    ""has_ovary_right"": true,"
sharon/dataset/metadata.json,6525,"    ""has_vagina"": true"
sharon/dataset/metadata.json,6537,"    ""has_uterus"": true,"
sharon/dataset/metadata.json,6538,"    ""has_ovary_left"": true,"
sharon/dataset/metadata.json,6539,"    ""has_ovary_right"": true,"
sharon/dataset/metadata.json,6540,"    ""has_vagina"": true"
sharon/dataset/metadata.json,6552,"    ""has_uterus"": false,"
sharon/dataset/metadata.json,6553,"    ""has_ovary_left"": false,"
sharon/dataset/metadata.json,6554,"    ""has_ovary_right"": false,"
sharon/dataset/metadata.json,6555,"    ""has_vagina"": false"
sharon/dataset/metadata.json,6567,"    ""has_uterus"": false,"
sharon/dataset/metadata.json,6568,"    ""has_ovary_left"": false,"
sharon/dataset/metadata.json,6569,"    ""has_ovary_right"": false,"
sharon/dataset/metadata.json,6570,"    ""has_vagina"": false"
sharon/dataset/metadata.json,6582,"    ""has_uterus"": true,"
sharon/dataset/metadata.json,6583,"    ""has_ovary_left"": true,"
sharon/dataset/metadata.json,6584,"    ""has_ovary_right"": true,"
sharon/dataset/metadata.json,6585,"    ""has_vagina"": true"
sharon/dataset/metadata.json,6597,"    ""has_uterus"": false,"
sharon/dataset/metadata.json,6598,"    ""has_ovary_left"": false,"
sharon/dataset/metadata.json,6599,"    ""has_ovary_right"": false,"
sharon/dataset/metadata.json,6600,"    ""has_vagina"": false"
sharon/dataset/metadata.json,6612,"    ""has_uterus"": true,"
sharon/dataset/metadata.json,6613,"    ""has_ovary_left"": true,"
sharon/dataset/metadata.json,6614,"    ""has_ovary_right"": true,"
sharon/dataset/metadata.json,6615,"    ""has_vagina"": true"
sharon/dataset/metadata.json,6627,"    ""has_uterus"": true,"
sharon/dataset/metadata.json,6628,"    ""has_ovary_left"": true,"
sharon/dataset/metadata.json,6629,"    ""has_ovary_right"": true,"
sharon/dataset/metadata.json,6630,"    ""has_vagina"": true"
sharon/dataset/metadata.json,6642,"    ""has_uterus"": true,"
sharon/dataset/metadata.json,6643,"    ""has_ovary_left"": true,"
sharon/dataset/metadata.json,6644,"    ""has_ovary_right"": true,"
sharon/dataset/metadata.json,6645,"    ""has_vagina"": true"
sharon/dataset/metadata.json,6657,"    ""has_uterus"": true,"
sharon/dataset/metadata.json,6658,"    ""has_ovary_left"": true,"
sharon/dataset/metadata.json,6659,"    ""has_ovary_right"": true,"
sharon/dataset/metadata.json,6660,"    ""has_vagina"": true"
sharon/dataset/metadata.json,6672,"    ""has_uterus"": true,"
sharon/dataset/metadata.json,6673,"    ""has_ovary_left"": true,"
sharon/dataset/metadata.json,6674,"    ""has_ovary_right"": true,"
sharon/dataset/metadata.json,6675,"    ""has_vagina"": true"
sharon/dataset/metadata.json,6687,"    ""has_uterus"": false,"
sharon/dataset/metadata.json,6688,"    ""has_ovary_left"": false,"
sharon/dataset/metadata.json,6689,"    ""has_ovary_right"": false,"
sharon/dataset/metadata.json,6690,"    ""has_vagina"": false"
sharon/dataset/metadata.json,6702,"    ""has_uterus"": true,"
sharon/dataset/metadata.json,6703,"    ""has_ovary_left"": true,"
sharon/dataset/metadata.json,6704,"    ""has_ovary_right"": true,"
sharon/dataset/metadata.json,6705,"    ""has_vagina"": true"
sharon/dataset/metadata.json,6717,"    ""has_uterus"": true,"
sharon/dataset/metadata.json,6718,"    ""has_ovary_left"": true,"
sharon/dataset/metadata.json,6719,"    ""has_ovary_right"": true,"
sharon/dataset/metadata.json,6720,"    ""has_vagina"": true"
sharon/dataset/metadata.json,6732,"    ""has_uterus"": false,"
sharon/dataset/metadata.json,6733,"    ""has_ovary_left"": false,"
sharon/dataset/metadata.json,6734,"    ""has_ovary_right"": false,"
sharon/dataset/metadata.json,6735,"    ""has_vagina"": false"
sharon/dataset/metadata.json,6747,"    ""has_uterus"": true,"
sharon/dataset/metadata.json,6748,"    ""has_ovary_left"": true,"
sharon/dataset/metadata.json,6749,"    ""has_ovary_right"": true,"
sharon/dataset/metadata.json,6750,"    ""has_vagina"": true"
sharon/outputs/EVIDENTIAL_BENCHMARK_REPORT.md,40,| `uterus` | 52.76 mm | 21.72 mm | 41.29 mm |
sharon/outputs/EVIDENTIAL_BENCHMARK_REPORT.md,41,| `ovary_left` | 53.88 mm | 23.51 mm | 45.60 mm |
sharon/outputs/EVIDENTIAL_BENCHMARK_REPORT.md,42,| `ovary_right` | 60.99 mm | 21.18 mm | 39.45 mm |
sharon/outputs/EVIDENTIAL_BENCHMARK_REPORT.md,43,| `vagina` | 52.41 mm | 21.85 mm | 41.56 mm |
sharon/outputs/EVIDENTIAL_BENCHMARK_RESULTS.json,127,"    ""uterus"": 52.761454847123886,"
sharon/outputs/EVIDENTIAL_BENCHMARK_RESULTS.json,128,"    ""ovary_left"": 53.876392894321015,"
sharon/outputs/EVIDENTIAL_BENCHMARK_RESULTS.json,129,"    ""ovary_right"": 60.98577743106418,"
sharon/outputs/EVIDENTIAL_BENCHMARK_RESULTS.json,130,"    ""vagina"": 52.41419532563951"
sharon/outputs/EVIDENTIAL_BENCHMARK_RESULTS.json,250,"    ""uterus"": 21.72495659192403,"
sharon/outputs/EVIDENTIAL_BENCHMARK_RESULTS.json,251,"    ""ovary_left"": 23.510658952924942,"
sharon/outputs/EVIDENTIAL_BENCHMARK_RESULTS.json,252,"    ""ovary_right"": 21.182479540507,"
sharon/outputs/EVIDENTIAL_BENCHMARK_RESULTS.json,253,"    ""vagina"": 21.853093968497383"
sharon/outputs/EVIDENTIAL_BENCHMARK_RESULTS.json,373,"    ""uterus"": 41.29286426968045,"
sharon/outputs/EVIDENTIAL_BENCHMARK_RESULTS.json,374,"    ""ovary_left"": 45.60034121407403,"
sharon/outputs/EVIDENTIAL_BENCHMARK_RESULTS.json,375,"    ""ovary_right"": 39.44826814863417,"
sharon/outputs/EVIDENTIAL_BENCHMARK_RESULTS.json,376,"    ""vagina"": 41.55751954184638"
sharon/outputs/GNN_BENCHMARK_REPORT.md,23,| `uterus` | Female (S=0) | 89.33 mm | 93.42 mm | **92.70 mm** |
sharon/outputs/GNN_BENCHMARK_REPORT.md,24,| `ovary_left` | Female (S=0) | 89.72 mm | 97.01 mm | **92.22 mm** |
sharon/outputs/GNN_BENCHMARK_REPORT.md,25,| `ovary_right` | Female (S=0) | 90.14 mm | 95.21 mm | **92.53 mm** |
sharon/outputs/GNN_BENCHMARK_REPORT.md,26,| `vagina` | Female (S=0) | 89.24 mm | 93.87 mm | **92.54 mm** |
sharon/outputs/GNN_BENCHMARK_RESULTS.json,124,"      ""uterus"": 89.32945293850369,"
sharon/outputs/GNN_BENCHMARK_RESULTS.json,125,"      ""ovary_left"": 89.72433847851224,"
sharon/outputs/GNN_BENCHMARK_RESULTS.json,126,"      ""ovary_right"": 90.1431508594089,"
sharon/outputs/GNN_BENCHMARK_RESULTS.json,127,"      ""vagina"": 89.24346817864313"
sharon/outputs/GNN_BENCHMARK_RESULTS.json,274,"      ""uterus"": 93.4158295525445,"
sharon/outputs/GNN_BENCHMARK_RESULTS.json,275,"      ""ovary_left"": 97.00938235388861,"
sharon/outputs/GNN_BENCHMARK_RESULTS.json,276,"      ""ovary_right"": 95.21469359927707,"
sharon/outputs/GNN_BENCHMARK_RESULTS.json,277,"      ""vagina"": 93.87302043702867"
sharon/outputs/GNN_BENCHMARK_RESULTS.json,424,"      ""uterus"": 92.69548140631781,"
sharon/outputs/GNN_BENCHMARK_RESULTS.json,425,"      ""ovary_left"": 92.21919017367892,"
sharon/outputs/GNN_BENCHMARK_RESULTS.json,426,"      ""ovary_right"": 92.5265695783827,"
sharon/outputs/GNN_BENCHMARK_RESULTS.json,427,"      ""vagina"": 92.54044792387221"
sharon/outputs/SAME_BENCHMARK_REPORT.md,33,| `uterus` | Female (S=0) | 85.89 mm | 14.66 mm | 5482.6 mm^3 |
sharon/outputs/SAME_BENCHMARK_REPORT.md,34,| `ovary_left` | Female (S=0) | 86.01 mm | 16.25 mm | 6820.1 mm^3 |
sharon/outputs/SAME_BENCHMARK_REPORT.md,35,| `ovary_right` | Female (S=0) | 86.18 mm | 14.10 mm | 5272.5 mm^3 |
sharon/outputs/SAME_BENCHMARK_REPORT.md,36,| `vagina` | Female (S=0) | 84.89 mm | 14.67 mm | 5497.2 mm^3 |
sharon/outputs/SAME_BENCHMARK_RESULTS.json,129,"    ""uterus"": 85.88655985726251,"
sharon/outputs/SAME_BENCHMARK_RESULTS.json,130,"    ""ovary_left"": 86.00961282518175,"
sharon/outputs/SAME_BENCHMARK_RESULTS.json,131,"    ""ovary_right"": 86.17946595615811,"
sharon/outputs/SAME_BENCHMARK_RESULTS.json,132,"    ""vagina"": 84.88630371623569"
sharon/outputs/SAME_BENCHMARK_RESULTS.json,189,"    ""uterus"": 14.656587600708008,"
sharon/outputs/SAME_BENCHMARK_RESULTS.json,190,"    ""ovary_left"": 16.25232309765286,"
sharon/outputs/SAME_BENCHMARK_RESULTS.json,191,"    ""ovary_right"": 14.103169017367893,"
sharon/outputs/SAME_BENCHMARK_RESULTS.json,192,"    ""vagina"": 14.667322370741102"
sharon/outputs/SAME_BENCHMARK_RESULTS.json,249,"    ""uterus"": 5482.562771267361,"
sharon/outputs/SAME_BENCHMARK_RESULTS.json,250,"    ""ovary_left"": 6820.129387749566,"
sharon/outputs/SAME_BENCHMARK_RESULTS.json,251,"    ""ovary_right"": 5272.454420301649,"
sharon/outputs/SAME_BENCHMARK_RESULTS.json,252,"    ""vagina"": 5497.204996744792"
surface2anatomy-package/README.md,178,"- **Pelvic & Reproductive**: Urinary bladder, prostate, uterus, ovaries, vagina, hips."
surface2anatomy-package/docs/targets.md,6,"- **Extended Catalog**: 121 targets (including female reproductive landmarks: uterus, ovaries, vagina)."
surface2anatomy-package/src/surface2anatomy/model.py,27,"    ""uterus"": np.array([0.0, 42.0, -255.0], dtype=np.float32),"
surface2anatomy-package/src/surface2anatomy/model.py,28,"    ""ovary_left"": np.array([-35.0, 38.0, -250.0], dtype=np.float32),"
surface2anatomy-package/src/surface2anatomy/model.py,29,"    ""ovary_right"": np.array([35.0, 38.0, -250.0], dtype=np.float32),"
surface2anatomy-package/src/surface2anatomy/model.py,30,"    ""vagina"": np.array([0.0, 30.0, -290.0], dtype=np.float32),"
surface2anatomy-package/src/surface2anatomy/synonyms.py,75,"    ""uterus"": ""uterus"","
surface2anatomy-package/src/surface2anatomy/synonyms.py,76,"    ""womb"": ""uterus"","
surface2anatomy-package/src/surface2anatomy/synonyms.py,77,"    ""left ovary"": ""ovary_left"","
surface2anatomy-package/src/surface2anatomy/synonyms.py,78,"    ""right ovary"": ""ovary_right"","
surface2anatomy-package/src/surface2anatomy/synonyms.py,79,"    ""vagina"": ""vagina"""
surface2anatomy-package/src/surface2anatomy/targets.py,36,"    ""uterus"", ""ovary_left"", ""ovary_right"", ""vagina"""
surface2anatomy-package/src/surface2anatomy/targets.py,83,"        ""urinary_bladder"", ""prostate"", ""uterus"", ""ovary_left"", ""ovary_right"", ""vagina"","
tools/train_sex_aware_model.py,8,- Slot 117: Female Uterus
tools/train_sex_aware_model.py,9,- Slot 118: Female Left Ovary
tools/train_sex_aware_model.py,10,- Slot 119: Female Right Ovary
tools/train_sex_aware_model.py,11,- Slot 120: Female Vagina
tools/audit/audit_split_leakage.py,145,"        f.write(""- **`case_100` (Train) vs `case_408` (Val)**: Exact identical CT volume (SHA256 `968e99b7...`). In `case_100`, sex is labeled **Male (1)** with no female pelvic organs. In `case_408`, sex is labeled **Female (0)** with synthetic uterus, ovaries, and vagina injected into the segmentation mask! This injects identical physical anatomy into both Train and Validation under contradictory ground truth!\n"")"
tools/audit/audit_target_indexing.py,81,"    print(f""✓ Sex-specific indices verified: Prostate (idx {ORGAN_NAMES.index('prostate')}), Uterus ({ORGAN_NAMES.index('uterus')}), Ovaries ({ORGAN_NAMES.index('ovary_left')}, {ORGAN_NAMES.index('ovary_right')}), Vagina ({ORGAN_NAMES.index('vagina')})"")"
tools/audit/audit_target_indexing.py,101,"        f.write(""6. **Biological Sex Indices**: Male-specific organ `prostate` (index 21) and female-specific organs `uterus` (117), `ovary_left` (118), `ovary_right` (119), and `vagina` (120) strictly match `MALE_SPECIFIC_INDICES` and `FEMALE_SPECIFIC_INDICES`.\n\n"")"
tools/audit/generate_pipeline_map.py,58,"                ""outputs"": ""121-class segmentation with labels 118 (uterus), 119 (ovary_l), 120 (ovary_r), 121 (vagina)"","
tools/phase10/run_phase10_master.py,771,"        if any(k in n for k in [""bladder"", ""prostate"", ""uterus""]):"
tools/phase10R/forensics_and_analysis.py,671,"        if any(k in n for k in [""bladder"", ""prostate"", ""uterus""]):"
tools/phase11/03_amos_target_mapping.py,57,"        (15, ""prostate/uterus"", ""prostate"", ""SEX_SPECIFIC_MATCH"", ""Male prostate maps to slot 21; female uterus not in 117-ontology"", ""YES"")"
tools/phase11/03_amos_target_mapping.py,101,"        f.write(""- **Secondary / Auxiliary Targets:** AMOS label 15 (`prostate/uterus`) represents male prostate and female uterus. In Phase 10R, slot 21 corresponds to `prostate` (non-primary target). For female patients, uterus is excluded from model error evaluation as it is not in the 117-target ontology.\n"")"
tools/phase12/07_target_equivalence_audit.py,230,"            ""amos_name"": ""prostate/uterus"","
tools/phase12/07_target_equivalence_audit.py,233,"            ""totalseg_name"": ""prostate / uterus"","
tools/phase12/07_target_equivalence_audit.py,235,"            ""whole_vs_partial"": ""Conflated sex organs (prostate in males, uterus in females)"","
tools/phase12/07_target_equivalence_audit.py,240,"            ""notes"": ""AMOS assigns label 15 to male prostate AND female uterus. TotalSegmentator and Phase-10R separate them into distinct target slots (slot 21 is male prostate; female uterus is slot 116). Centroid discrepancy in females exceeds 35 mm!"""
tools/phase12/07_target_equivalence_audit.py,269,"> - **3 structures (20.0%)** are **NON-EQUIVALENT**: `esophagus`, `aorta`, `prostate/uterus`."
tools/phase12/07_target_equivalence_audit.py,270,"> For `aorta` and `esophagus`, the discrepancy is **structural FOV truncation** (AMOS segments abdominal segments only, whereas Dataset V3 / TotalSegmentator segments the full thoracic+abdominal structures). For `prostate/uterus`, AMOS conflates two biologically distinct sex organs into a single class."
tools/phase12/07_target_equivalence_audit.py,297,### C. Prostate / Uterus (Discrepancy: ~35.0 mm)
tools/phase12/07_target_equivalence_audit.py,298,- AMOS labels both male prostate and female uterus as class 15.
tools/phase12/07_target_equivalence_audit.py,300,"- When evaluated on female AMOS cases with uterus ground truth, the model evaluates male prostate queries against female uterus anatomy, causing biological false-mismatch error."
tools/phase12c/00_phase12c_master.py,192,"                     ""prostate/uterus (NON-EQUIVALENT: sex-conflated)""],"
tools/phase2/stage0_verify_dataset_v2.py,76,"    print(""✓ Confirmed synthetic targets (117-120: uterus, ovaries, vagina) strictly excluded from primary mask."")"
tools/reconstruct/generate_phase1r_analytics_and_figures.py,177,"    print(f""  SYNTHETIC_ONLY (uterus,ovary,vagina):  {synthetic_count}"")"
tools/reconstruct/run_v2_validation_and_tests.py,169,"        """"""Assert classes 117-120 (uterus, ovaries, vagina) have primary_valid_mask == 0."""""""
tools/reconstruct/target_extractor.py,63,"            # Rule 6 / Stage 7: Separate synthetic targets (classes 118-121: uterus, ovaries, vagina)"
web/README.md,79,"  - **Uterus** (`uterus`, Slot #117) &mdash; Calibrated Mean Error: **13.8 mm** (Low Uncertainty)"
web/README.md,80,"  - **Left Ovary** (`ovary_left`, Slot #118) &mdash; Calibrated Mean Error: **14.5 mm** (Low Uncertainty)"
web/README.md,81,"  - **Right Ovary** (`ovary_right`, Slot #119) &mdash; Calibrated Mean Error: **14.7 mm** (Low Uncertainty)"
web/README.md,82,"  - **Vagina** (`vagina`, Slot #120) &mdash; Calibrated Mean Error: **15.2 mm** (Moderate Uncertainty)"
web/README.md,84,"  - **Female Mode**: Localizes Uterus, Left Ovary, Right Ovary, and Vagina in the pelvic cavity; suppresses Prostate."
web/README.md,96,| **Uterus** | Reproductive | **Female Only** | **13.8 mm** | Low (&le; 15 mm) |
web/README.md,97,| **Ovaries (L/R)** | Reproductive | **Female Only** | **14.6 mm** | Low (&le; 15 mm) |
web/README.md,99,| **Vagina** | Reproductive | **Female Only** | **15.2 mm** | Moderate (15-30 mm) |
web/public/demo/sample_predictions.json,4448,"  ""uterus"": {"
web/public/demo/sample_predictions.json,4449,"    ""target"": ""uterus"","
web/public/demo/sample_predictions.json,4486,"  ""ovary_left"": {"
web/public/demo/sample_predictions.json,4487,"    ""target"": ""ovary_left"","
web/public/demo/sample_predictions.json,4524,"  ""ovary_right"": {"
web/public/demo/sample_predictions.json,4525,"    ""target"": ""ovary_right"","
web/public/demo/sample_predictions.json,4562,"  ""vagina"": {"
web/public/demo/sample_predictions.json,4563,"    ""target"": ""vagina"","
