path,bytes
config.py,4219
dataset.py,3541
dataset_preprocessing.py,16425
deploy_hf_space.py,2578
evaluate_evidential.py,11867
evaluate_gnn.py,12915
evaluate_same.py,11382
EVIDENTIAL_BENCHMARK_REPORT.md,3405
GNN_BENCHMARK_REPORT.md,3068
inference.py,5471
infer_visualize.py,7336
labels.py,11279
losses.py,10900
model.py,2741
models_baseline.py,7548
model_evidential.py,6411
model_gnn.py,11994
model_same.py,11430
plot_metrics.py,5554
pointcloud_sampler.py,12361
README.md,10371
README_DEPLOYMENT.md,3881
requirements.txt,279
run_benchmark_pipeline.py,2403
SAME_BENCHMARK_REPORT.md,3195
scratch_phase12_prompt.txt,28157
test_pipeline.py,7878
train.py,12844
train_benchmarks.py,12723
train_evidential.py,10209
train_gnn.py,7000
train_same.py,8913
vercel.json,206
.pytest_cache/README.md,302
api/main.py,6997
api/inference/alignment.py,2608
api/inference/model_loader.py,2136
api/inference/pointcloud.py,4941
api/inference/predict.py,5915
api/inference/preprocessing.py,2619
api/inference/uncertainty.py,839
api/schemas/prediction.py,1873
api/utils/target_catalog.py,8110
dataset/metadata.json,131090
dataset/pointclouds_450.pt,46034831
dataset/case_000/segmentation.nii.gz,739554
dataset/case_001/segmentation.nii.gz,441671
dataset/case_002/segmentation.nii.gz,437707
dataset/case_003/segmentation.nii.gz,313527
dataset/case_004/segmentation.nii.gz,608199
dataset/case_005/segmentation.nii.gz,481909
dataset/case_006/segmentation.nii.gz,901990
dataset/case_007/segmentation.nii.gz,432509
dataset/case_008/segmentation.nii.gz,628921
dataset/case_009/segmentation.nii.gz,404932
dataset/case_010/segmentation.nii.gz,436817
dataset/case_011/segmentation.nii.gz,381263
dataset/case_012/segmentation.nii.gz,740691
dataset/case_013/segmentation.nii.gz,399887
dataset/case_014/segmentation.nii.gz,463480
dataset/case_015/segmentation.nii.gz,457454
dataset/case_016/segmentation.nii.gz,441409
dataset/case_017/segmentation.nii.gz,570082
dataset/case_018/segmentation.nii.gz,418777
dataset/case_019/segmentation.nii.gz,384133
dataset/case_020/segmentation.nii.gz,319755
dataset/case_021/segmentation.nii.gz,658874
dataset/case_022/segmentation.nii.gz,533930
dataset/case_023/segmentation.nii.gz,424923
dataset/case_024/segmentation.nii.gz,495881
dataset/case_025/segmentation.nii.gz,534368
dataset/case_026/segmentation.nii.gz,486322
dataset/case_027/segmentation.nii.gz,369946
dataset/case_028/segmentation.nii.gz,587681
dataset/case_029/segmentation.nii.gz,772277
dataset/case_030/segmentation.nii.gz,564882
dataset/case_031/segmentation.nii.gz,737876
dataset/case_032/segmentation.nii.gz,434692
dataset/case_033/segmentation.nii.gz,403048
dataset/case_034/segmentation.nii.gz,946277
dataset/case_035/segmentation.nii.gz,662584
dataset/case_036/segmentation.nii.gz,715690
dataset/case_037/segmentation.nii.gz,744971
dataset/case_038/segmentation.nii.gz,885424
dataset/case_039/segmentation.nii.gz,873369
dataset/case_040/segmentation.nii.gz,694704
dataset/case_041/segmentation.nii.gz,744849
dataset/case_042/segmentation.nii.gz,733386
dataset/case_043/segmentation.nii.gz,718160
dataset/case_044/segmentation.nii.gz,508272
dataset/case_045/segmentation.nii.gz,609123
dataset/case_046/segmentation.nii.gz,706820
dataset/case_047/segmentation.nii.gz,426149
dataset/case_048/segmentation.nii.gz,1011624
dataset/case_049/segmentation.nii.gz,356609
dataset/case_050/segmentation.nii.gz,399373
dataset/case_051/segmentation.nii.gz,419645
dataset/case_052/segmentation.nii.gz,402511
dataset/case_053/segmentation.nii.gz,484807
dataset/case_054/segmentation.nii.gz,496549
dataset/case_055/segmentation.nii.gz,471728
dataset/case_056/segmentation.nii.gz,693524
dataset/case_057/segmentation.nii.gz,656917
dataset/case_058/segmentation.nii.gz,780534
dataset/case_059/segmentation.nii.gz,402564
dataset/case_060/segmentation.nii.gz,622858
dataset/case_061/segmentation.nii.gz,696250
dataset/case_062/segmentation.nii.gz,474155
dataset/case_063/segmentation.nii.gz,772363
dataset/case_064/segmentation.nii.gz,859939
dataset/case_065/segmentation.nii.gz,812135
dataset/case_066/segmentation.nii.gz,644634
dataset/case_067/segmentation.nii.gz,489498
dataset/case_068/segmentation.nii.gz,463684
dataset/case_069/segmentation.nii.gz,356373
dataset/case_070/segmentation.nii.gz,311012
dataset/case_071/segmentation.nii.gz,544376
dataset/case_072/segmentation.nii.gz,455576
dataset/case_073/segmentation.nii.gz,591894
dataset/case_074/segmentation.nii.gz,457476
dataset/case_075/segmentation.nii.gz,405462
dataset/case_076/segmentation.nii.gz,385761
dataset/case_077/segmentation.nii.gz,538438
dataset/case_078/segmentation.nii.gz,458104
dataset/case_079/segmentation.nii.gz,452704
dataset/case_080/segmentation.nii.gz,826350
dataset/case_081/segmentation.nii.gz,665646
dataset/case_082/segmentation.nii.gz,657074
dataset/case_083/segmentation.nii.gz,716289
dataset/case_084/segmentation.nii.gz,641197
dataset/case_085/segmentation.nii.gz,446182
dataset/case_086/segmentation.nii.gz,851050
dataset/case_087/segmentation.nii.gz,393115
dataset/case_088/segmentation.nii.gz,604231
dataset/case_089/segmentation.nii.gz,590335
dataset/case_090/segmentation.nii.gz,489662
dataset/case_091/segmentation.nii.gz,664137
dataset/case_092/segmentation.nii.gz,505876
dataset/case_093/segmentation.nii.gz,734600
dataset/case_094/segmentation.nii.gz,496478
dataset/case_095/segmentation.nii.gz,393850
dataset/case_096/segmentation.nii.gz,633694
dataset/case_097/segmentation.nii.gz,534825
dataset/case_098/segmentation.nii.gz,325801
dataset/case_099/segmentation.nii.gz,591427
dataset/case_100/segmentation.nii.gz,825584
dataset/case_101/segmentation.nii.gz,579335
dataset/case_102/segmentation.nii.gz,314962
dataset/case_103/segmentation.nii.gz,653239
dataset/case_104/segmentation.nii.gz,613934
dataset/case_105/segmentation.nii.gz,868062
dataset/case_106/segmentation.nii.gz,552100
dataset/case_107/segmentation.nii.gz,512800
dataset/case_108/segmentation.nii.gz,596261
dataset/case_109/segmentation.nii.gz,560005
dataset/case_110/segmentation.nii.gz,359941
dataset/case_111/segmentation.nii.gz,703452
dataset/case_112/segmentation.nii.gz,416272
dataset/case_113/segmentation.nii.gz,701498
dataset/case_114/segmentation.nii.gz,529310
dataset/case_115/segmentation.nii.gz,692778
dataset/case_116/segmentation.nii.gz,535267
dataset/case_117/segmentation.nii.gz,463198
dataset/case_118/segmentation.nii.gz,461854
dataset/case_119/segmentation.nii.gz,418404
dataset/case_120/segmentation.nii.gz,711185
dataset/case_121/segmentation.nii.gz,383209
dataset/case_122/segmentation.nii.gz,449914
dataset/case_123/segmentation.nii.gz,408217
dataset/case_124/segmentation.nii.gz,306794
dataset/case_125/segmentation.nii.gz,418287
dataset/case_126/segmentation.nii.gz,642107
dataset/case_127/segmentation.nii.gz,315382
dataset/case_128/segmentation.nii.gz,473157
dataset/case_129/segmentation.nii.gz,396872
dataset/case_130/segmentation.nii.gz,684433
dataset/case_131/segmentation.nii.gz,374345
dataset/case_132/segmentation.nii.gz,554241
dataset/case_133/segmentation.nii.gz,364671
dataset/case_134/segmentation.nii.gz,350828
dataset/case_135/segmentation.nii.gz,533159
dataset/case_136/segmentation.nii.gz,585029
dataset/case_137/segmentation.nii.gz,728674
dataset/case_138/segmentation.nii.gz,682773
dataset/case_139/segmentation.nii.gz,865467
dataset/case_140/segmentation.nii.gz,620322
dataset/case_141/segmentation.nii.gz,655324
dataset/case_142/segmentation.nii.gz,556520
dataset/case_143/segmentation.nii.gz,649544
dataset/case_144/segmentation.nii.gz,689681
dataset/case_145/segmentation.nii.gz,544098
dataset/case_146/segmentation.nii.gz,628072
dataset/case_147/segmentation.nii.gz,843016
dataset/case_148/segmentation.nii.gz,425618
dataset/case_149/segmentation.nii.gz,468360
dataset/case_150/segmentation.nii.gz,769422
dataset/case_151/segmentation.nii.gz,356184
dataset/case_152/segmentation.nii.gz,580935
dataset/case_153/segmentation.nii.gz,602084
dataset/case_154/segmentation.nii.gz,549462
dataset/case_155/segmentation.nii.gz,481484
dataset/case_156/segmentation.nii.gz,607354
dataset/case_157/segmentation.nii.gz,410048
dataset/case_158/segmentation.nii.gz,729136
dataset/case_159/segmentation.nii.gz,343921
dataset/case_160/segmentation.nii.gz,785376
dataset/case_161/segmentation.nii.gz,919917
dataset/case_162/segmentation.nii.gz,576772
dataset/case_163/segmentation.nii.gz,1002695
dataset/case_164/segmentation.nii.gz,473046
dataset/case_165/segmentation.nii.gz,1346826
dataset/case_166/segmentation.nii.gz,1245215
dataset/case_167/segmentation.nii.gz,1027638
dataset/case_168/segmentation.nii.gz,1702531
dataset/case_169/segmentation.nii.gz,1183888
dataset/case_170/segmentation.nii.gz,1779150
dataset/case_171/segmentation.nii.gz,1210007
dataset/case_172/segmentation.nii.gz,1579970
dataset/case_173/segmentation.nii.gz,584200
dataset/case_174/segmentation.nii.gz,1105421
dataset/case_175/segmentation.nii.gz,1235099
dataset/case_176/segmentation.nii.gz,1877636
dataset/case_177/segmentation.nii.gz,997358
dataset/case_178/segmentation.nii.gz,602915
dataset/case_179/segmentation.nii.gz,1082952
dataset/case_180/segmentation.nii.gz,444198
dataset/case_181/segmentation.nii.gz,1393835
dataset/case_182/segmentation.nii.gz,499966
dataset/case_183/segmentation.nii.gz,1127366
dataset/case_184/segmentation.nii.gz,1883764
dataset/case_185/segmentation.nii.gz,1695734
dataset/case_186/segmentation.nii.gz,1575218
dataset/case_187/segmentation.nii.gz,870798
dataset/case_188/segmentation.nii.gz,479875
dataset/case_189/segmentation.nii.gz,1497224
dataset/case_190/segmentation.nii.gz,482818
dataset/case_191/segmentation.nii.gz,946088
dataset/case_192/segmentation.nii.gz,407852
dataset/case_193/segmentation.nii.gz,1591270
dataset/case_194/segmentation.nii.gz,1739310
dataset/case_195/segmentation.nii.gz,1285850
dataset/case_196/segmentation.nii.gz,1149265
dataset/case_197/segmentation.nii.gz,478112
dataset/case_198/segmentation.nii.gz,729167
dataset/case_199/segmentation.nii.gz,436265
dataset/case_200/segmentation.nii.gz,398762
dataset/case_201/segmentation.nii.gz,1119524
dataset/case_202/segmentation.nii.gz,2069400
dataset/case_203/segmentation.nii.gz,1029212
dataset/case_204/segmentation.nii.gz,735305
dataset/case_205/segmentation.nii.gz,1360784
dataset/case_206/segmentation.nii.gz,412561
dataset/case_207/segmentation.nii.gz,1120124
dataset/case_208/segmentation.nii.gz,1150039
dataset/case_209/segmentation.nii.gz,1122943
dataset/case_210/segmentation.nii.gz,549007
dataset/case_211/segmentation.nii.gz,1059198
dataset/case_212/segmentation.nii.gz,1198715
dataset/case_213/segmentation.nii.gz,1174678
dataset/case_214/segmentation.nii.gz,1269718
dataset/case_215/segmentation.nii.gz,1675953
dataset/case_216/segmentation.nii.gz,1778200
dataset/case_217/segmentation.nii.gz,1070224
dataset/case_218/segmentation.nii.gz,1634851
dataset/case_219/segmentation.nii.gz,1641692
dataset/case_220/segmentation.nii.gz,1161979
dataset/case_221/segmentation.nii.gz,1451181
dataset/case_222/segmentation.nii.gz,443957
dataset/case_223/segmentation.nii.gz,688762
dataset/case_224/segmentation.nii.gz,1121800
dataset/case_225/segmentation.nii.gz,1554701
dataset/case_226/segmentation.nii.gz,813079
dataset/case_227/segmentation.nii.gz,931639
dataset/case_228/segmentation.nii.gz,1793772
dataset/case_229/segmentation.nii.gz,558299
dataset/case_230/segmentation.nii.gz,769892
dataset/case_231/segmentation.nii.gz,1626572
dataset/case_232/segmentation.nii.gz,882034
dataset/case_233/segmentation.nii.gz,440482
dataset/case_234/segmentation.nii.gz,1751229
dataset/case_235/segmentation.nii.gz,449662
dataset/case_236/segmentation.nii.gz,792717
dataset/case_237/segmentation.nii.gz,1391420
dataset/case_238/segmentation.nii.gz,492806
dataset/case_239/segmentation.nii.gz,1452987
dataset/case_240/segmentation.nii.gz,1824624
dataset/case_241/segmentation.nii.gz,1165153
dataset/case_242/segmentation.nii.gz,2080288
dataset/case_243/segmentation.nii.gz,1978461
dataset/case_244/segmentation.nii.gz,950220
dataset/case_245/segmentation.nii.gz,1242011
dataset/case_246/segmentation.nii.gz,652531
dataset/case_247/segmentation.nii.gz,388086
dataset/case_248/segmentation.nii.gz,1469484
dataset/case_249/segmentation.nii.gz,508459
dataset/case_250/segmentation.nii.gz,1225307
dataset/case_251/segmentation.nii.gz,1240755
dataset/case_252/segmentation.nii.gz,1169913
dataset/case_253/segmentation.nii.gz,1460746
dataset/case_254/segmentation.nii.gz,1286182
dataset/case_255/segmentation.nii.gz,469943
dataset/case_256/segmentation.nii.gz,546139
dataset/case_257/segmentation.nii.gz,622804
dataset/case_258/segmentation.nii.gz,493125
dataset/case_259/segmentation.nii.gz,583346
dataset/case_260/segmentation.nii.gz,1698296
dataset/case_261/segmentation.nii.gz,1761813
dataset/case_262/segmentation.nii.gz,609155
dataset/case_263/segmentation.nii.gz,1276331
dataset/case_264/segmentation.nii.gz,1905341
dataset/case_265/segmentation.nii.gz,1382626
dataset/case_266/segmentation.nii.gz,1259775
dataset/case_267/segmentation.nii.gz,1930617
dataset/case_268/segmentation.nii.gz,1748578
dataset/case_269/segmentation.nii.gz,1545194
dataset/case_270/segmentation.nii.gz,1836802
dataset/case_271/segmentation.nii.gz,783954
dataset/case_272/segmentation.nii.gz,840067
dataset/case_273/segmentation.nii.gz,735210
dataset/case_274/segmentation.nii.gz,645854
dataset/case_275/segmentation.nii.gz,559754
dataset/case_276/segmentation.nii.gz,738858
dataset/case_277/segmentation.nii.gz,747781
dataset/case_278/segmentation.nii.gz,595939
dataset/case_279/segmentation.nii.gz,594963
dataset/case_280/segmentation.nii.gz,620634
dataset/case_281/segmentation.nii.gz,747546
dataset/case_282/segmentation.nii.gz,822017
dataset/case_283/segmentation.nii.gz,700922
dataset/case_284/segmentation.nii.gz,593019
dataset/case_285/segmentation.nii.gz,769272
dataset/case_286/segmentation.nii.gz,705338
dataset/case_287/segmentation.nii.gz,739248
dataset/case_288/segmentation.nii.gz,624832
dataset/case_289/segmentation.nii.gz,803711
dataset/case_290/segmentation.nii.gz,733362
dataset/case_291/segmentation.nii.gz,902742
dataset/case_292/segmentation.nii.gz,699165
dataset/case_293/segmentation.nii.gz,378728
dataset/case_294/segmentation.nii.gz,697034
dataset/case_295/segmentation.nii.gz,979901
dataset/case_296/segmentation.nii.gz,619754
dataset/case_297/segmentation.nii.gz,686880
dataset/case_298/segmentation.nii.gz,705134
dataset/case_299/segmentation.nii.gz,685699
dataset/case_300/segmentation.nii.gz,666058
dataset/case_301/segmentation.nii.gz,750632
dataset/case_302/segmentation.nii.gz,819994
dataset/case_303/segmentation.nii.gz,779261
dataset/case_304/segmentation.nii.gz,643425
dataset/case_305/segmentation.nii.gz,681303
dataset/case_306/segmentation.nii.gz,620009
dataset/case_307/segmentation.nii.gz,676251
dataset/case_308/segmentation.nii.gz,858933
dataset/case_309/segmentation.nii.gz,900179
dataset/case_310/segmentation.nii.gz,1238444
dataset/case_311/segmentation.nii.gz,1121995
dataset/case_312/segmentation.nii.gz,1843215
dataset/case_313/segmentation.nii.gz,1156394
dataset/case_314/segmentation.nii.gz,1456945
dataset/case_315/segmentation.nii.gz,401040
dataset/case_316/segmentation.nii.gz,1395811
dataset/case_317/segmentation.nii.gz,1284280
dataset/case_318/segmentation.nii.gz,1388905
dataset/case_319/segmentation.nii.gz,1243267
dataset/case_320/segmentation.nii.gz,1247461
dataset/case_321/segmentation.nii.gz,1852316
dataset/case_322/segmentation.nii.gz,514186
dataset/case_323/segmentation.nii.gz,1171360
dataset/case_324/segmentation.nii.gz,1229194
dataset/case_325/segmentation.nii.gz,1925078
dataset/case_326/segmentation.nii.gz,1290163
dataset/case_327/segmentation.nii.gz,457444
dataset/case_328/segmentation.nii.gz,1027094
dataset/case_329/segmentation.nii.gz,1115316
dataset/case_330/segmentation.nii.gz,1277892
dataset/case_331/segmentation.nii.gz,1271641
dataset/case_332/segmentation.nii.gz,1044580
dataset/case_333/segmentation.nii.gz,454949
dataset/case_334/segmentation.nii.gz,1302627
dataset/case_335/segmentation.nii.gz,469680
dataset/case_336/segmentation.nii.gz,469339
dataset/case_337/segmentation.nii.gz,1345738
dataset/case_338/segmentation.nii.gz,1369341
dataset/case_339/segmentation.nii.gz,1845206
dataset/case_340/segmentation.nii.gz,1729664
dataset/case_341/segmentation.nii.gz,387192
dataset/case_342/segmentation.nii.gz,874056
dataset/case_343/segmentation.nii.gz,681965
dataset/case_344/segmentation.nii.gz,1181525
dataset/case_345/segmentation.nii.gz,1315507
dataset/case_346/segmentation.nii.gz,1102860
dataset/case_347/segmentation.nii.gz,1058057
dataset/case_348/segmentation.nii.gz,1022758
dataset/case_349/segmentation.nii.gz,2100373
dataset/case_350/segmentation.nii.gz,1141620
dataset/case_351/segmentation.nii.gz,1741922
dataset/case_352/segmentation.nii.gz,747199
dataset/case_353/segmentation.nii.gz,327117
dataset/case_354/segmentation.nii.gz,1212991
dataset/case_355/segmentation.nii.gz,1080857
dataset/case_356/segmentation.nii.gz,1857922
dataset/case_357/segmentation.nii.gz,1070359
dataset/case_358/segmentation.nii.gz,1085725
dataset/case_359/segmentation.nii.gz,1127899
dataset/case_360/segmentation.nii.gz,1142019
dataset/case_361/segmentation.nii.gz,1581968
dataset/case_362/segmentation.nii.gz,1056130
dataset/case_363/segmentation.nii.gz,1697476
dataset/case_364/segmentation.nii.gz,1258352
dataset/case_365/segmentation.nii.gz,1713285
dataset/case_366/segmentation.nii.gz,1165876
dataset/case_367/segmentation.nii.gz,458841
dataset/case_368/segmentation.nii.gz,485822
dataset/case_369/segmentation.nii.gz,1396924
dataset/case_370/segmentation.nii.gz,1630526
dataset/case_371/segmentation.nii.gz,716250
dataset/case_372/segmentation.nii.gz,1806359
dataset/case_373/segmentation.nii.gz,1256846
dataset/case_374/segmentation.nii.gz,2134124
dataset/case_375/segmentation.nii.gz,808294
dataset/case_376/segmentation.nii.gz,1118445
dataset/case_377/segmentation.nii.gz,1101355
dataset/case_378/segmentation.nii.gz,1325911
dataset/case_379/segmentation.nii.gz,925335
dataset/case_380/segmentation.nii.gz,1390948
dataset/case_381/segmentation.nii.gz,1473384
dataset/case_382/segmentation.nii.gz,1396100
dataset/case_383/segmentation.nii.gz,1891259
dataset/case_384/segmentation.nii.gz,1061102
dataset/case_385/segmentation.nii.gz,479005
dataset/case_386/segmentation.nii.gz,1058043
dataset/case_387/segmentation.nii.gz,1308155
dataset/case_388/segmentation.nii.gz,1592523
dataset/case_389/segmentation.nii.gz,394282
dataset/case_390/segmentation.nii.gz,320114
dataset/case_391/segmentation.nii.gz,1293235
dataset/case_392/segmentation.nii.gz,1288154
dataset/case_393/segmentation.nii.gz,1400456
dataset/case_394/segmentation.nii.gz,1251786
dataset/case_395/segmentation.nii.gz,1158801
dataset/case_396/segmentation.nii.gz,526297
dataset/case_397/segmentation.nii.gz,1719591
dataset/case_398/segmentation.nii.gz,1405949
dataset/case_399/segmentation.nii.gz,1217073
dataset/case_401/segmentation.nii.gz,1785593
dataset/case_403/segmentation.nii.gz,739947
dataset/case_405/segmentation.nii.gz,2153625
dataset/case_410/segmentation.nii.gz,2002436
dataset/case_411/segmentation.nii.gz,2083491
dataset/case_413/segmentation.nii.gz,2083491
dataset/case_414/segmentation.nii.gz,2122293
dataset/case_415/segmentation.nii.gz,2403760
dataset/case_416/segmentation.nii.gz,2314942
dataset/case_417/segmentation.nii.gz,1978626
dataset/case_419/segmentation.nii.gz,565417
dataset/case_420/segmentation.nii.gz,596004
dataset/case_421/segmentation.nii.gz,1176954
dataset/case_422/segmentation.nii.gz,418385
dataset/case_424/segmentation.nii.gz,2311288
dataset/case_425/segmentation.nii.gz,497246
dataset/case_426/segmentation.nii.gz,963042
dataset/case_427/segmentation.nii.gz,753838
dataset/case_428/segmentation.nii.gz,902228
dataset/case_429/segmentation.nii.gz,700333
dataset/case_430/segmentation.nii.gz,1102501
dataset/case_431/segmentation.nii.gz,1015557
dataset/case_432/segmentation.nii.gz,1407696
dataset/case_433/segmentation.nii.gz,275600
dataset/case_434/segmentation.nii.gz,663222
dataset/case_435/segmentation.nii.gz,276555
dataset/case_438/segmentation.nii.gz,651526
dataset/case_439/segmentation.nii.gz,2999235
dataset/case_441/segmentation.nii.gz,819407
dataset/case_443/segmentation.nii.gz,1122449
dataset/case_444/segmentation.nii.gz,3071168
dataset/case_449/segmentation.nii.gz,520149
dataset/case_450/segmentation.nii.gz,1147418
dataset/case_451/segmentation.nii.gz,716843
dataset/case_452/segmentation.nii.gz,694333
dataset/case_454/segmentation.nii.gz,610793
dataset/case_457/segmentation.nii.gz,1525397
dataset/case_458/segmentation.nii.gz,543090
dataset/case_459/segmentation.nii.gz,478655
dataset/case_461/segmentation.nii.gz,637796
dataset/case_463/segmentation.nii.gz,570041
data_external/AMOS22/processed/AMOS_GT_centroids.csv,787346
data_external/AMOS22/processed/AMOS_mri_GT_centroids.csv,165520
data_external/dap_atlas/raw/label_name.csv,2358
data_external/HuMMan/extracted/EXTRACTION_MANIFEST.json,505
data_external/HuMMan/extracted/p000438_a000040/cameras.json,20765
data_external/HuMMan/extracted/p000438_a000075/cameras.json,20765
data_external/HuMMan/extracted/p000438_a000198/cameras.json,20770
data_external/HuMMan/extracted/p000439_a001244/cameras.json,20768
data_external/HuMMan/extracted/p000440_a000050/cameras.json,20768
data_external/HuMMan/extracted/p000441_a000062/cameras.json,20766
data_external/HuMMan/extracted/p000441_a000071/cameras.json,20768
data_external/HuMMan/extracted/p000441_a000170/cameras.json,20770
data_external/HuMMan/extracted/p000441_a000215/cameras.json,20767
data_external/HuMMan/extracted/p000441_a000701/cameras.json,20766
data_external/HuMMan/extracted/p000441_a000968/cameras.json,20766
data_external/HuMMan/extracted/p000441_a001242/cameras.json,20764
data_external/HuMMan/extracted/p000442_a000062/cameras.json,20760
data_external/HuMMan/extracted/p000443_a000170/cameras.json,20768
data_external/HuMMan/extracted/p000444_a000091/cameras.json,20767
data_external/HuMMan/extracted/p000444_a000205/cameras.json,20770
data_external/HuMMan/extracted/p000444_a001426/cameras.json,20770
data_external/HuMMan/extracted/p000444_a005823/cameras.json,20754
data_external/HuMMan/extracted/p000446_a000036/cameras.json,20770
data_external/HuMMan/extracted/p000446_a000056/cameras.json,20760
data_external/HuMMan/extracted/p000446_a000108/cameras.json,20770
data_external/HuMMan/extracted/p000446_a000792/cameras.json,20757
data_external/HuMMan/extracted/p000446_a001082/cameras.json,20768
data_external/HuMMan/extracted/p000446_a005711/cameras.json,20770
data_external/HuMMan/extracted/p000446_a005746/cameras.json,20770
data_external/HuMMan/extracted/p000447_a000036/cameras.json,20770
data_external/HuMMan/extracted/p000447_a000056/cameras.json,20770
data_external/HuMMan/extracted/p000447_a000071/cameras.json,20763
data_external/HuMMan/extracted/p000447_a000093/cameras.json,20767
data_external/HuMMan/extracted/p000447_a000158/cameras.json,20770
data_external/HuMMan/extracted/p000447_a000170/cameras.json,20763
data_external/HuMMan/extracted/p000447_a000194/cameras.json,20770
data_external/HuMMan/extracted/p000447_a000198/cameras.json,20765
data_external/HuMMan/extracted/p000447_a000208/cameras.json,20768
data_external/HuMMan/extracted/p000447_a000224/cameras.json,20764
data_external/HuMMan/extracted/p000447_a000326/cameras.json,20770
data_external/HuMMan/extracted/p000447_a000792/cameras.json,20766
data_external/HuMMan/extracted/p000447_a000968/cameras.json,20765
data_external/HuMMan/extracted/p000447_a005711/cameras.json,20770
data_external/HuMMan/extracted/p000448_a000055/cameras.json,20768
data_external/HuMMan/extracted/p000448_a000063/cameras.json,20770
data_external/HuMMan/extracted/p000448_a000156/cameras.json,20763
data_external/HuMMan/extracted/p000448_a000198/cameras.json,20770
data_external/HuMMan/extracted/p000448_a000224/cameras.json,20768
data_external/HuMMan/extracted/p000448_a000978/cameras.json,20769
data_external/HuMMan/extracted/p000448_a001082/cameras.json,20766
data_external/HuMMan/extracted/p000448_a001225/cameras.json,20768
data_external/HuMMan/extracted/p000448_a005746/cameras.json,20766
data_external/HuMMan/extracted/p000449_a000170/cameras.json,20770
data_external/HuMMan/extracted/p000449_a000198/cameras.json,20768
data_external/HuMMan/extracted/p000449_a000224/cameras.json,20768
data_external/HuMMan/extracted/p000449_a000978/cameras.json,20768
data_external/HuMMan/extracted/p000450_a000075/cameras.json,20768
data_external/HuMMan/extracted/p000450_a000279/cameras.json,20766
data_external/HuMMan/extracted/p000450_a000986/cameras.json,20765
data_external/HuMMan/extracted/p000450_a001036/cameras.json,20767
data_external/HuMMan/extracted/p000450_a005746/cameras.json,20766
data_external/HuMMan/extracted/p000451_a000055/cameras.json,20766
data_external/HuMMan/extracted/p000451_a000224/cameras.json,20768
data_external/HuMMan/extracted/p000451_a000793/cameras.json,20768
data_external/HuMMan/extracted/p000451_a000978/cameras.json,20767
data_external/HuMMan/extracted/p000451_a001023/cameras.json,20763
data_external/HuMMan/extracted/p000451_a001082/cameras.json,20768
data_external/HuMMan/extracted/p000451_a005746/cameras.json,20765
data_external/HuMMan/extracted/p000452_a000198/cameras.json,20768
data_external/HuMMan/extracted/p000452_a001036/cameras.json,20766
data_external/HuMMan/extracted/p000452_a005730/cameras.json,20764
data_external/HuMMan/extracted/p000453_a000170/cameras.json,20763
data_external/HuMMan/extracted/p000453_a000198/cameras.json,20770
data_external/HuMMan/extracted/p000453_a000208/cameras.json,20769
data_external/HuMMan/extracted/p000453_a000279/cameras.json,20763
data_external/HuMMan/extracted/p000453_a001036/cameras.json,20770
data_external/HuMMan/extracted/p000453_a005240/cameras.json,20769
data_external/HuMMan/extracted/p000454_a000027/cameras.json,20770
data_external/HuMMan/extracted/p000454_a000055/cameras.json,20769
data_external/HuMMan/extracted/p000454_a000071/cameras.json,20767
data_external/HuMMan/extracted/p000454_a000198/cameras.json,20768
data_external/HuMMan/extracted/p000454_a005746/cameras.json,20764
data_external/HuMMan/extracted/p000455_a000050/cameras.json,20759
data_external/HuMMan/extracted/p000455_a000071/cameras.json,20770
data_external/HuMMan/extracted/p000455_a000206/cameras.json,20767
data_external/HuMMan/extracted/p000455_a000209/cameras.json,20770
data_external/HuMMan/extracted/p000455_a000793/cameras.json,20768
data_external/HuMMan/extracted/p000455_a000986/cameras.json,20770
data_external/HuMMan/extracted/p000455_a001147/cameras.json,20762
data_external/HuMMan/extracted/p000455_a001244/cameras.json,20770
data_external/HuMMan/extracted/p000455_a005770/cameras.json,20770
data_external/HuMMan/extracted/p000455_a006002/cameras.json,20770
data_external/HuMMan/extracted/p000455_a006007/cameras.json,20768
data_external/HuMMan/extracted/p000456_a000031/cameras.json,20764
data_external/HuMMan/extracted/p000456_a000050/cameras.json,20768
data_external/HuMMan/extracted/p000456_a000064/cameras.json,20760
data_external/HuMMan/extracted/p000456_a000074/cameras.json,20768
data_external/HuMMan/extracted/p000456_a000209/cameras.json,20770
data_external/HuMMan/extracted/p000456_a000793/cameras.json,20766
data_external/HuMMan/extracted/p000456_a005731/cameras.json,20764
data_external/HuMMan/extracted/p000457_a000029/cameras.json,20763
data_external/HuMMan/extracted/p000465_a000197/cameras.json,20764
data_external/HuMMan/extracted/p000465_a001134/cameras.json,20758
data_external/HuMMan/extracted/p000466_a000157/cameras.json,20766
data_external/HuMMan/extracted/p000466_a000213/cameras.json,20770
data_external/HuMMan/extracted/p000469_a000039/cameras.json,20769
data_external/HuMMan/extracted/p000469_a000049/cameras.json,20767
data_external/HuMMan/extracted/p000469_a000170/cameras.json,20768
data_external/HuMMan/extracted/p000469_a000213/cameras.json,20766
data_external/HuMMan/extracted/p000469_a000215/cameras.json,20770
data_external/HuMMan/extracted/p000469_a000701/cameras.json,20768
data_external/HuMMan/extracted/p000469_a001023/cameras.json,20767
data_external/HuMMan/extracted/p000469_a001072/cameras.json,20768
data_external/HuMMan/extracted/p000469_a001236/cameras.json,20770
data_external/HuMMan/extracted/p000469_a001362/cameras.json,20763
data_external/HuMMan/extracted/p000469_a006006/cameras.json,20764
data_external/HuMMan/extracted/p000470_a000048/cameras.json,20760
data_external/HuMMan/extracted/p000470_a000223/cameras.json,20768
data_external/HuMMan/extracted/p000470_a000792/cameras.json,20765
data_external/HuMMan/extracted/p000470_a005770/cameras.json,20758
data_external/HuMMan/extracted/p000470_a006002/cameras.json,20762
data_external/HuMMan/extracted/p000471_a000014/cameras.json,20770
data_external/HuMMan/extracted/p000471_a000148/cameras.json,20768
data_external/HuMMan/extracted/p000471_a000210/cameras.json,20766
data_external/HuMMan/extracted/p000471_a001241/cameras.json,20770
data_external/HuMMan/extracted/p000471_a005731/cameras.json,20768
data_external/HuMMan/extracted/p000471_a006001/cameras.json,20768
data_external/HuMMan/extracted/p000471_a006002/cameras.json,20767
data_external/HuMMan/extracted/p000474_a001230/cameras.json,20767
data_external/HuMMan/extracted/p000474_a005711/cameras.json,20770
data_external/HuMMan/extracted/p000475_a000048/cameras.json,20764
data_external/HuMMan/extracted/p000475_a000145/cameras.json,20769
data_external/HuMMan/extracted/p000475_a000210/cameras.json,20768
data_external/HuMMan/extracted/p000475_a000225/cameras.json,20767
data_external/HuMMan/extracted/p000475_a000993/cameras.json,20770
data_external/HuMMan/extracted/p000475_a005770/cameras.json,20766
data_external/HuMMan/extracted/p000476_a000145/cameras.json,20761
data_external/HuMMan/extracted/p000476_a000148/cameras.json,20770
data_external/HuMMan/extracted/p000476_a000218/cameras.json,20760
data_external/HuMMan/extracted/p000476_a001036/cameras.json,20770
data_external/HuMMan/extracted/p000476_a001231/cameras.json,20770
data_external/HuMMan/extracted/p000476_a005731/cameras.json,20769
data_external/HuMMan/extracted/p000476_a005770/cameras.json,20770
data_external/HuMMan/extracted/p000477_a000048/cameras.json,20757
data_external/HuMMan/extracted/p000477_a000182/cameras.json,20769
data_external/HuMMan/extracted/p000477_a000210/cameras.json,20769
data_external/HuMMan/extracted/p000478_a000046/cameras.json,20766
data_external/HuMMan/extracted/p000478_a000793/cameras.json,20768
data_external/HuMMan/extracted/p000480_a000793/cameras.json,20764
data_external/HuMMan/extracted/p000480_a000986/cameras.json,20764
data_external/HuMMan/extracted/p000480_a001362/cameras.json,20770
data_external/HuMMan/extracted/p000481_a000978/cameras.json,20767
data_external/HuMMan/extracted/p000481_a001362/cameras.json,20763
data_external/HuMMan/extracted/p000482_a000793/cameras.json,20770
data_external/HuMMan/extracted/p000482_a001023/cameras.json,20768
data_external/HuMMan/extracted/p000482_a001362/cameras.json,20768
data_external/HuMMan/extracted/p000483_a000029/cameras.json,20770
data_external/HuMMan/extracted/p000483_a000214/cameras.json,20770
data_external/HuMMan/extracted/p000483_a001083/cameras.json,20770
data_external/HuMMan/extracted/p000483_a001236/cameras.json,20770
data_external/HuMMan/extracted/p000483_a006003/cameras.json,20764
data_external/HuMMan/extracted/p000484_a001036/cameras.json,20770
data_external/HuMMan/extracted/p000486_a000792/cameras.json,20768
data_external/HuMMan/extracted/p000486_a000793/cameras.json,20765
data_external/HuMMan/extracted/p000486_a000978/cameras.json,20758
data_external/HuMMan/extracted/p000486_a000988/cameras.json,20770
data_external/HuMMan/extracted/p000487_a000226/cameras.json,20769
data_external/HuMMan/extracted/p000487_a001023/cameras.json,20767
data_external/HuMMan/extracted/p000487_a001026/cameras.json,20770
data_external/HuMMan/extracted/p000487_a005746/cameras.json,20766
data_external/HuMMan/extracted/p000488_a000040/cameras.json,20770
data_external/HuMMan/extracted/p000488_a005828/cameras.json,20768
data_external/HuMMan/extracted/p000490_a000146/cameras.json,20769
data_external/HuMMan/extracted/p000490_a000790/cameras.json,20755
data_external/HuMMan/extracted/p000490_a000792/cameras.json,20766
data_external/HuMMan/extracted/p000490_a000978/cameras.json,20770
data_external/HuMMan/extracted/p000490_a000986/cameras.json,20767
data_external/HuMMan/extracted/p000490_a005731/cameras.json,20767
data_external/HuMMan/extracted/p000491_a001026/cameras.json,20770
data_external/HuMMan/extracted/p000492_a000226/cameras.json,20770
data_external/HuMMan/extracted/p000492_a000701/cameras.json,20769
data_external/HuMMan/extracted/p000492_a000790/cameras.json,20767
data_external/HuMMan/extracted/p000492_a001023/cameras.json,20761
data_external/HuMMan/extracted/p000493_a000152/cameras.json,20768
data_external/HuMMan/extracted/p000493_a000153/cameras.json,20767
data_external/HuMMan/extracted/p000493_a000155/cameras.json,20770
data_external/HuMMan/extracted/p000494_a000036/cameras.json,20769
data_external/HuMMan/extracted/p000494_a000093/cameras.json,20769
data_external/HuMMan/extracted/p000494_a000211/cameras.json,20767
data_external/HuMMan/extracted/p000494_a000226/cameras.json,20762
data_external/HuMMan/extracted/p000494_a000790/cameras.json,20767
data_external/HuMMan/extracted/p000494_a001082/cameras.json,20767
data_external/HuMMan/extracted/p000494_a005191/cameras.json,20762
data_external/HuMMan/extracted/p000495_a000040/cameras.json,20765
data_external/HuMMan/extracted/p000495_a000093/cameras.json,20770
data_external/HuMMan/extracted/p000495_a000225/cameras.json,20770
data_external/HuMMan/extracted/p000495_a006006/cameras.json,20770
data_external/HuMMan/extracted/p000496_a000040/cameras.json,20768
data_external/HuMMan/extracted/p000496_a000048/cameras.json,20764
data_external/HuMMan/extracted/p000496_a000054/cameras.json,20768
data_external/HuMMan/extracted/p000496_a000279/cameras.json,20766
data_external/HuMMan/extracted/p000496_a000388/cameras.json,20766
data_external/HuMMan/extracted/p000496_a001036/cameras.json,20767
data_external/HuMMan/extracted/p000497_a000065/cameras.json,20759
data_external/HuMMan/extracted/p000497_a000279/cameras.json,20769
data_external/HuMMan/extracted/p000497_a001134/cameras.json,20770
data_external/HuMMan/extracted/p000498_a000054/cameras.json,20763
data_external/HuMMan/extracted/p000499_a099999/cameras.json,20755
data_external/HuMMan/extracted/p000502_a000182/cameras.json,20635
data_external/HuMMan/extracted/p000503_a000064/cameras.json,20635
data_external/HuMMan/extracted/p000503_a000074/cameras.json,20636
data_external/HuMMan/extracted/p000503_a000396/cameras.json,20641
data_external/HuMMan/extracted/p000504_a000047/cameras.json,20636
data_external/HuMMan/extracted/p000504_a000075/cameras.json,20641
data_external/HuMMan/extracted/p000506_a006000/cameras.json,20635
data_external/HuMMan/extracted/p000507_a000040/cameras.json,20643
data_external/HuMMan/extracted/p000507_a000211/cameras.json,20643
data_external/HuMMan/extracted/p000507_a000213/cameras.json,20643
data_external/HuMMan/extracted/p000507_a000396/cameras.json,20643
data_external/HuMMan/extracted/p000507_a001026/cameras.json,20643
data_external/HuMMan/extracted/p000507_a005730/cameras.json,20643
data_external/HuMMan/extracted/p000508_a000030/cameras.json,20643
data_external/HuMMan/extracted/p000508_a000040/cameras.json,20642
data_external/HuMMan/extracted/p000508_a000223/cameras.json,20643
data_external/HuMMan/extracted/p000508_a005770/cameras.json,20627
data_external/HuMMan/extracted/p000509_a000207/cameras.json,20642
data_external/HuMMan/extracted/p000509_a005710/cameras.json,20640
data_external/HuMMan/extracted/p000509_a005746/cameras.json,20641
data_external/HuMMan/extracted/p000510_a000014/cameras.json,20642
data_external/HuMMan/extracted/p000510_a000071/cameras.json,20641
data_external/HuMMan/extracted/p000510_a000223/cameras.json,20642
data_external/HuMMan/extracted/p000511_a000030/cameras.json,20633
data_external/HuMMan/extracted/p000511_a000048/cameras.json,20641
data_external/HuMMan/extracted/p000511_a000210/cameras.json,20643
data_external/HuMMan/extracted/p000512_a000040/cameras.json,20640
data_external/HuMMan/extracted/p000513_a000014/cameras.json,20643
data_external/HuMMan/extracted/p000513_a000182/cameras.json,20643
data_external/HuMMan/extracted/p000513_a000198/cameras.json,20642
data_external/HuMMan/extracted/p000513_a000212/cameras.json,20643
data_external/HuMMan/extracted/p000513_a000214/cameras.json,20643
data_external/HuMMan/extracted/p000514_a000076/cameras.json,20640
data_external/HuMMan/extracted/p000514_a000149/cameras.json,20641
data_external/HuMMan/extracted/p000514_a000150/cameras.json,20642
data_external/HuMMan/extracted/p000514_a000154/cameras.json,20643
data_external/HuMMan/extracted/p000514_a000160/cameras.json,20633
data_external/HuMMan/extracted/p000514_a000205/cameras.json,20643
data_external/HuMMan/extracted/p000514_a005823/cameras.json,20639
data_external/HuMMan/extracted/p000517_a000030/cameras.json,20639
data_external/HuMMan/extracted/p000518_a000226/cameras.json,20639
data_external/HuMMan/extracted/p000518_a000228/cameras.json,20637
data_external/HuMMan/extracted/p000518_a000279/cameras.json,20641
data_external/HuMMan/extracted/p000519_a000040/cameras.json,20643
data_external/HuMMan/extracted/p000519_a000049/cameras.json,20636
data_external/HuMMan/extracted/p000519_a000054/cameras.json,20643
data_external/HuMMan/extracted/p000519_a000182/cameras.json,20639
data_external/HuMMan/extracted/p000519_a000226/cameras.json,20641
data_external/HuMMan/extracted/p000519_a000228/cameras.json,20641
data_external/HuMMan/extracted/p000519_a000279/cameras.json,20643
data_external/HuMMan/extracted/p000519_a006001/cameras.json,20642
data_external/HuMMan/extracted/p000520_a000048/cameras.json,20639
data_external/HuMMan/extracted/p000520_a000072/cameras.json,20643
data_external/HuMMan/extracted/p000520_a000226/cameras.json,20643
data_external/HuMMan/extracted/p000520_a000228/cameras.json,20643
data_external/HuMMan/extracted/p000521_a000182/cameras.json,20642
data_external/HuMMan/extracted/p000522_a000182/cameras.json,20641
data_external/HuMMan/extracted/p000522_a000212/cameras.json,20638
data_external/HuMMan/extracted/p000524_a000213/cameras.json,20641
data_external/HuMMan/extracted/p000524_a001234/cameras.json,20642
data_external/HuMMan/extracted/p000524_a006000/cameras.json,20643
data_external/HuMMan/extracted/p000525_a000014/cameras.json,20641
data_external/HuMMan/extracted/p000525_a000050/cameras.json,20641
data_external/HuMMan/extracted/p000525_a000091/cameras.json,20633
data_external/HuMMan/extracted/p000525_a000211/cameras.json,20641
data_external/HuMMan/extracted/p000525_a000213/cameras.json,20641
data_external/HuMMan/extracted/p000525_a000226/cameras.json,20643
data_external/HuMMan/extracted/p000525_a005070/cameras.json,20642
data_external/HuMMan/extracted/p000525_a005711/cameras.json,20643
data_external/HuMMan/extracted/p000525_a006001/cameras.json,20633
data_external/HuMMan/extracted/p000525_a006003/cameras.json,20643
data_external/HuMMan/extracted/p000526_a000024/cameras.json,20633
data_external/HuMMan/extracted/p000526_a000032/cameras.json,20641
data_external/HuMMan/extracted/p000526_a000053/cameras.json,20631
data_external/HuMMan/extracted/p000526_a000062/cameras.json,20637
data_external/HuMMan/extracted/p000526_a000150/cameras.json,20642
data_external/HuMMan/extracted/p000526_a000152/cameras.json,20641
data_external/HuMMan/extracted/p000526_a000205/cameras.json,20641
data_external/HuMMan/extracted/p000526_a000221/cameras.json,20638
data_external/HuMMan/extracted/p000526_a000793/cameras.json,20643
data_external/HuMMan/extracted/p000526_a003012/cameras.json,20634
data_external/HuMMan/extracted/p000526_a005121/cameras.json,20635
data_external/HuMMan/extracted/p000527_a000074/cameras.json,20643
data_external/HuMMan/extracted/p000527_a000091/cameras.json,20643
data_external/HuMMan/extracted/p000527_a000226/cameras.json,20635
data_external/HuMMan/extracted/p000527_a005121/cameras.json,20642
data_external/HuMMan/extracted/p000527_a006000/cameras.json,20639
data_external/HuMMan/extracted/p000528_a001026/cameras.json,20637
data_external/HuMMan/extracted/p000529_a000093/cameras.json,20643
data_external/HuMMan/extracted/p000529_a000225/cameras.json,20640
data_external/HuMMan/extracted/p000529_a005711/cameras.json,20639
data_external/HuMMan/extracted/p000530_a000040/cameras.json,20631
data_external/HuMMan/extracted/p000530_a000046/cameras.json,20635
data_external/HuMMan/extracted/p000530_a000225/cameras.json,20643
data_external/HuMMan/extracted/p000530_a000279/cameras.json,20640
data_external/HuMMan/extracted/p000530_a001239/cameras.json,20636
data_external/HuMMan/extracted/p000530_a005341/cameras.json,20643
data_external/HuMMan/extracted/p000531_a000051/cameras.json,20635
data_external/HuMMan/extracted/p000531_a000062/cameras.json,20643
data_external/HuMMan/extracted/p000531_a000145/cameras.json,20640
data_external/HuMMan/extracted/p000531_a000151/cameras.json,20636
data_external/HuMMan/extracted/p000531_a000154/cameras.json,20642
data_external/HuMMan/extracted/p000531_a000792/cameras.json,20637
data_external/HuMMan/extracted/p000531_a005823/cameras.json,20639
data_external/HuMMan/extracted/p000532_a000224/cameras.json,20637
data_external/HuMMan/extracted/p000533_a000040/cameras.json,20641
data_external/HuMMan/extracted/p000533_a000182/cameras.json,20642
data_external/HuMMan/extracted/p000533_a000197/cameras.json,20643
data_external/HuMMan/extracted/p000533_a000210/cameras.json,20643
data_external/HuMMan/extracted/p000533_a000223/cameras.json,20637
data_external/HuMMan/extracted/p000533_a005746/cameras.json,20643
data_external/HuMMan/extracted/p000533_a005770/cameras.json,20643
data_external/HuMMan/extracted/p000534_a000011/cameras.json,20641
data_external/HuMMan/extracted/p000534_a000036/cameras.json,20643
data_external/HuMMan/extracted/p000534_a000047/cameras.json,20638
data_external/HuMMan/extracted/p000534_a000061/cameras.json,20641
data_external/HuMMan/extracted/p000534_a000064/cameras.json,20635
data_external/HuMMan/extracted/p000534_a000145/cameras.json,20643
data_external/HuMMan/extracted/p000534_a000215/cameras.json,20643
data_external/HuMMan/extracted/p000534_a000326/cameras.json,20641
data_external/HuMMan/extracted/p000534_a000701/cameras.json,20635
data_external/HuMMan/extracted/p000534_a000968/cameras.json,20635
data_external/HuMMan/extracted/p000534_a001036/cameras.json,20639
data_external/HuMMan/extracted/p000534_a001072/cameras.json,20640
data_external/HuMMan/extracted/p000534_a001082/cameras.json,20641
data_external/HuMMan/extracted/p000534_a001230/cameras.json,20643
data_external/HuMMan/extracted/p000534_a001231/cameras.json,20639
data_external/HuMMan/extracted/p000534_a001238/cameras.json,20639
data_external/HuMMan/extracted/p000534_a005354/cameras.json,20640
data_external/HuMMan/extracted/p000534_a005855/cameras.json,20641
data_external/HuMMan/extracted/p000535_a000048/cameras.json,20636
data_external/HuMMan/extracted/p000535_a000063/cameras.json,20639
data_external/HuMMan/extracted/p000535_a001240/cameras.json,20637
data_external/HuMMan/extracted/p000535_a005746/cameras.json,20632
data_external/HuMMan/extracted/p000536_a001224/cameras.json,20631
data_external/HuMMan/extracted/p000536_a006000/cameras.json,20635
data_external/HuMMan/extracted/p000537_a000040/cameras.json,20638
data_external/HuMMan/extracted/p000537_a000211/cameras.json,20639
data_external/HuMMan/extracted/p000537_a000214/cameras.json,20640
data_external/HuMMan/extracted/p000537_a000388/cameras.json,20641
data_external/HuMMan/extracted/p000537_a005711/cameras.json,20641
data_external/HuMMan/extracted/p000537_a005746/cameras.json,20642
data_external/HuMMan/extracted/p000538_a000049/cameras.json,20639
data_external/HuMMan/extracted/p000538_a000063/cameras.json,20638
data_external/HuMMan/extracted/p000538_a000701/cameras.json,20643
data_external/HuMMan/extracted/p000538_a000978/cameras.json,20639
data_external/HuMMan/extracted/p000538_a000986/cameras.json,20642
data_external/HuMMan/extracted/p000538_a005371/cameras.json,20640
data_external/HuMMan/extracted/p000539_a000039/cameras.json,20637
data_external/HuMMan/extracted/p000539_a000040/cameras.json,20636
data_external/HuMMan/extracted/p000539_a000048/cameras.json,20639
data_external/HuMMan/extracted/p000539_a000182/cameras.json,20631
data_external/HuMMan/extracted/p000539_a000215/cameras.json,20633
data_external/HuMMan/extracted/p000539_a000224/cameras.json,20642
data_external/HuMMan/extracted/p000539_a000279/cameras.json,20643
data_external/HuMMan/extracted/p000539_a005731/cameras.json,20637
data_external/HuMMan/extracted/p000540_a000056/cameras.json,20635
data_external/HuMMan/extracted/p000540_a000145/cameras.json,20633
data_external/HuMMan/extracted/p000540_a000206/cameras.json,20643
data_external/HuMMan/extracted/p000540_a000221/cameras.json,20641
data_external/HuMMan/extracted/p000540_a000701/cameras.json,20633
data_external/HuMMan/extracted/p000540_a000793/cameras.json,20636
data_external/HuMMan/extracted/p000540_a000978/cameras.json,20642
data_external/HuMMan/extracted/p000541_a000029/cameras.json,20641
data_external/HuMMan/extracted/p000541_a000041/cameras.json,20642
data_external/HuMMan/extracted/p000541_a000073/cameras.json,20637
data_external/HuMMan/extracted/p000541_a000094/cameras.json,20632
data_external/HuMMan/extracted/p000541_a000182/cameras.json,20638
data_external/HuMMan/extracted/p000541_a000212/cameras.json,20640
data_external/HuMMan/extracted/p000541_a000228/cameras.json,20639
data_external/HuMMan/extracted/p000541_a000790/cameras.json,20639
data_external/HuMMan/extracted/p000541_a001234/cameras.json,20643
data_external/HuMMan/extracted/p000541_a006002/cameras.json,20643
data_external/HuMMan/extracted/p000542_a000048/cameras.json,20639
data_external/HuMMan/extracted/p000542_a000182/cameras.json,20643
data_external/HuMMan/extracted/p000543_a000215/cameras.json,20642
data_external/HuMMan/extracted/p000544_a000047/cameras.json,20643
data_external/HuMMan/extracted/p000544_a000701/cameras.json,20642
data_external/HuMMan/extracted/p000544_a001036/cameras.json,20634
data_external/HuMMan/extracted/p000544_a001083/cameras.json,20636
data_external/HuMMan/extracted/p000545_a000063/cameras.json,20635
data_external/HuMMan/extracted/p000545_a000064/cameras.json,20641
data_external/HuMMan/extracted/p000545_a000156/cameras.json,20643
data_external/HuMMan/extracted/p000545_a000209/cameras.json,20641
data_external/HuMMan/extracted/p000545_a000792/cameras.json,20640
data_external/HuMMan/extracted/p000545_a001023/cameras.json,20641
data_external/HuMMan/extracted/p000545_a001036/cameras.json,20643
data_external/HuMMan/extracted/p000545_a001083/cameras.json,20641
data_external/HuMMan/extracted/p000545_a001241/cameras.json,20643
data_external/HuMMan/extracted/p000545_a005730/cameras.json,20636
data_external/HuMMan/extracted/p000545_a005731/cameras.json,20643
data_external/HuMMan/extracted/p000545_a005855/cameras.json,20637
data_external/HuMMan/extracted/p000546_a000029/cameras.json,20643
data_external/HuMMan/extracted/p000546_a000223/cameras.json,20639
data_external/HuMMan/extracted/p000547_a000091/cameras.json,20636
data_external/HuMMan/extracted/p000547_a000145/cameras.json,20643
data_external/HuMMan/extracted/p000548_a005730/cameras.json,20643
data_external/HuMMan/extracted/p000548_a005770/cameras.json,20643
data_external/HuMMan/extracted/p000549_a000182/cameras.json,20641
data_external/HuMMan/extracted/p000549_a005354/cameras.json,20638
data_external/HuMMan/extracted/p000550_a000050/cameras.json,20643
data_external/HuMMan/extracted/p000550_a000182/cameras.json,20639
data_external/HuMMan/extracted/p000550_a000992/cameras.json,20638
data_external/HuMMan/extracted/p000551_a000157/cameras.json,20635
data_external/HuMMan/extracted/p000551_a001082/cameras.json,20640
data_external/HuMMan/extracted/p000552_a000213/cameras.json,20642
data_external/HuMMan/extracted/p000552_a000978/cameras.json,20643
data_external/HuMMan/extracted/p000552_a001023/cameras.json,20640
data_external/HuMMan/extracted/p000552_a001036/cameras.json,20637
data_external/HuMMan/extracted/p000553_a001083/cameras.json,20641
data_external/HuMMan/extracted/p000553_a005008/cameras.json,20640
data_external/HuMMan/extracted/p000553_a005696/cameras.json,20642
data_external/HuMMan/extracted/p000554_a000030/cameras.json,20640
data_external/HuMMan/extracted/p000554_a000036/cameras.json,20643
data_external/HuMMan/extracted/p000554_a000039/cameras.json,20643
data_external/HuMMan/extracted/p000554_a000048/cameras.json,20638
data_external/HuMMan/extracted/p000554_a000063/cameras.json,20637
data_external/HuMMan/extracted/p000554_a000147/cameras.json,20643
data_external/HuMMan/extracted/p000554_a000210/cameras.json,20641
data_external/HuMMan/extracted/p000554_a000213/cameras.json,20641
data_external/HuMMan/extracted/p000554_a000279/cameras.json,20641
data_external/HuMMan/extracted/p000554_a001023/cameras.json,20643
data_external/HuMMan/extracted/p000554_a001036/cameras.json,20639
data_external/HuMMan/extracted/p000554_a001082/cameras.json,20635
data_external/HuMMan/extracted/p000554_a001083/cameras.json,20639
data_external/HuMMan/extracted/p000554_a001147/cameras.json,20642
data_external/HuMMan/extracted/p000555_a000031/cameras.json,20641
data_external/HuMMan/extracted/p000555_a000056/cameras.json,20634
data_external/HuMMan/extracted/p000555_a000062/cameras.json,20643
data_external/HuMMan/extracted/p000555_a000221/cameras.json,20643
data_external/HuMMan/extracted/p000555_a000793/cameras.json,20638
data_external/HuMMan/extracted/p000555_a000968/cameras.json,20639
data_external/HuMMan/extracted/p000555_a001230/cameras.json,20641
data_external/HuMMan/extracted/p000555_a001231/cameras.json,20642
data_external/HuMMan/extracted/p000555_a001242/cameras.json,20640
data_external/HuMMan/extracted/p000556_a000040/cameras.json,20637
data_external/HuMMan/extracted/p000556_a000048/cameras.json,20639
data_external/HuMMan/extracted/p000556_a000050/cameras.json,20642
data_external/HuMMan/extracted/p000556_a000212/cameras.json,20641
data_external/HuMMan/extracted/p000556_a000213/cameras.json,20643
data_external/HuMMan/extracted/p000556_a001239/cameras.json,20642
data_external/HuMMan/extracted/p000556_a005121/cameras.json,20636
data_external/HuMMan/extracted/p000556_a006002/cameras.json,20640
data_external/HuMMan/extracted/p000557_a000026/cameras.json,20639
data_external/HuMMan/extracted/p000557_a000056/cameras.json,20643
data_external/HuMMan/extracted/p000557_a000208/cameras.json,20639
data_external/HuMMan/extracted/p000557_a000218/cameras.json,20636
data_external/HuMMan/extracted/p000557_a000395/cameras.json,20639
data_external/HuMMan/extracted/p000557_a000793/cameras.json,20637
data_external/HuMMan/extracted/p000557_a001082/cameras.json,20641
data_external/HuMMan/extracted/p000557_a001083/cameras.json,20641
data_external/HuMMan/extracted/p000557_a001225/cameras.json,20643
data_external/HuMMan/extracted/p000557_a001236/cameras.json,20643
data_external/HuMMan/extracted/p000557_a005611/cameras.json,20641
data_external/HuMMan/extracted/p000558_a000031/cameras.json,20639
data_external/HuMMan/extracted/p000558_a000793/cameras.json,20641
data_external/HuMMan/extracted/p000558_a001362/cameras.json,20639
data_external/HuMMan/extracted/p000559_a000224/cameras.json,20637
data_external/HuMMan/extracted/p000560_a000048/cameras.json,20643
data_external/HuMMan/extracted/p000560_a005341/cameras.json,20641
data_external/HuMMan/extracted/p000561_a000014/cameras.json,20643
data_external/HuMMan/extracted/p000565_a006000/cameras.json,20641
data_external/HuMMan/extracted/p000566_a000182/cameras.json,20638
data_external/HuMMan/extracted/p000566_a005731/cameras.json,20635
data_external/HuMMan/extracted/p000566_a005746/cameras.json,20641
data_external/HuMMan/extracted/p000566_a006003/cameras.json,20643
data_external/HuMMan/extracted/p000567_a000182/cameras.json,20643
data_external/HuMMan/extracted/p000567_a000225/cameras.json,20638
data_external/HuMMan/extracted/p000567_a005730/cameras.json,20631
data_external/HuMMan/extracted/p000567_a005731/cameras.json,20643
data_external/HuMMan/extracted/p000568_a000182/cameras.json,20643
data_external/HuMMan/extracted/p000569_a001362/cameras.json,20642
data_external/HuMMan/extracted/p000570_a000182/cameras.json,20643
data_external/HuMMan/extracted/p000570_a000225/cameras.json,20639
data_external/HuMMan/extracted/p000570_a001026/cameras.json,20640
data_external/HuMMan/extracted/p000571_a000182/cameras.json,20639
data_external/HuMMan/extracted/p000571_a000223/cameras.json,20641
data_external/HuMMan/extracted/p000571_a000225/cameras.json,20643
data_external/HuMMan/extracted/p000572_a000993/cameras.json,20641
data_external/HuMMan/extracted/p000575_a001230/cameras.json,20636
data_external/HuMMan/extracted/p000575_a001231/cameras.json,20639
data_external/HuMMan/extracted/p000577_a005354/cameras.json,20640
data_external/HuMMan/extracted/p000580_a000182/cameras.json,20641
data_external/HuMMan/extracted/p000580_a005746/cameras.json,20638
data_external/HuMMan/extracted/p000582_a005730/cameras.json,20641
data_external/HuMMan/extracted/p000582_a005746/cameras.json,20631
data_external/HuMMan/extracted/p000582_a005770/cameras.json,20640
data_external/HuMMan/extracted/p000584_a005316/cameras.json,20641
data_external/HuMMan/extracted/p000584_a005354/cameras.json,20636
data_external/HuMMan/extracted/p000584_a005730/cameras.json,20643
data_external/HuMMan/extracted/p000585_a000046/cameras.json,20642
data_external/HuMMan/extracted/p000585_a000048/cameras.json,20643
data_external/HuMMan/extracted/p000585_a000207/cameras.json,20641
data_external/HuMMan/extracted/p000587_a005730/cameras.json,20640
data_external/HuMMan/extracted/p000588_a000182/cameras.json,20641
data_external/HuMMan/extracted/p000588_a005730/cameras.json,20642
data_external/HuMMan/extracted/p000590_a000156/cameras.json,20634
data_external/HuMMan/extracted/p000592_a000027/cameras.json,20637
data_external/HuMMan/extracted/p000592_a000031/cameras.json,20641
data_external/HuMMan/extracted/p000592_a000032/cameras.json,20643
data_external/HuMMan/extracted/p000592_a000194/cameras.json,20643
data_external/HuMMan/extracted/p000592_a001230/cameras.json,20643
data_external/HuMMan/extracted/p000593_a000029/cameras.json,20643
data_external/HuMMan/extracted/p000593_a006003/cameras.json,20639
data_external/HuMMan/extracted/p000595_a000156/cameras.json,20643
data_external/HuMMan/extracted/p000595_a000978/cameras.json,20637
data_external/HuMMan/extracted/p000595_a001036/cameras.json,20643
data_external/HuMMan/extracted/p000597_a000048/cameras.json,20643
data_external/HuMMan/extracted/p000597_a005746/cameras.json,20643
data_external/HuMMan/extracted/p000598_a001026/cameras.json,20640
data_external/HuMMan/extracted/p000598_a005746/cameras.json,20643
data_external/HuMMan/extracted/p000700_a000894/cameras.json,20706
data_external/HuMMan/extracted/p000700_a001312/cameras.json,20709
data_external/HuMMan/extracted/p000700_a001444/cameras.json,20713
data_external/HuMMan/extracted/p000701_a000017/cameras.json,20712
data_external/HuMMan/extracted/p000702_a000200/cameras.json,20712
data_external/HuMMan/extracted/p000703_a000001/cameras.json,20712
data_external/HuMMan/extracted/p000706_a000042/cameras.json,20713
data_external/HuMMan/extracted/p000707_a000802/cameras.json,20708
data_external/HuMMan/extracted/p000722_a000162/cameras.json,20713
data_external/HuMMan/extracted/p000731_a000219/cameras.json,20725
data_external/HuMMan/extracted/p000738_a000017/cameras.json,20725
data_external/HuMMan/extracted/p000738_a000042/cameras.json,20722
data_external/HuMMan/extracted/p000741_a000306/cameras.json,20721
data_external/HuMMan/extracted/p000741_a005516/cameras.json,20725
data_external/HuMMan/extracted/p000742_a000081/cameras.json,20725
data_external/HuMMan/extracted/p000742_a000084/cameras.json,20724
data_external/HuMMan/extracted/p000742_a001199/cameras.json,20723
data_external/HuMMan/extracted/p000743_a000162/cameras.json,20726
data_external/HuMMan/extracted/p000756_a000134/cameras.json,20726
data_external/HuMMan/extracted/p000757_a000219/cameras.json,20726
data_external/HuMMan/extracted/p000758_a000078/cameras.json,20722
data_external/HuMMan/extracted/p000758_a005311/cameras.json,20726
data_external/HuMMan/extracted/p000764_a000017/cameras.json,20724
data_external/HuMMan/extracted/p000771_a000220/cameras.json,20722
data_external/HuMMan/extracted/p000783_a001312/cameras.json,20736
data_external/HuMMan/extracted/p000783_a001415/cameras.json,20738
data_external/HuMMan/extracted/p000783_a005386/cameras.json,20734
data_external/HuMMan/extracted/p000785_a005516/cameras.json,20738
data_external/HuMMan/extracted/p000789_a001415/cameras.json,20733
data_external/HuMMan/extracted/p000790_a001285/cameras.json,20729
data_external/HuMMan/extracted/p000792_a001252/cameras.json,20737
data_external/HuMMan/extracted/p000792_a005386/cameras.json,20733
data_external/HuMMan/extracted/p000793_a000078/cameras.json,20738
data_external/HuMMan/extracted/p000793_a001444/cameras.json,20737
data_external/HuMMan/extracted/p000793_a005311/cameras.json,20734
data_external/HuMMan/extracted/p000794_a001281/cameras.json,20736
data_external/HuMMan/extracted/p000802_a000017/cameras.json,20734
data_external/HuMMan/extracted/p000802_a000219/cameras.json,20737
data_external/HuMMan/extracted/p000805_a001199/cameras.json,20738
data_external/HuMMan/extracted/p000805_a001444/cameras.json,20737
data_external/HuMMan/extracted/p000807_a000622/cameras.json,20730
data_external/HuMMan/extracted/p000808_a001306/cameras.json,20738
data_external/HuMMan/extracted/p000810_a000042/cameras.json,20738
data_external/HuMMan/extracted/p000813_a000178/cameras.json,20737
data_external/HuMMan/extracted/p000814_a005386/cameras.json,20738
data_external/HuMMan/extracted/p000816_a000126/cameras.json,20738
data_external/HuMMan/extracted/p000817_a001415/cameras.json,20727
data_external/HuMMan/extracted/p000817_a001444/cameras.json,20733
data_external/HuMMan/extracted/p000817_a005311/cameras.json,20733
data_external/HuMMan/extracted/p000821_a000043/cameras.json,20737
data_external/HuMMan/extracted/p000821_a000219/cameras.json,20726
data_external/HuMMan/extracted/p000823_a000035/cameras.json,20736
data_external/HuMMan/extracted/p000826_a000017/cameras.json,20736
data_external/HuMMan/extracted/p000826_a000043/cameras.json,20733
data_external/HuMMan/extracted/p000826_a000219/cameras.json,20738
data_external/HuMMan/extracted/p000826_a000306/cameras.json,20723
data_external/HuMMan/extracted/p000827_a000017/cameras.json,20738
data_external/HuMMan/extracted/p000827_a000306/cameras.json,20734
data_external/HuMMan/extracted/p000827_a000914/cameras.json,20732
data_external/HuMMan/extracted/p000828_a000017/cameras.json,20736
data_external/HuMMan/extracted/p000828_a000219/cameras.json,20738
data_external/HuMMan/extracted/p000828_a001131/cameras.json,20737
data_external/HuMMan/extracted/p000829_a000017/cameras.json,20738
data_external/HuMMan/extracted/p000829_a000085/cameras.json,20738
data_external/HuMMan/extracted/p000829_a000219/cameras.json,20738
data_external/HuMMan/extracted/p000830_a000306/cameras.json,20734
data_external/HuMMan/extracted/p000831_a000306/cameras.json,20734
data_external/HuMMan/extracted/p000831_a005738/cameras.json,20738
data_external/HuMMan/extracted/p000832_a000082/cameras.json,20738
data_external/HuMMan/extracted/p000832_a000306/cameras.json,20735
data_external/HuMMan/extracted/p000832_a005738/cameras.json,20738
data_external/HuMMan/extracted/p000833_a000306/cameras.json,20737
data_external/HuMMan/extracted/p000834_a000042/cameras.json,20738
data_external/HuMMan/extracted/p000834_a000306/cameras.json,20733
data_external/HuMMan/extracted/p000835_a000017/cameras.json,20738
data_external/HuMMan/extracted/p000835_a000085/cameras.json,20738
data_external/HuMMan/extracted/p000835_a000219/cameras.json,20737
data_external/HuMMan/extracted/p000837_a000017/cameras.json,20738
data_external/HuMMan/extracted/p000837_a000126/cameras.json,20736
data_external/HuMMan/extracted/p000837_a000140/cameras.json,20732
data_external/HuMMan/extracted/p000838_a000017/cameras.json,20735
data_external/HuMMan/extracted/p000838_a000084/cameras.json,20736
data_external/HuMMan/extracted/p000838_a001422/cameras.json,20730
data_external/HuMMan/extracted/p000839_a000092/cameras.json,20738
data_external/HuMMan/extracted/p000839_a000306/cameras.json,20738
data_external/HuMMan/extracted/p000841_a000078/cameras.json,20732
data_external/HuMMan/extracted/p000841_a001135/cameras.json,20734
data_external/HuMMan/extracted/p000841_a001415/cameras.json,20738
data_external/HuMMan/extracted/p000841_a005137/cameras.json,20736
data_external/HuMMan/extracted/p000841_a005386/cameras.json,20728
data_external/HuMMan/extracted/p000841_a005401/cameras.json,20736
data_external/HuMMan/extracted/p000842_a000042/cameras.json,20731
data_external/HuMMan/extracted/p000843_a000141/cameras.json,20735
data_external/HuMMan/extracted/p000844_a005793/cameras.json,20697
data_external/HuMMan/extracted/p000845_a000177/cameras.json,20738
data_external/HuMMan/extracted/p000846_a000087/cameras.json,20738
data_external/HuMMan/extracted/p000847_a000017/cameras.json,20738
data_external/HuMMan/extracted/p000851_a000017/cameras.json,20728
data_external/HuMMan/extracted/p000852_a001415/cameras.json,20734
data_external/HuMMan/extracted/p000852_a005311/cameras.json,20735
data_external/HuMMan/extracted/p000853_a000043/cameras.json,20733
data_external/HuMMan/extracted/p000854_a000042/cameras.json,20736
data_external/HuMMan/extracted/p000857_a000042/cameras.json,20735
data_external/HuMMan/extracted/p000857_a000043/cameras.json,20738
data_external/HuMMan/extracted/p000858_a000178/cameras.json,20736
data_external/HuMMan/extracted/p000859_a000107/cameras.json,20735
data_external/HuMMan/extracted/p000861_a001444/cameras.json,20735
data_external/HuMMan/extracted/p000864_a001312/cameras.json,20729
data_external/HuMMan/extracted/p000872_a000042/cameras.json,20738
data_external/HuMMan/extracted/p000874_a000042/cameras.json,20722
data_external/HuMMan/extracted/p000875_a000042/cameras.json,20731
data_external/HuMMan/extracted/p000875_a000269/cameras.json,20737
data_external/HuMMan/extracted/p000877_a005738/cameras.json,20731
data_external/HuMMan/extracted/p000878_a005516/cameras.json,20732
data_external/HuMMan/extracted/p000879_a000035/cameras.json,20738
data_external/HuMMan/extracted/p000879_a005516/cameras.json,20732
data_external/HuMMan/extracted/p000880_a000035/cameras.json,20737
data_external/HuMMan/extracted/p000880_a000043/cameras.json,20737
data_external/HuMMan/extracted/p000880_a000079/cameras.json,20733
data_external/HuMMan/extracted/p000880_a000219/cameras.json,20734
data_external/HuMMan/extracted/p000881_a000035/cameras.json,20735
data_external/HuMMan/extracted/p000881_a000043/cameras.json,20734
data_external/HuMMan/extracted/p000891_a001199/cameras.json,20736
data_external/HuMMan/extracted/p000891_a005386/cameras.json,20736
data_external/HuMMan/extracted/p000893_a000084/cameras.json,20697
data_external/HuMMan/extracted/p000893_a001135/cameras.json,20699
data_external/HuMMan/extracted/p000893_a001415/cameras.json,20699
data_external/HuMMan/extracted/p000893_a001444/cameras.json,20694
data_external/HuMMan/extracted/p000894_a000042/cameras.json,20695
data_external/HuMMan/extracted/p000894_a001309/cameras.json,20689
data_external/HuMMan/extracted/p000901_a000223/cameras.json,20697
data_external/HuMMan/extracted/p000902_a000017/cameras.json,20698
data_external/HuMMan/extracted/p000904_a000176/cameras.json,20697
data_external/HuMMan/extracted/p000907_a000175/cameras.json,20693
data_external/HuMMan/extracted/p000907_a005730/cameras.json,20697
data_external/HuMMan/extracted/p000908_a000017/cameras.json,20697
data_external/HuMMan/extracted/p000912_a000019/cameras.json,20699
data_external/HuMMan/extracted/p000912_a001444/cameras.json,20697
data_external/HuMMan/extracted/p000912_a005401/cameras.json,20699
data_external/HuMMan/extracted/p000913_a000017/cameras.json,20697
data_external/HuMMan/extracted/p000914_a005591/cameras.json,20697
data_external/HuMMan/extracted/p000915_a000175/cameras.json,20699
data_external/HuMMan/extracted/p000915_a000188/cameras.json,20699
data_external/HuMMan/extracted/p000915_a001307/cameras.json,20693
data_external/HuMMan/extracted/p000917_a000017/cameras.json,20691
data_external/HuMMan/extracted/p000917_a000042/cameras.json,20697
data_external/HuMMan/extracted/p000917_a005738/cameras.json,20698
data_external/HuMMan/extracted/p000921_a005311/cameras.json,20699
data_external/HuMMan/extracted/p000921_a005671/cameras.json,20693
data_external/HuMMan/extracted/p000922_a005793/cameras.json,20697
data_external/HuMMan/extracted/p000923_a000042/cameras.json,20697
data_external/HuMMan/extracted/p000923_a000083/cameras.json,20694
data_external/HuMMan/extracted/p000923_a001391/cameras.json,20697
data_external/HuMMan/extracted/p000924_a000080/cameras.json,20699
data_external/HuMMan/extracted/p000924_a000081/cameras.json,20698
data_external/HuMMan/extracted/p000926_a005801/cameras.json,20698
data_external/HuMMan/extracted/p000931_a000017/cameras.json,20713
data_external/HuMMan/extracted/p000931_a000219/cameras.json,20715
data_external/HuMMan/extracted/p000931_a000681/cameras.json,20708
data_external/HuMMan/extracted/p000936_a000184/cameras.json,20711
data_external/HuMMan/extracted/p000938_a000017/cameras.json,20717
data_external/HuMMan/extracted/p000938_a000184/cameras.json,20717
data_external/HuMMan/extracted/p000939_a000017/cameras.json,20711
data_external/HuMMan/extracted/p000939_a001415/cameras.json,20716
data_external/HuMMan/extracted/p000939_a003005/cameras.json,20713
data_external/HuMMan/extracted/p000942_a005386/cameras.json,20715
data_external/HuMMan/extracted/p000945_a000080/cameras.json,20717
data_external/HuMMan/extracted/p000945_a000084/cameras.json,20714
data_external/HuMMan/extracted/p000945_a000130/cameras.json,20717
data_external/HuMMan/extracted/p000945_a000136/cameras.json,20717
data_external/HuMMan/extracted/p000945_a005571/cameras.json,20715
data_external/HuMMan/extracted/p000948_a001247/cameras.json,20717
data_external/HuMMan/extracted/p000952_a000132/cameras.json,20709
data_external/HuMMan/extracted/p000952_a003006/cameras.json,20709
data_external/HuMMan/extracted/p000955_a005738/cameras.json,20716
data_external/HuMMan/extracted/p000956_a000184/cameras.json,20715
data_external/HuMMan/extracted/p000956_a001415/cameras.json,20717
data_external/HuMMan/extracted/p000956_a001454/cameras.json,20715
data_external/HuMMan/extracted/p000956_a003005/cameras.json,20716
data_external/HuMMan/extracted/p000959_a000184/cameras.json,20713
data_external/HuMMan/extracted/p000959_a001247/cameras.json,20708
data_external/HuMMan/extracted/p000961_a000042/cameras.json,20714
data_external/HuMMan/extracted/p000963_a000184/cameras.json,20717
data_external/HuMMan/extracted/p000963_a000994/cameras.json,20717
data_external/HuMMan/extracted/p000963_a001247/cameras.json,20713
data_external/HuMMan/extracted/p000963_a001300/cameras.json,20717
data_external/HuMMan/extracted/p000963_a003005/cameras.json,20717
data_external/HuMMan/extracted/p000964_a000078/cameras.json,20715
data_external/HuMMan/extracted/p000966_a001444/cameras.json,20716
data_external/HuMMan/extracted/p000969_a000017/cameras.json,20712
data_external/HuMMan/extracted/p000970_a001300/cameras.json,20716
data_external/HuMMan/extracted/p000970_a003005/cameras.json,20717
data_external/HuMMan/extracted/p000970_a005126/cameras.json,20707
data_external/HuMMan/extracted/p000970_a005311/cameras.json,20715
data_external/HuMMan/extracted/p000970_a005386/cameras.json,20715
data_external/HuMMan/extracted/p000970_a005401/cameras.json,20703
data_external/HuMMan/extracted/p000971_a000136/cameras.json,20713
data_external/HuMMan/extracted/p000971_a000190/cameras.json,20717
data_external/HuMMan/extracted/p000972_a003005/cameras.json,20709
data_external/HuMMan/extracted/p000972_a005386/cameras.json,20716
data_external/HuMMan/extracted/p000972_a005401/cameras.json,20710
data_external/HuMMan/extracted/p000973_a000017/cameras.json,20707
data_external/HuMMan/extracted/p000973_a000173/cameras.json,20711
data_external/HuMMan/extracted/p000973_a001415/cameras.json,20705
data_external/HuMMan/extracted/p000977_a001444/cameras.json,20715
data_external/HuMMan/extracted/p000977_a003005/cameras.json,20713
data_external/HuMMan/extracted/p000977_a005386/cameras.json,20713
data_external/HuMMan/extracted/p000978_a000017/cameras.json,20712
data_external/HuMMan/extracted/p000978_a000184/cameras.json,20717
data_external/HuMMan/extracted/p000983_a000017/cameras.json,20717
data_external/HuMMan/extracted/p000984_a000188/cameras.json,20709
data_external/HuMMan/extracted/p000984_a005814/cameras.json,20715
data_external/HuMMan/extracted/p000985_a000095/cameras.json,20715
data_external/HuMMan/extracted/p000985_a000188/cameras.json,20717
data_external/HuMMan/extracted/p000988_a000184/cameras.json,20714
data_external/HuMMan/extracted/p000989_a001415/cameras.json,20713
data_external/HuMMan/extracted/p000989_a003007/cameras.json,20717
data_external/HuMMan/extracted/p000989_a005311/cameras.json,20717
data_external/HuMMan/extracted/p000989_a005401/cameras.json,20709
data_external/HuMMan/extracted/p000996_a005386/cameras.json,20717
data_external/HuMMan/extracted/p000996_a005401/cameras.json,20713
data_external/HuMMan/extracted/p000997_a000078/cameras.json,20709
data_external/HuMMan/extracted/p000997_a001199/cameras.json,20717
data_external/HuMMan/extracted/p000997_a001247/cameras.json,20710
data_external/HuMMan/extracted/p000997_a001300/cameras.json,20717
data_external/HuMMan/extracted/p000997_a001413/cameras.json,20715
data_external/HuMMan/extracted/p000997_a003005/cameras.json,20713
data_external/HuMMan/extracted/p000997_a005700/cameras.json,20708
data_external/HuMMan/extracted/p000998_a000017/cameras.json,20715
data_external/HuMMan/extracted/p001001_a001392/cameras.json,20716
data_external/HuMMan/extracted/p001002_a000269/cameras.json,20717
data_external/HuMMan/extracted/p001002_a001247/cameras.json,20714
data_external/HuMMan/extracted/p001002_a001251/cameras.json,20711
data_external/HuMMan/extracted/p001004_a005386/cameras.json,20710
data_external/HuMMan/extracted/p001004_a005401/cameras.json,20716
data_external/HuMMan/extracted/p001005_a000017/cameras.json,20715
data_external/HuMMan/extracted/p001005_a000184/cameras.json,20713
data_external/HuMMan/extracted/p001008_a000084/cameras.json,20705
data_external/HuMMan/extracted/p001008_a000184/cameras.json,20715
data_external/HuMMan/extracted/p001008_a001300/cameras.json,20717
data_external/HuMMan/extracted/p001008_a001415/cameras.json,20711
data_external/HuMMan/extracted/p001008_a001444/cameras.json,20714
data_external/HuMMan/extracted/p001008_a005311/cameras.json,20714
data_external/HuMMan/extracted/p001008_a005386/cameras.json,20713
data_external/HuMMan/extracted/p001008_a005401/cameras.json,20717
data_external/HuMMan/extracted/p001017_a001444/cameras.json,20757
data_external/HuMMan/extracted/p001018_a000184/cameras.json,20755
data_external/HuMMan/extracted/p001018_a001300/cameras.json,20757
data_external/HuMMan/extracted/p001024_a005386/cameras.json,20759
data_external/HuMMan/extracted/p001028_a005311/cameras.json,20756
data_external/HuMMan/extracted/p001030_a001247/cameras.json,20759
data_external/HuMMan/extracted/p001030_a001444/cameras.json,20759
data_external/HuMMan/extracted/p001030_a003005/cameras.json,20755
data_external/HuMMan/extracted/p001030_a005311/cameras.json,20749
data_external/HuMMan/extracted/p001031_a000082/cameras.json,20756
data_external/HuMMan/extracted/p001031_a000140/cameras.json,20751
data_external/HuMMan/extracted/p001031_a000141/cameras.json,20747
data_external/HuMMan/extracted/p001036_a000188/cameras.json,20753
data_external/HuMMan/extracted/p001037_a000025/cameras.json,20748
data_external/HuMMan/extracted/p001039_a003007/cameras.json,20756
data_external/HuMMan/extracted/p001040_a000269/cameras.json,20757
data_external/HuMMan/extracted/p001042_a000188/cameras.json,20757
data_external/HuMMan/extracted/p001048_a003004/cameras.json,20759
data_external/HuMMan/extracted/p001049_a000086/cameras.json,20759
data_external/HuMMan/extracted/p001049_a000162/cameras.json,20743
data_external/HuMMan/extracted/p001049_a001247/cameras.json,20759
data_external/HuMMan/extracted/p001049_a001300/cameras.json,20758
data_external/HuMMan/extracted/p001049_a001301/cameras.json,20759
data_external/HuMMan/extracted/p001049_a001441/cameras.json,20759
data_external/HuMMan/extracted/p001049_a001444/cameras.json,20743
data_external/HuMMan/extracted/p001052_a000096/cameras.json,20722
data_external/HuMMan/extracted/p001088_a000203/cameras.json,20749
data_external/HuMMan/extracted/p001091_a005809/cameras.json,20747
data_external/HuMMan/extracted/p001096_a000130/cameras.json,20744
data_external/HuMMan/extracted/p001109_a000223/cameras.json,20740
data_external/HuMMan/extracted/p001110_a000652/cameras.json,20742
data_external/HuMMan/extracted/p001110_a001425/cameras.json,20740
data_external/HuMMan/extracted/p001111_a000212/cameras.json,20739
data_external/HuMMan/extracted/p001113_a000285/cameras.json,20737
data_external/HuMMan/extracted/p001114_a000061/cameras.json,20744
data_external/HuMMan/extracted/p001115_a000061/cameras.json,20740
data_external/HuMMan/extracted/p001117_a000986/cameras.json,20741
data_external/HuMMan/extracted/p001119_a000061/cameras.json,20744
data_external/HuMMan/extracted/p001120_a000076/cameras.json,20744
data_external/HuMMan/extracted/p001120_a000968/cameras.json,20744
data_external/HuMMan/extracted/p001120_a001134/cameras.json,20739
data_external/HuMMan/extracted/p001121_a005008/cameras.json,20735
data_external/HuMMan/extracted/p001122_a000157/cameras.json,20741
data_external/HuMMan/extracted/p001122_a000160/cameras.json,20743
data_external/HuMMan/extracted/p001122_a001072/cameras.json,20744
data_external/HuMMan/extracted/p001122_a001398/cameras.json,20741
data_external/HuMMan/extracted/p001122_a005129/cameras.json,20736
data_external/HuMMan/extracted/p001123_a000152/cameras.json,20734
data_external/HuMMan/extracted/p001123_a000194/cameras.json,20744
data_external/HuMMan/extracted/p001123_a001072/cameras.json,20741
data_external/HuMMan/extracted/p001123_a001426/cameras.json,20744
data_external/HuMMan/extracted/p001123_a005073/cameras.json,20741
data_external/HuMMan/extracted/p001123_a005751/cameras.json,20744
data_external/HuMMan/extracted/p001124_a000150/cameras.json,20744
data_external/HuMMan/extracted/p001124_a000285/cameras.json,20744
data_external/HuMMan/extracted/p001124_a000379/cameras.json,20740
data_external/HuMMan/extracted/p001125_a000897/cameras.json,20744
data_external/HuMMan/extracted/p001125_a000986/cameras.json,20741
data_external/HuMMan/extracted/p001125_a001072/cameras.json,20742
data_external/HuMMan/extracted/p001125_a005129/cameras.json,20744
data_external/HuMMan/extracted/p001126_a000152/cameras.json,20744
data_external/HuMMan/extracted/p001129_a000145/cameras.json,20736
data_external/HuMMan/extracted/p001129_a001423/cameras.json,20744
data_external/HuMMan/extracted/p001132_a005135/cameras.json,20734
data_external/HuMMan/extracted/p001134_a000070/cameras.json,20736
data_external/HuMMan/extracted/p001135_a000205/cameras.json,20744
data_external/HuMMan/extracted/p001139_a001362/cameras.json,20738
data_external/HuMMan/extracted/p001142_a000978/cameras.json,20743
data_external/HuMMan/extracted/p001144_a003012/cameras.json,20742
data_external/HuMMan/extracted/p001146_a001072/cameras.json,20744
data_external/HuMMan/extracted/p001147_a000150/cameras.json,20744
data_external/HuMMan/extracted/p001148_a000205/cameras.json,20744
data_external/HuMMan/extracted/p001151_a000988/cameras.json,20741
data_external/HuMMan/extracted/p001156_a000026/cameras.json,20742
data_external/HuMMan/extracted/p001156_a000194/cameras.json,20744
data_external/HuMMan/extracted/p001157_a000053/cameras.json,20739
data_external/HuMMan/extracted/p001159_a001424/cameras.json,20733
data_external/HuMMan/extracted/p001161_a000326/cameras.json,20739
data_external/HuMMan/extracted/p001162_a000062/cameras.json,20742
data_external/HuMMan/extracted/p001162_a000793/cameras.json,20743
data_external/HuMMan/extracted/p001163_a000701/cameras.json,20744
data_external/HuMMan/extracted/p001163_a000793/cameras.json,20744
data_external/HuMMan/extracted/p001167_a000793/cameras.json,20742
data_external/HuMMan/extracted/p001168_a000062/cameras.json,20743
data_external/HuMMan/extracted/p001172_a001083/cameras.json,20742
data_external/HuMMan/extracted/p001176_a000978/cameras.json,20741
data_external/HuMMan/extracted/p001176_a001023/cameras.json,20743
data_external/HuMMan/extracted/p001178_a000064/cameras.json,20740
data_external/HuMMan/extracted/p001178_a001425/cameras.json,20732
data_external/HuMMan/extracted/p001182_a001362/cameras.json,20744
data_external/HuMMan/extracted/p001183_a000793/cameras.json,20744
data_external/HuMMan/extracted/p001187_a000053/cameras.json,20744
data_external/HuMMan/extracted/p001187_a001023/cameras.json,20740
data_external/HuMMan/extracted/p001188_a000061/cameras.json,20744
data_external/HuMMan/extracted/p001188_a005121/cameras.json,20738
data_external/HuMMan/extracted/p001188_a006003/cameras.json,20742
data_external/HuMMan/extracted/p001189_a001425/cameras.json,20740
data_external/HuMMan/extracted/p001190_a000064/cameras.json,20738
data_external/HuMMan/extracted/p001190_a005711/cameras.json,20744
data_external/HuMMan/extracted/p001191_a000793/cameras.json,20744
data_external/HuMMan/extracted/p001191_a000986/cameras.json,20741
data_external/HuMMan/extracted/p001192_a005828/cameras.json,20740
data_external/HuMMan/extracted/p001193_a000062/cameras.json,20742
data_external/HuMMan/extracted/p001193_a000150/cameras.json,20739
data_external/HuMMan/extracted/p001193_a000155/cameras.json,20744
data_external/HuMMan/extracted/p001193_a000221/cameras.json,20740
data_external/HuMMan/extracted/p001193_a000968/cameras.json,20741
data_external/HuMMan/extracted/p001193_a000986/cameras.json,20738
data_external/HuMMan/extracted/p001193_a001362/cameras.json,20744
data_external/HuMMan/extracted/p001193_a001426/cameras.json,20737
data_external/HuMMan/extracted/p001193_a005828/cameras.json,20739
data_external/HuMMan/extracted/p001194_a000062/cameras.json,20744
data_external/HuMMan/extracted/p001194_a000986/cameras.json,20744
data_external/HuMMan/extracted/p001195_a000053/cameras.json,20743
data_external/HuMMan/extracted/p001195_a000986/cameras.json,20738
data_external/HuMMan/extracted/p001196_a000388/cameras.json,20739
data_external/HuMMan/extracted/p001197_a000062/cameras.json,20742
data_external/HuMMan/extracted/p001197_a001238/cameras.json,20737
data_external/HuMMan/extracted/p001199_a001398/cameras.json,20742
data_external/HuMMan/extracted/p001201_a005135/cameras.json,20736
data_external/HuMMan/extracted/p001202_a001230/cameras.json,20734
data_external/HuMMan/extracted/p001202_a005135/cameras.json,20740
data_external/HuMMan/extracted/p001203_a000032/cameras.json,20739
data_external/HuMMan/extracted/p001204_a003011/cameras.json,20732
data_external/HuMMan/extracted/p001207_a000011/cameras.json,20744
data_external/HuMMan/extracted/p001210_a001226/cameras.json,20743
data_external/HuMMan/extracted/p001216_a001423/cameras.json,20743
data_external/HuMMan/extracted/p001221_a000182/cameras.json,20744
data_external/HuMMan/extracted/p001225_a005341/cameras.json,20744
data_external/HuMMan/extracted/p001226_a000223/cameras.json,20744
data_external/HuMMan/extracted/p001231_a000029/cameras.json,20744
data_external/HuMMan/extracted/p001231_a000075/cameras.json,20741
data_external/HuMMan/extracted/p001231_a000214/cameras.json,20744
data_external/HuMMan/extracted/p100064_a000014/cameras.json,20770
data_external/HuMMan/extracted/p100065_a000069/cameras.json,20765
data_external/HuMMan/extracted/p100065_a000182/cameras.json,20770
data_external/HuMMan/extracted/p100067_a005746/cameras.json,20766
data_external/HuMMan/extracted/p100069_a005191/cameras.json,20770
data_external/HuMMan/extracted/p100069_a005746/cameras.json,20766
data_external/HuMMan/extracted/p100072_a001242/cameras.json,20768
data_external/HuMMan/extracted/p100084_a000042/cameras.json,20713
data_external/HuMMan/extracted/p100084_a003004/cameras.json,20713
data_external/HuMMan/extracted/p100085_a000042/cameras.json,20716
data_external/HuMMan/extracted/p100086_a001415/cameras.json,20755
data_external/HuMMan/extracted/p100089_a005814/cameras.json,20759
data_external/HuMMan/extracted/p100090_a005401/cameras.json,20750
data_external/HuMMan/extracted/p100092_a001307/cameras.json,20759
data_external/totalsegmentator/raw/meta.csv,112544
deployment/modal_app.py,1344
experiments/phase10/C2_PointNet2_Regressor_cached.pt,1649
experiments/phase10/C3_DGCNN_Decoder_cached.pt,1613
experiments/phase10/D2_SingleScale_SA3_cached.pt,1625
experiments/phase10/D3_NoAtlasPrior_cached.pt,1607
experiments/phase10/D4_GlobalTokenOnly_cached.pt,20436427
experiments/phase10/D5_SelfAttnOnly_cached.pt,20299715
experiments/phase10/D6_SelfAndCrossAttn_cached.pt,24406258
experiments/phase10/D7_Layer2_cached.pt,13850876
experiments/phase10/D7_Layer6_cached.pt,26500428
experiments/phase10/E1_Points_1024_cached.pt,20178559
experiments/phase10/E1_Points_2048_cached.pt,20178687
experiments/phase10/E1_Points_8192_cached.pt,20178879
experiments/phase10/E2_XYZ_Plus_Normals_cached.pt,20180250
experiments/phase10/milestone2_domain_matrix_cached.pt,1661
experiments/phase10R/checkpoints/C0_Population_Atlas.pt,357237
experiments/phase10R/checkpoints/C1_Linear_Ridge.pt,347037
experiments/phase10R/checkpoints/C2_PointNet2_seed42.pt,9909177
experiments/phase10R/checkpoints/C2_PointNet2_seed43.pt,9907833
experiments/phase10R/checkpoints/C2_PointNet2_seed44.pt,9908345
experiments/phase10R/checkpoints/C3_DGCNN_seed42.pt,8384371
experiments/phase10R/checkpoints/C3_DGCNN_seed43.pt,8384947
experiments/phase10R/checkpoints/C3_DGCNN_seed44.pt,8384755
experiments/phase10R/checkpoints/C4_Proposed_seed42.pt,20012962
experiments/phase10R/checkpoints/C4_Proposed_seed43.pt,20013026
experiments/phase10R/checkpoints/C4_Proposed_seed44.pt,20013346
experiments/phase10R/checkpoints/C5_Internal_SSM_PCA.pt,346037
experiments/phase10R/checkpoints/D10_TokenShuffle_Diagnostic.pt,359269
experiments/phase10R/checkpoints/D2_SingleScale_SA3.pt,19998370
experiments/phase10R/checkpoints/D3_NoAtlasPrior.pt,19997957
experiments/phase10R/checkpoints/D4_GlobalTokenOnly.pt,20256519
experiments/phase10R/checkpoints/D5_SelfAttnOnly.pt,20121499
experiments/phase10R/checkpoints/D6_SelfAndCrossAttn.pt,24225329
experiments/phase10R/checkpoints/D7_Layer2.pt,13671755
experiments/phase10R/checkpoints/D7_Layer6.pt,26323915
experiments/phase10R/checkpoints/D9_QueryPermutation_Diagnostic.pt,358839
experiments/phase10R/checkpoints/Domain_TSonly_seed42.pt,19998496
experiments/phase10R/checkpoints/Domain_TSonly_seed43.pt,19998432
experiments/phase10R/checkpoints/Domain_TSonly_seed44.pt,19998176
experiments/phase10R/checkpoints/Domain_V2only_seed42.pt,19999456
experiments/phase10R/checkpoints/Domain_V2only_seed43.pt,19999968
experiments/phase10R/checkpoints/Domain_V2only_seed44.pt,19999328
experiments/phase10R/checkpoints/E1_Points_1024.pt,19998694
experiments/phase10R/checkpoints/E1_Points_2048.pt,19998118
experiments/phase10R/checkpoints/E1_Points_8192.pt,19997734
experiments/phase10R/checkpoints/E2_XYZ_Plus_Normals.pt,19999297
experiments/phase16_brain/checkpoints/BrainAware_seed42.pt,19646595
experiments/phase16_brain/checkpoints/BrainAware_seed43.pt,19646595
experiments/phase16_brain/checkpoints/BrainAware_seed44.pt,19646595
experiments/phase2/depth_correlations.json,288
experiments/phase2/pointnet_results.json,4954
experiments/phase2/simple_baselines_metrics.json,49692
experiments/phase3/phase3_results.json,1275
experiments/phase4/inner_splits.json,8983
experiments/phase4/metadata_confound_results.json,403
experiments/phase4/phase4_results.json,1766
experiments/phase5/coarse_predictions_r0.pt,4079489
experiments/phase5/gate_a_results.json,109
experiments/phase5/inner_dev_ablation_results.json,549
experiments/phase5/phase5_full_results.json,42955
experiments/phase5/r0_phase4_base_seed42.pt,24733259
experiments/phase5/step1_baseline_results.json,14364
experiments/phase6/a0_baseline_reproduction_results.json,25335
experiments/phase6/a0_phase4_base_seed42.pt,24695051
experiments/phase6/a0_phase4_base_seed43.pt,24695051
experiments/phase6/a0_phase4_base_seed44.pt,24695051
experiments/phase6/a1_a2_projection_results.json,1480913
experiments/phase6/a3_a4_training_results.json,1347269
experiments/phase6/a3_prior_only_seed42.pt,10149209
experiments/phase6/a3_prior_only_seed43.pt,10149209
experiments/phase6/a3_prior_only_seed44.pt,10149209
experiments/phase6/a4_hybrid_seed42.pt,28374161
experiments/phase6/a4_hybrid_seed43.pt,28374161
experiments/phase6/a4_hybrid_seed44.pt,28374161
experiments/phase6/anatomical_prior_basis.pt,127879
experiments/phase6/diagnostics_and_controls_results.json,612996
experiments/phase6/latent_search_and_oracle_results.json,243186
experiments/phase7/h1_model_seed42.pt,2408330
experiments/phase7/h1_model_seed43.pt,2408330
experiments/phase7/h1_model_seed44.pt,2408330
experiments/phase7/h2_model_seed42.pt,3240178
experiments/phase7/h2_model_seed43.pt,3240178
experiments/phase7/h2_model_seed44.pt,3240178
experiments/phase7/h3_model_seed42.pt,3309190
experiments/phase7/h3_model_seed43.pt,3309190
experiments/phase7/h3_model_seed44.pt,3309190
experiments/phase7/latent_diagnosis_results.json,607
experiments/phase7/oof_predictions_train.pt,761089
experiments/phase7/oof_residual_basis.pt,768175
experiments/phase7/oof_residual_oracle_results.json,4120617
experiments/phase7/phase4_base_features.pt,80377467
experiments/phase7/regional_basis_and_oracle_results.json,241933
experiments/phase7/regional_basis_and_oracle_results.pt,83575
experiments/phase7/regional_prior_training_results.json,2228164
experiments/phase7/scientific_controls_results.json,1434656
experiments/scaling_v3/S1000_seed42/best_model.pt,19649194
experiments/scaling_v3/S1000_seed42/learning_curve.csv,11129
experiments/scaling_v3/S1000_seed42/metrics.json,459
experiments/scaling_v3/S1000_seed42/target_metrics.csv,10289
experiments/scaling_v3/S350_seed42/best_model.pt,19647338
experiments/scaling_v3/S350_seed42/learning_curve.csv,11011
experiments/scaling_v3/S350_seed42/metrics.json,457
experiments/scaling_v3/S350_seed42/target_metrics.csv,10236
experiments/scaling_v3/S350_seed43/best_model.pt,19647338
experiments/scaling_v3/S350_seed43/learning_curve.csv,11022
experiments/scaling_v3/S350_seed43/metrics.json,456
experiments/scaling_v3/S350_seed43/target_metrics.csv,10234
experiments/scaling_v3/S350_seed44/best_model.pt,19647338
experiments/scaling_v3/S350_seed44/learning_curve.csv,11028
experiments/scaling_v3/S350_seed44/metrics.json,457
experiments/scaling_v3/S350_seed44/target_metrics.csv,10306
experiments/scaling_v3/S500_seed42/best_model.pt,19647786
experiments/scaling_v3/S500_seed42/learning_curve.csv,10992
experiments/scaling_v3/S500_seed42/metrics.json,455
experiments/scaling_v3/S500_seed42/target_metrics.csv,10296
experiments/scaling_v3/S750_seed42/best_model.pt,19648490
experiments/scaling_v3/S750_seed42/learning_curve.csv,11062
experiments/scaling_v3/S750_seed42/metrics.json,460
experiments/scaling_v3/S750_seed42/target_metrics.csv,10323
experiments/scaling_v3/SFULL_seed42/best_model.pt,19650154
experiments/scaling_v3/SFULL_seed42/learning_curve.csv,11163
experiments/scaling_v3/SFULL_seed42/metrics.json,460
experiments/scaling_v3/SFULL_seed42/target_metrics.csv,10365
experiments/scaling_v3/SFULL_seed43/best_model.pt,19650154
experiments/scaling_v3/SFULL_seed43/learning_curve.csv,11155
experiments/scaling_v3/SFULL_seed43/metrics.json,460
experiments/scaling_v3/SFULL_seed43/target_metrics.csv,10371
experiments/scaling_v3/SFULL_seed44/best_model.pt,19650154
experiments/scaling_v3/SFULL_seed44/learning_curve.csv,11138
experiments/scaling_v3/SFULL_seed44/metrics.json,458
experiments/scaling_v3/SFULL_seed44/target_metrics.csv,10376
experiments/sex_aware/checkpoints/S2A_SexAware_seed42.pt,18771971
experiments/sex_aware/checkpoints/S2A_SexAware_seed43.pt,18771971
experiments/sex_aware/checkpoints/S2A_SexAware_seed44.pt,18771971
experiments/sex_aware/checkpoints/S2A_SexClassifier.pt,4915512
hf_space/app.py,11963
hf_space/README.md,688
hf_space/requirements.txt,165
hf_space/checkpoints/BrainAware_seed42.pt,19646595
hf_space/checkpoints/BrainAware_seed43.pt,19646595
hf_space/checkpoints/BrainAware_seed44.pt,19646595
hf_space/checkpoints/C4_Proposed_seed42.pt,20012962
hf_space/checkpoints/C4_Proposed_seed43.pt,20013026
hf_space/checkpoints/C4_Proposed_seed44.pt,20013346
hf_space/inference/alignment.py,2778
hf_space/inference/model_loader.py,2961
hf_space/inference/pointcloud.py,4941
hf_space/inference/predict.py,6224
hf_space/inference/preprocessing.py,2817
hf_space/inference/uncertainty.py,839
hf_space/schemas/prediction.py,1873
hf_space/sharon/labels.py,11279
hf_space/sharon/model_gnn.py,11994
hf_space/sharon/model_target_query.py,9510
hf_space/sharon/__init__.py,0
hf_space/utils/target_catalog.py,8110
outputs/checkpoints/best_model.pth,295712073
outputs/checkpoints/checkpoint_epoch_010.pth,295724965
outputs/checkpoints/checkpoint_epoch_020.pth,295724965
outputs/checkpoints/checkpoint_epoch_030.pth,295724965
outputs/checkpoints/checkpoint_epoch_040.pth,295724965
outputs/checkpoints/checkpoint_epoch_050.pth,295724965
outputs/checkpoints/checkpoint_epoch_060.pth,295724965
outputs/checkpoints/checkpoint_epoch_070.pth,295724965
outputs/checkpoints/checkpoint_epoch_080.pth,295724965
outputs/checkpoints/checkpoint_epoch_090.pth,295724965
outputs/checkpoints/checkpoint_epoch_100.pth,295724965
outputs/checkpoints/checkpoint_epoch_110.pth,295724965
outputs/checkpoints/checkpoint_epoch_120.pth,295724965
outputs/checkpoints/checkpoint_epoch_130.pth,295724965
outputs/checkpoints/checkpoint_epoch_140.pth,295724965
outputs/checkpoints/checkpoint_epoch_150.pth,295727973
outputs/checkpoints/checkpoint_epoch_160.pth,295727973
outputs/checkpoints/latest_model.pth,295715253
outputs/logs/metrics.csv,11664
reports/dataset_v3_freeze/00_reporting_reconciliation.md,1986
reports/dataset_v3_freeze/01_final_target_support.csv,6393
reports/dataset_v3_freeze/02_axis_verification.md,1004
reports/dataset_v3_freeze/03_final_source_alignment_matrix.csv,585
reports/dataset_v3_freeze/DATASET_V3_SCIENTIFIC_FREEZE_FINAL.md,2254
reports/phase1/01_data_pipeline_map.md,6244
reports/phase1/02_target_definition_table.csv,30147
reports/phase1/03_target_index_audit.md,1266
reports/phase1/04_augmentation_audit.md,1579
reports/phase1/05_left_right_audit.csv,921161
reports/phase1/06_split_leakage_audit.md,1757
reports/phase1/patient_geometry.csv,62337
reports/phase1/PHASE_1_GEOMETRY_AUDIT_FINAL.md,22867
reports/phase1/roundtrip_test.csv,34444
reports/phase1/split_audit.csv,14891
reports/phase1/target_statistics.csv,16337
reports/phase1/target_statistics_train_split.csv,16359
reports/phase10/01_exact_model_definition.md,8142
reports/phase10/02_baseline_benchmark.md,1860
reports/phase10/03_architecture_ablations.md,1668
reports/phase10/04_input_ablation.md,867
reports/phase10/05_source_domain_analysis.md,937
reports/phase10/06_target_error_analysis.md,4366
reports/phase10/07_patient_error_analysis.md,1316
reports/phase10/08_attention_analysis.md,901
reports/phase10/09_literature_overlap_analysis.md,603
reports/phase10/10_camera_simulation.md,525
reports/phase10/11_external_landmarks.md,198
reports/phase10/12_uncertainty_analysis.md,375
reports/phase10/13_statistical_analysis.md,619
reports/phase10/14_computational_performance.md,411
reports/phase10/15_robustness.md,593
reports/phase10/literature_comparison_table.csv,532
reports/phase10/phase10_progress.json,607
reports/phase10/PHASE_10_PUBLICATION_ANALYSIS_FINAL.md,1300
reports/phase10/SAMe_overlap_targets.json,1617
reports/phase10R/00_reproducibility_manifest.json,3769
reports/phase10R/01_verified_literature_comparison.md,5004
reports/phase10R/01_verified_literature_comparison_v2.md,6512
reports/phase10R/02_fair_baseline_benchmark.md,1064
reports/phase10R/02_fair_baseline_benchmark_FINAL.md,1698
reports/phase10R/03_cross_domain_transfer_corrected.md,623
reports/phase10R/03_cross_domain_transfer_FINAL.md,978
reports/phase10R/04_architecture_ablations_corrected.md,1110
reports/phase10R/04_architecture_ablations_FINAL.md,1943
reports/phase10R/05_attention_forensics.md,2381
reports/phase10R/05_attention_forensics_FINAL.md,1764
reports/phase10R/06_camera_simulation_corrected.md,2312
reports/phase10R/06_camera_simulation_FINAL.md,2281
reports/phase10R/07_external_landmarks_FINAL.md,761
reports/phase10R/07_external_landmark_debug.md,2069
reports/phase10R/08_input_ablations_corrected.md,549
reports/phase10R/08_input_ablations_FINAL.md,776
reports/phase10R/09_publication_claim_ledger.md,5706
reports/phase10R/10R_COMPLETION_AUDIT.md,5274
reports/phase10R/architecture_ablations.csv,892
reports/phase10R/architecture_ablations_FINAL.csv,2317
reports/phase10R/attention_metrics.csv,17584
reports/phase10R/camera_results.csv,1674
reports/phase10R/canonical_results.json,1365928
reports/phase10R/canonical_results_FINAL.json,1365928
reports/phase10R/canonical_run_manifest.csv,6307
reports/phase10R/canonical_run_manifest_FINAL.csv,6307
reports/phase10R/claim_ledger_literature.csv,3116
reports/phase10R/domain_transfer_matrix.csv,177
reports/phase10R/domain_transfer_matrix_FINAL.csv,172
reports/phase10R/fair_neural_baselines.csv,2879
reports/phase10R/FINAL_LOCKED_TEST_RESULTS.md,1398
reports/phase10R/literature_verified.csv,5049
reports/phase10R/literature_verified_v2.csv,5167
reports/phase10R/PHASE10R_FINAL_PUBLICATION_AUDIT.md,2608
reports/phase10R/PRE_TEST_FREEZE.md,3518
reports/phase10R/PRE_TEST_FREEZE_FINAL.md,1547
reports/phase10R/TABLE_1_dataset_cohort_composition.md,976
reports/phase10R/TABLE_2_benchmark_comparisons.md,1174
reports/phase10R/TABLE_3_architecture_ablations.md,1278
reports/phase10R/TABLE_4_domain_transfer_matrix.md,763
reports/phase10R/TABLE_5_input_resolution_ablation.md,937
reports/phase10R/TABLE_6_anatomical_categories.md,945
reports/phase10R/TABLE_7_sensor_robustness.md,1241
reports/phase10R/TABLE_8_literature_comparison.md,1357
reports/phase11/00_PHASE11_EXTERNAL_FREEZE.json,3776
reports/phase11/PHASE11_AMOS_HUMMAN_FINAL.md,13676
reports/phase11/amos/02_AMOS_surface_pipeline.md,2164
reports/phase11/amos/03_AMOS_fov_analysis.md,2132
reports/phase11/amos/04_AMOS_demographics.md,1558
reports/phase11/amos/04_AMOS_target_mapping.md,2298
reports/phase11/amos/05_AMOS_zero_shot_results.json,4169
reports/phase11/amos/05_AMOS_zero_shot_results.md,1241
reports/phase11/amos/06_AMOS_CT_vs_MRI.md,2004
reports/phase11/amos/07_AMOS_target_analysis.md,1999
reports/phase11/amos/08_AMOS_camera_simulation.md,1711
reports/phase11/amos/AMOS_fov_audit.csv,25882
reports/phase11/amos/AMOS_mri_fov_audit.csv,6405
reports/phase11/common/V3_vs_AMOS_common_targets.md,2692
reports/phase11/downloads/HuMMan_download_manifest.json,1743
reports/phase11/downloads/HuMMan_optional_RGB_decision.md,718
reports/phase11/humman/02_HuMMan_real_depth_pipeline.md,1982
reports/phase11/humman/03_HuMMan_surface_vs_SMPL.md,369
reports/phase11/humman/04_HuMMan_canonicalization.md,1980
reports/phase11/humman/05_HuMMan_model_acceptance.md,659
reports/phase11/humman/06_HuMMan_temporal_stability.md,512
reports/phase11/humman/07_HuMMan_cross_view_consistency.md,500
reports/phase11/humman/09_HuMMan_latency.md,1763
reports/phase11/humman/HuMMan_subset_manifest.csv,117918
reports/phase11/mappings/AMOS_target_mapping.csv,1410
reports/phase11/mappings/AMOS_target_mapping.sha256,90
reports/phase11/preprocessing/AMOS_coordinate_roundtrip.md,823
reports/phase11/provenance/AMOS_vs_V3_overlap_audit.md,1652
reports/phase11/provenance/HuMMan_inventory.csv,1
reports/phase11/provenance/HuMMan_inventory.md,628
reports/phase11/qc/AMOS_SURFACE_QC.md,1290
reports/phase11/tables/Table01_Cohort_Characteristics.md,1448
reports/phase11/tables/Table02_Target_Mapping.csv,1410
reports/phase11/tables/Table02_Target_Mapping.md,4035
reports/phase11/tables/Table03_AMOS_Target_Breakdown.csv,1357
reports/phase11/tables/Table03_AMOS_Zero_Shot_Benchmark.md,392
reports/phase11/tables/Table04_Modality_Breakdown.md,459
reports/phase11/tables/Table05_V3_vs_AMOS_Common_Targets.md,2692
reports/phase11/tables/Table06_AMOS_Target_Breakdown.csv,1357
reports/phase11/tables/Table06_AMOS_Target_Breakdown.md,1178
reports/phase11/tables/Table07_FOV_Subgroups.md,424
reports/phase11/tables/Table08_Camera_Simulations.md,916
reports/phase11/tables/Table09_HuMMan_Depth_Surface_Quality.md,496
reports/phase11/tables/Table09_to_11_HuMMan_Sensor_Metrics.md,741
reports/phase11/tables/Table10_HuMMan_Temporal_Jitter.md,462
reports/phase11/tables/Table11_HuMMan_Cross_View_Consistency.md,441
reports/phase11/tables/Table12_Real_Sensor_Latency_Profile.md,1216
reports/phase11/tables/TABLE_12_real_sensor_latency.md,697
reports/phase11_flare/00_download_inventory.json,260
reports/phase11_flare/01_flare_label_map.csv,913
reports/phase11_flare/02_external_independence_audit.csv,7812
reports/phase11_flare/03_case_eligibility.csv,2901
reports/phase11_flare/04_center_comparison_v3_vs_flare.csv,575
reports/phase11_flare/04_FINAL_FORENSIC_RESULT.txt,971
reports/phase11_flare/04_frozen_overlap_targets.json,2144
reports/phase11_flare/04_v3_coordinate_traces_20cases.json,26969
reports/phase11_flare/05_geometry_qc.md,1068
reports/phase11_flare/06_external_zero_shot_results.md,1933
reports/phase11_flare/07_external_target_results.csv,1189
reports/phase11_flare/08_bootstrap_results.json,122
reports/phase11_flare/09_external_generalization_gap.md,484
reports/phase11_flare/FLARE_EXTERNAL_FINAL.json,1408
reports/phase11_flare/FLARE_FORENSIC_DIAGNOSIS.json,1971
reports/phase11_flare/FLARE_FORENSIC_DIAGNOSIS.md,4282
reports/phase11_flare/predictions_FLARE_external.csv,185904
reports/phase11_flare/target_residuals.csv,1657
reports/phase12/PHASE12_EXTERNAL_GENERALIZATION_FINAL.md,10810
reports/phase12/00_governance/PHASE12_STARTING_STATE.json,3180
reports/phase12/01_axis_bias/01_SIGNED_AXIS_BIAS.md,3561
reports/phase12/01_axis_bias/patient_signed_vectors.csv,38664
reports/phase12/01_axis_bias/signed_axis_errors.csv,831141
reports/phase12/01_axis_bias/target_signed_bias.csv,3427
reports/phase12/02_oracles/02_ORACLE_TRANSFORM_DIAGNOSIS.md,3144
reports/phase12/02_oracles/oracle_results.json,203508
reports/phase12/03_centering_audit/03_CENTERING_AUDIT.md,4634
reports/phase12/03_centering_audit/centering_correlations.csv,1296
reports/phase12/03_centering_audit/truncation_sensitivity_v3.csv,376
reports/phase12/04_external_frame/04_EXTERNAL_FRAME_METHOD.md,2147
reports/phase12/04_external_frame/FRAME_SELECTION_FREEZE.md,491
reports/phase12/04_external_frame/FRAME_STABILITY_BENCHMARK.csv,809
reports/phase12/05_v3_fov_training/05_V3_FOV_MATCH_DIAGNOSTIC.md,2294
reports/phase12/05_v3_fov_training/V3_FOV_CROP_BENCHMARK.csv,1277
reports/phase12/06_fov_augmentation/06_FOV_AWARE_MODEL.md,2686
reports/phase12/07_target_equivalence/07_TARGET_DEFINITION_AUDIT.md,6824
reports/phase12/07_target_equivalence/CENTROID_DEFINITION_SENSITIVITY.csv,301
reports/phase12/07_target_equivalence/TARGET_EQUIVALENCE.csv,3653
reports/phase12/08_optional_domain_adaptation/08_DOMAIN_ADAPTATION.md,1856
reports/phase12/tables/CAMERA_ROBUSTNESS_CORRECTED.csv,208
reports/phase12/tables/CRITICAL_RESULT_TABLE.csv,1196
reports/phase12/tables/patient_multi_system_results.csv,28914
reports/phase12b/00_V2_SANITY_FREEZE.json,1798
reports/phase12b/01_V2_SIGNED_AXIS_COMPARISON.md,3372
reports/phase12b/02_V2_AMOS_PREPROCESSING_TRACE.md,12515
reports/phase12b/03_V2_FOV_STRESS.md,2691
reports/phase12b/04_EXACT_TARGET_COMPARISON.csv,1466
reports/phase12b/04_EXACT_TARGET_SUMMARY.md,2208
reports/phase12b/PHASE12B_V2_SANITY_FINAL.md,12944
reports/phase12b/tables/V2_FOV_STRESS_RESULTS.csv,1548
reports/phase12b/tables/V2_PATIENT_MULTI_SYSTEM_RESULTS.csv,14424
reports/phase12b/tables/V2_SYSTEM_RESULTS.csv,1014
reports/phase12c/00_PHASE12C_FREEZE.json,2180
reports/phase12c/01_EXACT8_TARGET_FREEZE.json,1942
reports/phase12c/02_ZERO_INTERNAL_REFERENCE_AUDIT.md,2921
reports/phase12c/03_FOV_MODEL_TRAINING_PROVENANCE.md,1882
reports/phase12c/04_PUBLICATION_CLAIM_LEDGER.md,4309
reports/phase12c/PHASE12C_CROSS_COHORT_FINAL.md,10115
reports/phase12c/PHASE12C_SUMMARY.json,1543
reports/phase12c/tables/TABLE1_cross_cohort_system1.csv,679
reports/phase12c/tables/TABLE2_system0_vs_system1.csv,348
reports/phase12c/tables/TABLE3_target_wise_system1.csv,590
reports/phase12c/tables/TABLE4_signed_axis_system1.csv,211
reports/phase12c/tables/TABLE5_seed_variance_system1.csv,252
reports/phase13_word/00_download_sources.json,764
reports/phase14_ctorg/00_download_inventory.json,1531
reports/phase14_ctorg/01_verified_label_map.csv,787
reports/phase14_ctorg/02_frozen_target_mapping.json,1662
reports/phase14_ctorg/03_orientation_qc.csv,6145
reports/phase14_ctorg/04_duplicate_audit.csv,16279
reports/phase14_ctorg/05_case_eligibility_PREINFERENCE.csv,8074
reports/phase14_ctorg/06_geometry_qc.csv,16916
reports/phase14_ctorg/07_CTORG_external_results_FINAL.md,2908
reports/phase14_ctorg/08_CTORG_target_results_FINAL.csv,390
reports/phase14_ctorg/09_CTORG_bootstrap_FINAL.json,155
reports/phase14_ctorg/10_CTORG_baselines_FINAL.csv,151
reports/phase14_ctorg/11_CTORG_external_gap.md,283
reports/phase14_ctorg/12_CTORG_FLARE_comparison.md,225
reports/phase14_ctorg/CTORG_EXTERNAL_FINAL.json,2861
reports/phase14_ctorg/CTORG_predictions_FINAL.csv,79678
reports/phase14_ctorg/PRE_CTORG_FREEZE.md,4510
reports/phase14_ctorg_audit/01_transform_trace.md,23920
reports/phase15_ablation/matched_literature_benchmarks.csv,1414
reports/phase15_ablation/PHASE15_SURFACE_ABLATION_AND_SOTA_REPORT.md,12516
reports/phase15_ablation/sota_deep_learning_comparison.csv,2158
reports/phase15_ablation/surface_occlusion_per_target.csv,59928
reports/phase15_ablation/surface_occlusion_summary.csv,1379
reports/phase16_brain/brain_improvement_results.csv,445
reports/phase1r/00_reconstruction_provenance.md,879
reports/phase1r/01_old_input_degeneracy.md,1910
reports/phase1r/02_target_coordinate_validation.csv,5172363
reports/phase1r/duplicate_groups.csv,91017
reports/phase1r/PHASE_1R_DATASET_RECONSTRUCTION_FINAL.md,15413
reports/phase1r/target_provenance_v2.csv,7897
reports/phase1r/target_support_matrix.csv,9085
reports/phase2/00_phase2_provenance.md,1408
reports/phase2/01_evaluation_cohort_tiers.csv,11700
reports/phase2/02_target_wise_performance.csv,4832
reports/phase2/B0_global_mean_atlas.md,573
reports/phase2/PHASE_2_BASELINES_AND_IDENTIFIABILITY_FINAL.md,13450
reports/phase3/00_baseline_reproduction.md,1282
reports/phase3/PHASE_3_TARGET_QUERY_CROSS_ATTENTION_FINAL.md,9881
reports/phase4/01_target_wise_voting_progression.csv,8299
reports/phase4/PHASE_4_POINTWISE_VOTING_FINAL.md,20583
reports/phase5/PHASE_5_TARGET_SPECIFIC_SURFACE_REFINEMENT_FINAL.md,18687
reports/phase6/00_baseline_reproduction.md,1212
reports/phase6/02_posthoc_projections.md,487
reports/phase6/03_prior_models_evaluation.md,490
reports/phase6/04_diagnostics_and_controls.md,840
reports/phase6/PHASE_6_JOINT_ANATOMY_DEFORMATION_FINAL.md,18271
reports/phase7/00_stable_baseline_resolution.md,1402
reports/phase7/01_latent_pipeline_diagnosis.md,1474
reports/phase7/02_oof_residual_oracle.md,1398
reports/phase7/03_regional_covariance_and_basis.md,1512
reports/phase7/04_regional_priors_evaluation.md,1110
reports/phase7/04_scientific_controls.md,2114
reports/phase7/PHASE_7_REGIONAL_STRUCTURED_RESIDUAL_PRIOR_FINAL.md,13260
reports/phase8a/00_dataset_source_registry.md,9432
reports/phase8a/01_storage_preflight.md,2711
reports/phase8a/body_extent_outliers.csv,5051
reports/phase8a/cross_dataset_duplicates.csv,34
reports/phase8a/cross_dataset_near_duplicates.csv,121
reports/phase8a/dap_rib_physical_validation.csv,24196
reports/phase8a/labels_dap.csv,13608
reports/phase8a/labels_totalsegmentator.csv,11171
reports/phase8a/labels_v2.csv,10077
reports/phase8a/PHASE_8A_CORRECTION_ADDENDUM.md,12128
reports/phase8a/PHASE_8A_DATA_ACQUISITION_FINAL.md,5851
reports/phase8a/source_geometry_audit.csv,10144
reports/phase8b/PHASE_8B_DATASET_V3_FINAL.md,6388
reports/scaling_v3/00_model_configuration.md,1256
reports/scaling_v3/01_seed42_scaling_curve.csv,1271
reports/scaling_v3/PHASE_9B_DATA_SCALING_FINAL.md,3023
reports/v3_alignment/01_axis_semantics.md,3914
reports/v3_alignment/02_anchor_ablation.csv,960
reports/v3_alignment/03_cross_source_baseline_comparison.csv,585
reports/v3_alignment/04_target_shift_comparison.csv,12297
reports/v3_alignment/05_source_classifier_results.json,120
reports/v3_alignment/V3_CANONICAL_ALIGNMENT_REPORT.md,5157
reports/v3_pretraining_check/01_source_split_counts.csv,317
reports/v3_pretraining_check/02_cross_source_baseline_matrix.csv,189
reports/v3_pretraining_check/03_target_coordinate_shift.csv,10902
reports/v3_pretraining_check/04_surface_geometry_by_source.csv,697
reports/v3_pretraining_check/05_large_shift_target_audit.md,2725
reports/v3_pretraining_check/V3_PRETRAINING_SANITY_FINAL.md,8325
sharon/anatomical_prior.py,9223
sharon/audit_model.py,6760
sharon/config.py,4717
sharon/dataset.py,3541
sharon/dataset_preprocessing.py,16425
sharon/ensemble_tta_predictor.py,5218
sharon/evaluate_benchmark.py,9992
sharon/evaluate_evidential.py,11867
sharon/evaluate_gnn.py,12915
sharon/evaluate_same.py,11382
sharon/generate_all_117_audits_pdf.py,10551
sharon/generate_prediction_report_pdf.py,11512
sharon/inference.py,5471
sharon/infer_visualize.py,8834
sharon/labels.py,11279
sharon/locate_organ.py,8440
sharon/losses.py,10900
sharon/model.py,6044
sharon/models_baseline.py,7548
sharon/model_cascade.py,2921
sharon/model_evidential.py,6411
sharon/model_gnn.py,11994
sharon/model_prior_hybrid.py,11609
sharon/model_refiner.py,10571
sharon/model_regional_prior.py,7246
sharon/model_same.py,11430
sharon/model_target_query.py,9510
sharon/model_voting.py,12356
sharon/plot_metrics.py,5554
sharon/pointcloud_sampler.py,12361
sharon/predict_and_visualize.py,4807
sharon/regional_anatomy.py,5584
sharon/render_3d_patient_body.py,9653
sharon/requirements.txt,279
sharon/run_benchmark_pipeline.py,2403
sharon/splits.json,7160
sharon/support_selection.py,4742
sharon/test_evidential_pipeline.py,4530
sharon/test_hierarchical_pipeline.py,3839
sharon/test_pipeline.py,7878
sharon/test_same_pipeline.py,5060
sharon/train.py,14752
sharon/train_benchmarks.py,12723
sharon/train_cascade.py,8670
sharon/train_evidential.py,10209
sharon/train_gnn.py,7000
sharon/train_same.py,8913
sharon/train_stage2_fast.py,5291
sharon/train_stage2_refiner.py,6773
sharon/visualize_3d_orthogonal.py,5772
sharon/dataset/metadata.json,131090
sharon/dataset/pointclouds_450.pt,46034831
sharon/dataset/pointclouds_sample.pt,521497
sharon/dataset/case_000/segmentation.nii.gz,739554
sharon/dataset/case_001/segmentation.nii.gz,681591
sharon/dataset/case_002/segmentation.nii.gz,437707
sharon/dataset/case_003/segmentation.nii.gz,313527
sharon/dataset/case_004/segmentation.nii.gz,608199
sharon/dataset/case_005/segmentation.nii.gz,481909
sharon/dataset/case_006/segmentation.nii.gz,901990
sharon/dataset/case_007/segmentation.nii.gz,432509
sharon/dataset/case_008/segmentation.nii.gz,628921
sharon/dataset/case_009/segmentation.nii.gz,404932
sharon/dataset/case_010/segmentation.nii.gz,436817
sharon/dataset/case_011/segmentation.nii.gz,381263
sharon/dataset/case_012/segmentation.nii.gz,740691
sharon/dataset/case_013/segmentation.nii.gz,399887
sharon/dataset/case_014/segmentation.nii.gz,463480
sharon/dataset/case_015/segmentation.nii.gz,457454
sharon/dataset/case_016/segmentation.nii.gz,441409
sharon/dataset/case_017/segmentation.nii.gz,570082
sharon/dataset/case_018/segmentation.nii.gz,418777
sharon/dataset/case_019/segmentation.nii.gz,599179
sharon/dataset/case_020/segmentation.nii.gz,509317
sharon/dataset/case_021/segmentation.nii.gz,658874
sharon/dataset/case_022/segmentation.nii.gz,533930
sharon/dataset/case_023/segmentation.nii.gz,424923
sharon/dataset/case_024/segmentation.nii.gz,768470
sharon/dataset/case_025/segmentation.nii.gz,819792
sharon/dataset/case_026/segmentation.nii.gz,486322
sharon/dataset/case_027/segmentation.nii.gz,369946
sharon/dataset/case_028/segmentation.nii.gz,587681
sharon/dataset/case_029/segmentation.nii.gz,1208850
sharon/dataset/case_030/segmentation.nii.gz,892453
sharon/dataset/case_031/segmentation.nii.gz,1190990
sharon/dataset/case_032/segmentation.nii.gz,434692
sharon/dataset/case_033/segmentation.nii.gz,610176
sharon/dataset/case_034/segmentation.nii.gz,1497733
sharon/dataset/case_035/segmentation.nii.gz,662584
sharon/dataset/case_036/segmentation.nii.gz,715690
sharon/dataset/case_037/segmentation.nii.gz,1193006
sharon/dataset/case_038/segmentation.nii.gz,1343402
sharon/dataset/case_039/segmentation.nii.gz,1346887
sharon/dataset/case_040/segmentation.nii.gz,1114899
sharon/dataset/case_041/segmentation.nii.gz,744849
sharon/dataset/case_042/segmentation.nii.gz,1169605
sharon/dataset/case_043/segmentation.nii.gz,718160
sharon/dataset/case_044/segmentation.nii.gz,770055
sharon/dataset/case_045/segmentation.nii.gz,994655
sharon/dataset/case_046/segmentation.nii.gz,706820
sharon/dataset/case_047/segmentation.nii.gz,426149
sharon/dataset/case_048/segmentation.nii.gz,1011624
sharon/dataset/case_049/segmentation.nii.gz,564654
sharon/dataset/case_050/segmentation.nii.gz,623659
sharon/dataset/case_051/segmentation.nii.gz,419645
sharon/dataset/case_052/segmentation.nii.gz,617223
sharon/dataset/case_053/segmentation.nii.gz,752985
sharon/dataset/case_054/segmentation.nii.gz,768001
sharon/dataset/case_055/segmentation.nii.gz,723366
sharon/dataset/case_056/segmentation.nii.gz,1044617
sharon/dataset/case_057/segmentation.nii.gz,656917
sharon/dataset/case_058/segmentation.nii.gz,780534
sharon/dataset/case_059/segmentation.nii.gz,402564
sharon/dataset/case_060/segmentation.nii.gz,1006493
sharon/dataset/case_061/segmentation.nii.gz,1125676
sharon/dataset/case_062/segmentation.nii.gz,474155
sharon/dataset/case_063/segmentation.nii.gz,772363
sharon/dataset/case_064/segmentation.nii.gz,1319392
sharon/dataset/case_065/segmentation.nii.gz,812135
sharon/dataset/case_066/segmentation.nii.gz,644634
sharon/dataset/case_067/segmentation.nii.gz,757892
sharon/dataset/case_068/segmentation.nii.gz,463684
sharon/dataset/case_069/segmentation.nii.gz,356373
sharon/dataset/case_070/segmentation.nii.gz,311012
sharon/dataset/case_071/segmentation.nii.gz,818279
sharon/dataset/case_072/segmentation.nii.gz,704977
sharon/dataset/case_073/segmentation.nii.gz,920334
sharon/dataset/case_074/segmentation.nii.gz,691321
sharon/dataset/case_075/segmentation.nii.gz,624968
sharon/dataset/case_076/segmentation.nii.gz,385761
sharon/dataset/case_077/segmentation.nii.gz,538438
sharon/dataset/case_078/segmentation.nii.gz,458104
sharon/dataset/case_079/segmentation.nii.gz,452704
sharon/dataset/case_080/segmentation.nii.gz,826350
sharon/dataset/case_081/segmentation.nii.gz,1006467
sharon/dataset/case_082/segmentation.nii.gz,1052968
sharon/dataset/case_083/segmentation.nii.gz,1170731
sharon/dataset/case_084/segmentation.nii.gz,1008994
sharon/dataset/case_085/segmentation.nii.gz,682207
sharon/dataset/case_086/segmentation.nii.gz,1313009
sharon/dataset/case_087/segmentation.nii.gz,612743
sharon/dataset/case_088/segmentation.nii.gz,981128
sharon/dataset/case_089/segmentation.nii.gz,590335
sharon/dataset/case_090/segmentation.nii.gz,755874
sharon/dataset/case_091/segmentation.nii.gz,664137
sharon/dataset/case_092/segmentation.nii.gz,793710
sharon/dataset/case_093/segmentation.nii.gz,734600
sharon/dataset/case_094/segmentation.nii.gz,767102
sharon/dataset/case_095/segmentation.nii.gz,602868
sharon/dataset/case_096/segmentation.nii.gz,633694
sharon/dataset/case_097/segmentation.nii.gz,534825
sharon/dataset/case_098/segmentation.nii.gz,514542
sharon/dataset/case_099/segmentation.nii.gz,591427
sharon/dataset/case_100/segmentation.nii.gz,825584
sharon/dataset/case_101/segmentation.nii.gz,579335
sharon/dataset/case_102/segmentation.nii.gz,314962
sharon/dataset/case_103/segmentation.nii.gz,653239
sharon/dataset/case_104/segmentation.nii.gz,613934
sharon/dataset/case_105/segmentation.nii.gz,868062
sharon/dataset/case_106/segmentation.nii.gz,552100
sharon/dataset/case_107/segmentation.nii.gz,512800
sharon/dataset/case_108/segmentation.nii.gz,596261
sharon/dataset/case_109/segmentation.nii.gz,560005
sharon/dataset/case_110/segmentation.nii.gz,359941
sharon/dataset/case_111/segmentation.nii.gz,703452
sharon/dataset/case_112/segmentation.nii.gz,416272
sharon/dataset/case_113/segmentation.nii.gz,1115189
sharon/dataset/case_114/segmentation.nii.gz,529310
sharon/dataset/case_115/segmentation.nii.gz,1085078
sharon/dataset/case_116/segmentation.nii.gz,535267
sharon/dataset/case_117/segmentation.nii.gz,463198
sharon/dataset/case_118/segmentation.nii.gz,461854
sharon/dataset/case_119/segmentation.nii.gz,643047
sharon/dataset/case_120/segmentation.nii.gz,1099463
sharon/dataset/case_121/segmentation.nii.gz,383209
sharon/dataset/case_122/segmentation.nii.gz,686448
sharon/dataset/case_123/segmentation.nii.gz,408217
sharon/dataset/case_124/segmentation.nii.gz,306794
sharon/dataset/case_125/segmentation.nii.gz,653326
sharon/dataset/case_126/segmentation.nii.gz,642107
sharon/dataset/case_127/segmentation.nii.gz,497927
sharon/dataset/case_128/segmentation.nii.gz,735155
sharon/dataset/case_129/segmentation.nii.gz,396872
sharon/dataset/case_130/segmentation.nii.gz,1087322
sharon/dataset/case_131/segmentation.nii.gz,572948
sharon/dataset/case_132/segmentation.nii.gz,921543
sharon/dataset/case_133/segmentation.nii.gz,364671
sharon/dataset/case_134/segmentation.nii.gz,556240
sharon/dataset/case_135/segmentation.nii.gz,839546
sharon/dataset/case_136/segmentation.nii.gz,585029
sharon/dataset/case_137/segmentation.nii.gz,1143584
sharon/dataset/case_138/segmentation.nii.gz,1084599
sharon/dataset/case_139/segmentation.nii.gz,865467
sharon/dataset/case_140/segmentation.nii.gz,620322
sharon/dataset/case_141/segmentation.nii.gz,655324
sharon/dataset/case_142/segmentation.nii.gz,556520
sharon/dataset/case_143/segmentation.nii.gz,649544
sharon/dataset/case_144/segmentation.nii.gz,1075285
sharon/dataset/case_145/segmentation.nii.gz,544098
sharon/dataset/case_146/segmentation.nii.gz,628072
sharon/dataset/case_147/segmentation.nii.gz,843016
sharon/dataset/case_148/segmentation.nii.gz,425618
sharon/dataset/case_149/segmentation.nii.gz,716092
sharon/dataset/case_150/segmentation.nii.gz,769422
sharon/dataset/case_151/segmentation.nii.gz,565058
sharon/dataset/case_152/segmentation.nii.gz,580935
sharon/dataset/case_153/segmentation.nii.gz,602084
sharon/dataset/case_154/segmentation.nii.gz,863340
sharon/dataset/case_155/segmentation.nii.gz,743098
sharon/dataset/case_156/segmentation.nii.gz,607354
sharon/dataset/case_157/segmentation.nii.gz,637347
sharon/dataset/case_158/segmentation.nii.gz,729136
sharon/dataset/case_159/segmentation.nii.gz,530764
sharon/dataset/case_160/segmentation.nii.gz,785376
sharon/dataset/case_161/segmentation.nii.gz,919917
sharon/dataset/case_162/segmentation.nii.gz,576772
sharon/dataset/case_163/segmentation.nii.gz,1578328
sharon/dataset/case_164/segmentation.nii.gz,473046
sharon/dataset/case_165/segmentation.nii.gz,1346826
sharon/dataset/case_166/segmentation.nii.gz,1880931
sharon/dataset/case_167/segmentation.nii.gz,1027638
sharon/dataset/case_168/segmentation.nii.gz,1702531
sharon/dataset/case_169/segmentation.nii.gz,1823850
sharon/dataset/case_170/segmentation.nii.gz,1779150
sharon/dataset/case_171/segmentation.nii.gz,1210007
sharon/dataset/case_172/segmentation.nii.gz,2432457
sharon/dataset/case_173/segmentation.nii.gz,915440
sharon/dataset/case_174/segmentation.nii.gz,1710963
sharon/dataset/case_175/segmentation.nii.gz,1881260
sharon/dataset/case_176/segmentation.nii.gz,1877636
sharon/dataset/case_177/segmentation.nii.gz,997358
sharon/dataset/case_178/segmentation.nii.gz,602915
sharon/dataset/case_179/segmentation.nii.gz,1082952
sharon/dataset/case_180/segmentation.nii.gz,444198
sharon/dataset/case_181/segmentation.nii.gz,1393835
sharon/dataset/case_182/segmentation.nii.gz,499966
sharon/dataset/case_183/segmentation.nii.gz,1127366
sharon/dataset/case_184/segmentation.nii.gz,2917767
sharon/dataset/case_185/segmentation.nii.gz,2607169
sharon/dataset/case_186/segmentation.nii.gz,1575218
sharon/dataset/case_187/segmentation.nii.gz,1380970
sharon/dataset/case_188/segmentation.nii.gz,745805
sharon/dataset/case_189/segmentation.nii.gz,1497224
sharon/dataset/case_190/segmentation.nii.gz,482818
sharon/dataset/case_191/segmentation.nii.gz,1490411
sharon/dataset/case_192/segmentation.nii.gz,407852
sharon/dataset/case_193/segmentation.nii.gz,1591270
sharon/dataset/case_194/segmentation.nii.gz,1739310
sharon/dataset/case_195/segmentation.nii.gz,1285850
sharon/dataset/case_196/segmentation.nii.gz,1729801
sharon/dataset/case_197/segmentation.nii.gz,478112
sharon/dataset/case_198/segmentation.nii.gz,729167
sharon/dataset/case_199/segmentation.nii.gz,680681
sharon/dataset/case_200/segmentation.nii.gz,398762
sharon/dataset/case_201/segmentation.nii.gz,1747790
sharon/dataset/case_202/segmentation.nii.gz,2069400
sharon/dataset/case_203/segmentation.nii.gz,1029212
sharon/dataset/case_204/segmentation.nii.gz,735305
sharon/dataset/case_205/segmentation.nii.gz,1360784
sharon/dataset/case_206/segmentation.nii.gz,412561
sharon/dataset/case_207/segmentation.nii.gz,1718273
sharon/dataset/case_208/segmentation.nii.gz,1150039
sharon/dataset/case_209/segmentation.nii.gz,1122943
sharon/dataset/case_210/segmentation.nii.gz,549007
sharon/dataset/case_211/segmentation.nii.gz,1059198
sharon/dataset/case_212/segmentation.nii.gz,1198715
sharon/dataset/case_213/segmentation.nii.gz,1174678
sharon/dataset/case_214/segmentation.nii.gz,1965005
sharon/dataset/case_215/segmentation.nii.gz,1675953
sharon/dataset/case_216/segmentation.nii.gz,1778200
sharon/dataset/case_217/segmentation.nii.gz,1070224
sharon/dataset/case_218/segmentation.nii.gz,1634851
sharon/dataset/case_219/segmentation.nii.gz,2584725
sharon/dataset/case_220/segmentation.nii.gz,1793177
sharon/dataset/case_221/segmentation.nii.gz,1451181
sharon/dataset/case_222/segmentation.nii.gz,694191
sharon/dataset/case_223/segmentation.nii.gz,688762
sharon/dataset/case_224/segmentation.nii.gz,1121800
sharon/dataset/case_225/segmentation.nii.gz,1554701
sharon/dataset/case_226/segmentation.nii.gz,1254517
sharon/dataset/case_227/segmentation.nii.gz,931639
sharon/dataset/case_228/segmentation.nii.gz,1793772
sharon/dataset/case_229/segmentation.nii.gz,558299
sharon/dataset/case_230/segmentation.nii.gz,1179577
sharon/dataset/case_231/segmentation.nii.gz,2527758
sharon/dataset/case_232/segmentation.nii.gz,1384351
sharon/dataset/case_233/segmentation.nii.gz,686550
sharon/dataset/case_234/segmentation.nii.gz,2702200
sharon/dataset/case_235/segmentation.nii.gz,705358
sharon/dataset/case_236/segmentation.nii.gz,792717
sharon/dataset/case_237/segmentation.nii.gz,1391420
sharon/dataset/case_238/segmentation.nii.gz,492806
sharon/dataset/case_239/segmentation.nii.gz,2265076
sharon/dataset/case_240/segmentation.nii.gz,1824624
sharon/dataset/case_241/segmentation.nii.gz,1165153
sharon/dataset/case_242/segmentation.nii.gz,2080288
sharon/dataset/case_243/segmentation.nii.gz,1978461
sharon/dataset/case_244/segmentation.nii.gz,1461303
sharon/dataset/case_245/segmentation.nii.gz,1242011
sharon/dataset/case_246/segmentation.nii.gz,652531
sharon/dataset/case_247/segmentation.nii.gz,610345
sharon/dataset/case_248/segmentation.nii.gz,2349866
sharon/dataset/case_249/segmentation.nii.gz,785624
sharon/dataset/case_250/segmentation.nii.gz,1225307
sharon/dataset/case_251/segmentation.nii.gz,1240755
sharon/dataset/case_252/segmentation.nii.gz,1169913
sharon/dataset/case_253/segmentation.nii.gz,2256528
sharon/dataset/case_254/segmentation.nii.gz,1286182
sharon/dataset/case_255/segmentation.nii.gz,717448
sharon/dataset/case_256/segmentation.nii.gz,546139
sharon/dataset/case_257/segmentation.nii.gz,975316
sharon/dataset/case_258/segmentation.nii.gz,493125
sharon/dataset/case_259/segmentation.nii.gz,583346
sharon/dataset/case_260/segmentation.nii.gz,1698296
sharon/dataset/case_261/segmentation.nii.gz,1761813
sharon/dataset/case_262/segmentation.nii.gz,609155
sharon/dataset/case_263/segmentation.nii.gz,1276331
sharon/dataset/case_264/segmentation.nii.gz,1905341
sharon/dataset/case_265/segmentation.nii.gz,1382626
sharon/dataset/case_266/segmentation.nii.gz,1931503
sharon/dataset/case_267/segmentation.nii.gz,1930617
sharon/dataset/case_268/segmentation.nii.gz,2745824
sharon/dataset/case_269/segmentation.nii.gz,1545194
sharon/dataset/case_270/segmentation.nii.gz,2763462
sharon/dataset/case_271/segmentation.nii.gz,783954
sharon/dataset/case_272/segmentation.nii.gz,840067
sharon/dataset/case_273/segmentation.nii.gz,735210
sharon/dataset/case_274/segmentation.nii.gz,645854
sharon/dataset/case_275/segmentation.nii.gz,559754
sharon/dataset/case_276/segmentation.nii.gz,738858
sharon/dataset/case_277/segmentation.nii.gz,1170455
sharon/dataset/case_278/segmentation.nii.gz,966008
sharon/dataset/case_279/segmentation.nii.gz,937713
sharon/dataset/case_280/segmentation.nii.gz,620634
sharon/dataset/case_281/segmentation.nii.gz,747546
sharon/dataset/case_282/segmentation.nii.gz,822017
sharon/dataset/case_283/segmentation.nii.gz,700922
sharon/dataset/case_284/segmentation.nii.gz,593019
sharon/dataset/case_285/segmentation.nii.gz,769272
sharon/dataset/case_286/segmentation.nii.gz,705338
sharon/dataset/case_287/segmentation.nii.gz,1191409
sharon/dataset/case_288/segmentation.nii.gz,624832
sharon/dataset/case_289/segmentation.nii.gz,803711
sharon/dataset/case_290/segmentation.nii.gz,733362
sharon/dataset/case_291/segmentation.nii.gz,902742
sharon/dataset/case_292/segmentation.nii.gz,1125486
sharon/dataset/case_293/segmentation.nii.gz,378728
sharon/dataset/case_294/segmentation.nii.gz,1090008
sharon/dataset/case_295/segmentation.nii.gz,979901
sharon/dataset/case_296/segmentation.nii.gz,619754
sharon/dataset/case_297/segmentation.nii.gz,1110202
sharon/dataset/case_298/segmentation.nii.gz,705134
sharon/dataset/case_299/segmentation.nii.gz,685699
sharon/dataset/case_300/segmentation.nii.gz,666058
sharon/dataset/case_301/segmentation.nii.gz,1172400
sharon/dataset/case_302/segmentation.nii.gz,819994
sharon/dataset/case_303/segmentation.nii.gz,779261
sharon/dataset/case_304/segmentation.nii.gz,643425
sharon/dataset/case_305/segmentation.nii.gz,1071121
sharon/dataset/case_306/segmentation.nii.gz,620009
sharon/dataset/case_307/segmentation.nii.gz,1062048
sharon/dataset/case_308/segmentation.nii.gz,858933
sharon/dataset/case_309/segmentation.nii.gz,900179
sharon/dataset/case_310/segmentation.nii.gz,1238444
sharon/dataset/case_311/segmentation.nii.gz,1121995
sharon/dataset/case_312/segmentation.nii.gz,1843215
sharon/dataset/case_313/segmentation.nii.gz,1759719
sharon/dataset/case_314/segmentation.nii.gz,1456945
sharon/dataset/case_315/segmentation.nii.gz,622649
sharon/dataset/case_316/segmentation.nii.gz,1395811
sharon/dataset/case_317/segmentation.nii.gz,1284280
sharon/dataset/case_318/segmentation.nii.gz,1388905
sharon/dataset/case_319/segmentation.nii.gz,1243267
sharon/dataset/case_320/segmentation.nii.gz,1907448
sharon/dataset/case_321/segmentation.nii.gz,1852316
sharon/dataset/case_322/segmentation.nii.gz,514186
sharon/dataset/case_323/segmentation.nii.gz,1171360
sharon/dataset/case_324/segmentation.nii.gz,1910409
sharon/dataset/case_325/segmentation.nii.gz,1925078
sharon/dataset/case_326/segmentation.nii.gz,1290163
sharon/dataset/case_327/segmentation.nii.gz,700640
sharon/dataset/case_328/segmentation.nii.gz,1608894
sharon/dataset/case_329/segmentation.nii.gz,1115316
sharon/dataset/case_330/segmentation.nii.gz,1277892
sharon/dataset/case_331/segmentation.nii.gz,1271641
sharon/dataset/case_332/segmentation.nii.gz,1581998
sharon/dataset/case_333/segmentation.nii.gz,706970
sharon/dataset/case_334/segmentation.nii.gz,1302627
sharon/dataset/case_335/segmentation.nii.gz,469680
sharon/dataset/case_336/segmentation.nii.gz,469339
sharon/dataset/case_337/segmentation.nii.gz,1345738
sharon/dataset/case_338/segmentation.nii.gz,1369341
sharon/dataset/case_339/segmentation.nii.gz,1845206
sharon/dataset/case_340/segmentation.nii.gz,1729664
sharon/dataset/case_341/segmentation.nii.gz,609173
sharon/dataset/case_342/segmentation.nii.gz,874056
sharon/dataset/case_343/segmentation.nii.gz,1065522
sharon/dataset/case_344/segmentation.nii.gz,1181525
sharon/dataset/case_345/segmentation.nii.gz,1315507
sharon/dataset/case_346/segmentation.nii.gz,1687561
sharon/dataset/case_347/segmentation.nii.gz,1621364
sharon/dataset/case_348/segmentation.nii.gz,1615048
sharon/dataset/case_349/segmentation.nii.gz,2100373
sharon/dataset/case_350/segmentation.nii.gz,1141620
sharon/dataset/case_351/segmentation.nii.gz,1741922
sharon/dataset/case_352/segmentation.nii.gz,747199
sharon/dataset/case_353/segmentation.nii.gz,327117
sharon/dataset/case_354/segmentation.nii.gz,1212991
sharon/dataset/case_355/segmentation.nii.gz,1080857
sharon/dataset/case_356/segmentation.nii.gz,1857922
sharon/dataset/case_357/segmentation.nii.gz,1070359
sharon/dataset/case_358/segmentation.nii.gz,1650678
sharon/dataset/case_359/segmentation.nii.gz,1127899
sharon/dataset/case_360/segmentation.nii.gz,1142019
sharon/dataset/case_361/segmentation.nii.gz,2424539
sharon/dataset/case_362/segmentation.nii.gz,1632974
sharon/dataset/case_363/segmentation.nii.gz,1697476
sharon/dataset/case_364/segmentation.nii.gz,1969463
sharon/dataset/case_365/segmentation.nii.gz,1713285
sharon/dataset/case_366/segmentation.nii.gz,1165876
sharon/dataset/case_367/segmentation.nii.gz,458841
sharon/dataset/case_368/segmentation.nii.gz,736871
sharon/dataset/case_369/segmentation.nii.gz,1396924
sharon/dataset/case_370/segmentation.nii.gz,2481344
sharon/dataset/case_371/segmentation.nii.gz,716250
sharon/dataset/case_372/segmentation.nii.gz,1806359
sharon/dataset/case_373/segmentation.nii.gz,1256846
sharon/dataset/case_374/segmentation.nii.gz,2134124
sharon/dataset/case_375/segmentation.nii.gz,808294
sharon/dataset/case_376/segmentation.nii.gz,1750021
sharon/dataset/case_377/segmentation.nii.gz,1702895
sharon/dataset/case_378/segmentation.nii.gz,1325911
sharon/dataset/case_379/segmentation.nii.gz,1437938
sharon/dataset/case_380/segmentation.nii.gz,1390948
sharon/dataset/case_381/segmentation.nii.gz,2267793
sharon/dataset/case_382/segmentation.nii.gz,2192866
sharon/dataset/case_383/segmentation.nii.gz,1891259
sharon/dataset/case_384/segmentation.nii.gz,1654875
sharon/dataset/case_385/segmentation.nii.gz,479005
sharon/dataset/case_386/segmentation.nii.gz,1656759
sharon/dataset/case_387/segmentation.nii.gz,1308155
sharon/dataset/case_388/segmentation.nii.gz,2432093
sharon/dataset/case_389/segmentation.nii.gz,621272
sharon/dataset/case_390/segmentation.nii.gz,505281
sharon/dataset/case_391/segmentation.nii.gz,1980841
sharon/dataset/case_392/segmentation.nii.gz,1288154
sharon/dataset/case_393/segmentation.nii.gz,1400456
sharon/dataset/case_394/segmentation.nii.gz,1251786
sharon/dataset/case_395/segmentation.nii.gz,1158801
sharon/dataset/case_396/segmentation.nii.gz,526297
sharon/dataset/case_397/segmentation.nii.gz,1719591
sharon/dataset/case_398/segmentation.nii.gz,1405949
sharon/dataset/case_399/segmentation.nii.gz,1876432
sharon/dataset/case_400/segmentation.nii.gz,557348
sharon/dataset/case_401/segmentation.nii.gz,2814767
sharon/dataset/case_402/segmentation.nii.gz,1658140
sharon/dataset/case_403/segmentation.nii.gz,739947
sharon/dataset/case_404/segmentation.nii.gz,1780414
sharon/dataset/case_405/segmentation.nii.gz,2153625
sharon/dataset/case_406/segmentation.nii.gz,2375406
sharon/dataset/case_407/segmentation.nii.gz,1018565
sharon/dataset/case_408/segmentation.nii.gz,1238913
sharon/dataset/case_409/segmentation.nii.gz,1023143
sharon/dataset/case_410/segmentation.nii.gz,2002436
sharon/dataset/case_411/segmentation.nii.gz,3115186
sharon/dataset/case_412/segmentation.nii.gz,897140
sharon/dataset/case_413/segmentation.nii.gz,3115186
sharon/dataset/case_414/segmentation.nii.gz,3327549
sharon/dataset/case_415/segmentation.nii.gz,3674092
sharon/dataset/case_416/segmentation.nii.gz,3485312
sharon/dataset/case_417/segmentation.nii.gz,3053596
sharon/dataset/case_418/segmentation.nii.gz,815187
sharon/dataset/case_419/segmentation.nii.gz,565417
sharon/dataset/case_420/segmentation.nii.gz,596004
sharon/dataset/case_421/segmentation.nii.gz,1758061
sharon/dataset/case_422/segmentation.nii.gz,654771
sharon/dataset/case_424/segmentation.nii.gz,2311288
sharon/dataset/case_425/segmentation.nii.gz,760712
sharon/dataset/case_426/segmentation.nii.gz,1481285
sharon/dataset/case_427/segmentation.nii.gz,753838
sharon/dataset/case_428/segmentation.nii.gz,1399358
sharon/dataset/case_429/segmentation.nii.gz,1117011
sharon/dataset/case_430/segmentation.nii.gz,1664881
sharon/dataset/case_431/segmentation.nii.gz,1612251
sharon/dataset/case_432/segmentation.nii.gz,2171606
sharon/dataset/case_433/segmentation.nii.gz,454815
sharon/dataset/case_434/segmentation.nii.gz,951849
sharon/dataset/case_435/segmentation.nii.gz,441752
sharon/dataset/case_438/segmentation.nii.gz,984394
sharon/dataset/case_439/segmentation.nii.gz,2999235
sharon/dataset/case_441/segmentation.nii.gz,819407
sharon/dataset/case_443/segmentation.nii.gz,1714988
sharon/dataset/case_444/segmentation.nii.gz,3071168
sharon/dataset/case_449/segmentation.nii.gz,758913
sharon/dataset/case_450/segmentation.nii.gz,1795878
sharon/dataset/case_451/segmentation.nii.gz,1088118
sharon/dataset/case_452/segmentation.nii.gz,1056174
sharon/dataset/case_454/segmentation.nii.gz,941851
sharon/dataset/case_457/segmentation.nii.gz,1525397
sharon/dataset/case_458/segmentation.nii.gz,821273
sharon/dataset/case_459/segmentation.nii.gz,743955
sharon/dataset/case_461/segmentation.nii.gz,637796
sharon/dataset/case_463/segmentation.nii.gz,865086
sharon/dataset_v2/manifest_v2.csv,82465
sharon/dataset_v2/manifest_v2.json,263060
sharon/dataset_v2/pointclouds_v2.pt,88881597
sharon/dataset_v2/splits_v2.json,11130
sharon/dataset_v3/benchmark_primary_targets_v3.json,29991
sharon/dataset_v3/DATASET_V3_FROZEN.json,1314
sharon/dataset_v3/DATASET_V3_VERSION.json,823
sharon/dataset_v3/manifest_preprocessing_v3.csv,943161
sharon/dataset_v3/manifest_v3.csv,190830
sharon/dataset_v3/pointclouds_v3.pt,496959221
sharon/dataset_v3/pointclouds_v3_prealignment_backup.pt,496959093
sharon/dataset_v3/scaling_subsets_v3.json,274302
sharon/dataset_v3/splits_v3_crossdomain.json,56137
sharon/dataset_v3/splits_v3_iid.json,114008
sharon/dataset_v3/surface_pipeline.py,7682
sharon/dataset_v3/target_ontology_v3.csv,18139
sharon/dataset_v3/adapters/base.py,1967
sharon/dataset_v3/adapters/dap_adapter.py,4666
sharon/dataset_v3/adapters/totalsegmentator_adapter.py,4935
sharon/dataset_v3/adapters/v2_adapter.py,3998
sharon/dataset_v3/adapters/__init__.py,317
sharon/dataset_v3/provenance/raw_file_manifest.csv,675
sharon/dataset_v3/validation_v2_only/DATASET_V3_VERSION_VALIDATION_V2_ONLY.json,547
sharon/dataset_v3/validation_v2_only/manifest_v3_validation_v2_only.csv,30020
sharon/dataset_v3/validation_v2_only/pointclouds_v3_validation_v2_only.pt,131091317
sharon/dataset_v3/validation_v2_only/splits_v3_crossdomain_validation_v2_only.json,13717
sharon/dataset_v3/validation_v2_only/splits_v3_iid_validation_v2_only.json,13818
sharon/outputs/anatomical_priors.json,573353
sharon/outputs/BENCHMARK_REPORT.md,4771
sharon/outputs/EVIDENTIAL_BENCHMARK_REPORT.md,3405
sharon/outputs/EVIDENTIAL_BENCHMARK_RESULTS.json,15556
sharon/outputs/GNN_BENCHMARK_REPORT.md,3068
sharon/outputs/GNN_BENCHMARK_RESULTS.json,17471
sharon/outputs/HOLDOUT_TEST_REPORT.md,2558
sharon/outputs/HOLDOUT_TEST_RESULTS.json,15196
sharon/outputs/OOD_ROBUSTNESS_REPORT.md,1695
sharon/outputs/OOD_ROBUSTNESS_RESULTS.json,1449
sharon/outputs/PHASE1_REPORT.md,4771
sharon/outputs/SAME_BENCHMARK_REPORT.md,3195
sharon/outputs/SAME_BENCHMARK_RESULTS.json,10729
sharon/outputs/splits_pointcloud.json,11363
sharon/outputs/checkpoints/best_model.pth,258782831
sharon/outputs/checkpoints/checkpoint_epoch_010.pth,295724965
sharon/outputs/checkpoints/checkpoint_epoch_020.pth,295724965
sharon/outputs/checkpoints/checkpoint_epoch_030.pth,295724965
sharon/outputs/checkpoints/checkpoint_epoch_040.pth,295724965
sharon/outputs/checkpoints/checkpoint_epoch_050.pth,295724965
sharon/outputs/checkpoints/checkpoint_epoch_060.pth,295724965
sharon/outputs/checkpoints/checkpoint_epoch_070.pth,295724965
sharon/outputs/checkpoints/checkpoint_epoch_080.pth,295724965
sharon/outputs/checkpoints/checkpoint_epoch_090.pth,295724965
sharon/outputs/checkpoints/checkpoint_epoch_100.pth,295724965
sharon/outputs/checkpoints/checkpoint_epoch_110.pth,295724965
sharon/outputs/checkpoints/checkpoint_epoch_120.pth,295724965
sharon/outputs/checkpoints/checkpoint_epoch_130.pth,295724965
sharon/outputs/checkpoints/checkpoint_epoch_140.pth,295724965
sharon/outputs/checkpoints/checkpoint_epoch_150.pth,295727973
sharon/outputs/checkpoints/checkpoint_epoch_160.pth,295727973
sharon/outputs/checkpoints/dgcnn_best.pth,13765237
sharon/outputs/checkpoints/evidential_model_best.pth,17574399
sharon/outputs/checkpoints/latest_model.pth,258785089
sharon/outputs/checkpoints/pointnet2_best.pth,12748573
sharon/outputs/checkpoints/same_model_best.pth,18768659
sharon/outputs/checkpoints/sex_gnn_best.pth,18115511
sharon/outputs/checkpoints/densenet121/best_model.pth,329611923
sharon/outputs/checkpoints/densenet121/checkpoint_epoch_010.pth,329631393
sharon/outputs/checkpoints/densenet121/checkpoint_epoch_020.pth,329631393
sharon/outputs/checkpoints/densenet121/checkpoint_epoch_030.pth,329631393
sharon/outputs/checkpoints/densenet121/checkpoint_epoch_040.pth,329631393
sharon/outputs/checkpoints/densenet121/checkpoint_epoch_050.pth,329631393
sharon/outputs/checkpoints/densenet121/checkpoint_epoch_060.pth,329631393
sharon/outputs/checkpoints/densenet121/checkpoint_epoch_070.pth,329631393
sharon/outputs/checkpoints/densenet121/checkpoint_epoch_080.pth,329631393
sharon/outputs/checkpoints/densenet121/checkpoint_epoch_090.pth,329631393
sharon/outputs/checkpoints/densenet121/checkpoint_epoch_100.pth,329631393
sharon/outputs/checkpoints/densenet121/checkpoint_epoch_110.pth,329631393
sharon/outputs/checkpoints/densenet121/checkpoint_epoch_120.pth,329631393
sharon/outputs/checkpoints/densenet121/checkpoint_epoch_130.pth,329631393
sharon/outputs/checkpoints/densenet121/checkpoint_epoch_140.pth,329631393
sharon/outputs/checkpoints/densenet121/checkpoint_epoch_150.pth,329631393
sharon/outputs/checkpoints/densenet121/latest_model.pth,329615817
sharon/outputs/checkpoints/efficientnet_b0/best_model.pth,258782831
sharon/outputs/checkpoints/efficientnet_b0/checkpoint_epoch_010.pth,258794121
sharon/outputs/checkpoints/efficientnet_b0/checkpoint_epoch_020.pth,258794121
sharon/outputs/checkpoints/efficientnet_b0/checkpoint_epoch_030.pth,258794121
sharon/outputs/checkpoints/efficientnet_b0/checkpoint_epoch_040.pth,258794121
sharon/outputs/checkpoints/efficientnet_b0/checkpoint_epoch_050.pth,258794121
sharon/outputs/checkpoints/efficientnet_b0/checkpoint_epoch_060.pth,258794121
sharon/outputs/checkpoints/efficientnet_b0/checkpoint_epoch_070.pth,258794121
sharon/outputs/checkpoints/efficientnet_b0/checkpoint_epoch_080.pth,258794121
sharon/outputs/checkpoints/efficientnet_b0/checkpoint_epoch_090.pth,258794121
sharon/outputs/checkpoints/efficientnet_b0/checkpoint_epoch_100.pth,258794121
sharon/outputs/checkpoints/efficientnet_b0/checkpoint_epoch_110.pth,258794121
sharon/outputs/checkpoints/efficientnet_b0/checkpoint_epoch_120.pth,258794121
sharon/outputs/checkpoints/efficientnet_b0/checkpoint_epoch_130.pth,258794121
sharon/outputs/checkpoints/efficientnet_b0/checkpoint_epoch_140.pth,258794121
sharon/outputs/checkpoints/efficientnet_b0/checkpoint_epoch_150.pth,258794121
sharon/outputs/checkpoints/efficientnet_b0/latest_model.pth,258785089
sharon/outputs/checkpoints/resnet50/best_model.pth,760724926
sharon/outputs/checkpoints/resnet50/checkpoint_epoch_010.pth,760734396
sharon/outputs/checkpoints/resnet50/checkpoint_epoch_020.pth,760734396
sharon/outputs/checkpoints/resnet50/checkpoint_epoch_030.pth,760734396
sharon/outputs/checkpoints/resnet50/checkpoint_epoch_040.pth,760734396
sharon/outputs/checkpoints/resnet50/checkpoint_epoch_050.pth,760734396
sharon/outputs/checkpoints/resnet50/checkpoint_epoch_060.pth,760734396
sharon/outputs/checkpoints/resnet50/checkpoint_epoch_070.pth,760734396
sharon/outputs/checkpoints/resnet50/checkpoint_epoch_080.pth,760734396
sharon/outputs/checkpoints/resnet50/checkpoint_epoch_090.pth,760734396
sharon/outputs/checkpoints/resnet50/checkpoint_epoch_100.pth,760734396
sharon/outputs/checkpoints/resnet50/checkpoint_epoch_110.pth,760734396
sharon/outputs/checkpoints/resnet50/checkpoint_epoch_120.pth,760734396
sharon/outputs/checkpoints/resnet50/checkpoint_epoch_130.pth,760734396
sharon/outputs/checkpoints/resnet50/checkpoint_epoch_140.pth,760734396
sharon/outputs/checkpoints/resnet50/checkpoint_epoch_150.pth,760734396
sharon/outputs/checkpoints/resnet50/latest_model.pth,760726820
sharon/outputs/checkpoints/stage2_refiner/best_model.pth,5690933
sharon/outputs/checkpoints/swin_unetr/best_model.pth,295050291
sharon/outputs/checkpoints/swin_unetr/checkpoint_epoch_010.pth,295056963
sharon/outputs/checkpoints/swin_unetr/checkpoint_epoch_020.pth,295056963
sharon/outputs/checkpoints/swin_unetr/checkpoint_epoch_030.pth,295056963
sharon/outputs/checkpoints/swin_unetr/checkpoint_epoch_040.pth,295056963
sharon/outputs/checkpoints/swin_unetr/checkpoint_epoch_050.pth,295056963
sharon/outputs/checkpoints/swin_unetr/checkpoint_epoch_060.pth,295056963
sharon/outputs/checkpoints/swin_unetr/checkpoint_epoch_070.pth,295056963
sharon/outputs/checkpoints/swin_unetr/checkpoint_epoch_080.pth,295056963
sharon/outputs/checkpoints/swin_unetr/checkpoint_epoch_090.pth,295056963
sharon/outputs/checkpoints/swin_unetr/checkpoint_epoch_100.pth,295056963
sharon/outputs/checkpoints/swin_unetr/checkpoint_epoch_110.pth,295056963
sharon/outputs/checkpoints/swin_unetr/checkpoint_epoch_120.pth,295056963
sharon/outputs/checkpoints/swin_unetr/checkpoint_epoch_130.pth,295056963
sharon/outputs/checkpoints/swin_unetr/checkpoint_epoch_140.pth,295056963
sharon/outputs/checkpoints/swin_unetr/checkpoint_epoch_150.pth,295056963
sharon/outputs/checkpoints/swin_unetr/latest_model.pth,295051651
sharon/outputs/gnn_test/best_gnn_model.pth,16384024
sharon/outputs/logs/dgcnn_training_log.csv,8785
sharon/outputs/logs/evidential_model_training_log.csv,17661
sharon/outputs/logs/metrics.csv,11664
sharon/outputs/logs/pointnet2_training_log.csv,8788
sharon/outputs/logs/same_model_training_log.csv,14607
sharon/outputs/logs/sex_gnn_training_log.csv,8776
sharon/outputs/logs/densenet121/metrics.csv,131801
sharon/outputs/logs/efficientnet_b0/metrics.csv,135218
sharon/outputs/logs/resnet50/metrics.csv,128898
sharon/outputs/logs/swin_unetr/metrics.csv,137823
sharon/utils/checkpoint.py,1731
sharon/utils/metrics.py,2230
surface2anatomy-package/CHANGELOG.md,540
surface2anatomy-package/MANIFEST.in,101
surface2anatomy-package/MODEL_CARD.md,986
surface2anatomy-package/README.md,8259
surface2anatomy-package/SECURITY.md,226
surface2anatomy-package/.pytest_cache/README.md,302
surface2anatomy-package/benchmarks/benchmark_inference.py,1754
surface2anatomy-package/docs/architecture.md,330
surface2anatomy-package/docs/inputs.md,466
surface2anatomy-package/docs/limitations.md,325
surface2anatomy-package/docs/preprocessing.md,435
surface2anatomy-package/docs/quickstart.md,476
surface2anatomy-package/docs/targets.md,313
surface2anatomy-package/docs/validation.md,281
surface2anatomy-package/examples/batch_prediction.py,665
surface2anatomy-package/examples/predict_multiple_organs.py,711
surface2anatomy-package/examples/predict_numpy.py,626
surface2anatomy-package/examples/predict_spleen.py,817
surface2anatomy-package/package_audit/FROZEN_SYSTEM_MANIFEST.json,3291
surface2anatomy-package/package_audit/PACKAGE_RELEASE_CHECKLIST.md,2130
surface2anatomy-package/package_audit/REGRESSION_REFERENCE.json,5825
surface2anatomy-package/src/surface2anatomy/alignment.py,3574
surface2anatomy-package/src/surface2anatomy/architecture.py,12149
surface2anatomy-package/src/surface2anatomy/cli.py,11865
surface2anatomy-package/src/surface2anatomy/constants.py,1096
surface2anatomy-package/src/surface2anatomy/download.py,5110
surface2anatomy-package/src/surface2anatomy/exceptions.py,3328
surface2anatomy-package/src/surface2anatomy/io.py,6639
surface2anatomy-package/src/surface2anatomy/manifest.py,3902
surface2anatomy-package/src/surface2anatomy/model.py,18922
surface2anatomy-package/src/surface2anatomy/preprocessing.py,5131
surface2anatomy-package/src/surface2anatomy/results.py,5084
surface2anatomy-package/src/surface2anatomy/sampling.py,1812
surface2anatomy-package/src/surface2anatomy/synonyms.py,3639
surface2anatomy-package/src/surface2anatomy/targets.py,6688
surface2anatomy-package/src/surface2anatomy/uncertainty.py,1070
surface2anatomy-package/src/surface2anatomy/_version.py,67
surface2anatomy-package/src/surface2anatomy/__init__.py,2028
surface2anatomy-package/tests/test_alignment.py,451
surface2anatomy-package/tests/test_cli.py,703
surface2anatomy-package/tests/test_ensemble.py,664
surface2anatomy-package/tests/test_import.py,531
surface2anatomy-package/tests/test_io.py,1297
surface2anatomy-package/tests/test_model_loading.py,318
surface2anatomy-package/tests/test_prediction.py,1098
surface2anatomy-package/tests/test_regression.py,1622
surface2anatomy-package/tests/test_results.py,1566
surface2anatomy-package/tests/test_sampling.py,746
surface2anatomy-package/tests/test_synonyms.py,774
surface2anatomy-package/tests/test_targets.py,598
surface2anatomy-package/tests/test_units.py,1383
tests/test_api.py,3911
tests/test_dataset_v3_surface_definition.py,5138
tests/test_regression.py,2683
tools/generate_architecture_diagram.py,24768
tools/train_sex_aware_model.py,7121
tools/upload_sex_aware_to_hf.py,1463
tools/upload_to_iitmandi_pr.py,900
tools/audit/audit_augmentations.py,2960
tools/audit/audit_coordinate_system.py,3556
tools/audit/audit_data_sources.py,3048
tools/audit/audit_left_right.py,4384
tools/audit/audit_split_leakage.py,6595
tools/audit/audit_target_indexing.py,5744
tools/audit/compute_phase1_statistics.py,6712
tools/audit/compute_train_split_statistics.py,5737
tools/audit/generate_phase1_figures.py,8856
tools/audit/generate_pipeline_map.py,8623
tools/audit/test_coordinate_roundtrip.py,3299
tools/audit/test_phase1_automated_suite.py,8360
tools/dataset_v3/ablate_external_anchors.py,16692
tools/dataset_v3/apply_canonical_alignment.py,27709
tools/dataset_v3/audit_and_deduplicate_cohort.py,12835
tools/dataset_v3/audit_source_geometry.py,5889
tools/dataset_v3/build_dataset_v3.py,25523
tools/dataset_v3/build_source_label_tables.py,11481
tools/dataset_v3/download_sources.py,9728
tools/dataset_v3/extract_sources.py,2656
tools/dataset_v3/generate_phase8a_final_report.py,8230
tools/dataset_v3/generate_phase8b_final_report.py,10414
tools/dataset_v3/near_duplicate_audit.py,4699
tools/dataset_v3/run_v3_pretraining_audit.py,40261
tools/dataset_v3/test_anchor_candidates.py,6214
tools/dataset_v3/validate_dap_rib_mapping.py,7237
tools/dataset_v3/visual_qc_v3.py,5403
tools/phase10/run_phase10_master.py,84522
tools/phase10/run_phase10_suite.py,5817
tools/phase10R/build_phase10r_final_audit.py,34648
tools/phase10R/evaluate_locked_test.py,11702
tools/phase10R/forensics_and_analysis.py,38557
tools/phase10R/generate_literature_v2.py,16469
tools/phase10R/generate_manuscript_artifacts.py,31515
tools/phase10R/generate_pre_test_freeze.py,6297
tools/phase10R/literature_audit.py,19652
tools/phase10R/reproducibility_manifest.py,3774
tools/phase10R/run_phase10r_suite.py,54112
tools/phase11/01_freeze_phase10r.py,4425
tools/phase11/02_extract_and_audit.py,9437
tools/phase11/03_amos_target_mapping.py,6090
tools/phase11/04_amos_surface_and_gt.py,9924
tools/phase11/05_amos_roundtrip_and_qc.py,6193
tools/phase11/06_amos_inference_and_benchmark.py,3987
tools/phase11/07_amos_camera_simulation.py,3760
tools/phase11/08_humman_processing_and_qc.py,3162
tools/phase11/09_humman_inference_and_stability.py,2995
tools/phase11/10_bridge_and_sensor_domain_shift.py,2040
tools/phase11/11_real_sensor_latency_benchmark.py,10504
tools/phase11/12_generate_phase11_tables_figures.py,5068
tools/phase11/13_synthesize_final_report.py,2177
tools/phase11/complete_phase11_visualizations.py,11238
tools/phase11/download_and_verify_amos.py,6017
tools/phase11/download_external_datasets.py,8369
tools/phase11/download_humman_minimal.py,5868
tools/phase11/generate_all_phase11_deliverables.py,23432
tools/phase11/generate_figure2_figure3.py,6399
tools/phase11/generate_tables_1_to_12.py,13699
tools/phase11/preprocess_mri_cases.py,10903
tools/phase11/run_amos_batch_preprocessing.py,11782
tools/phase11/run_amos_inference_and_metrics.py,17098
tools/phase11/run_humman_full_pipeline.py,17647
tools/phase11_flare/01_setup_label_mapping.py,4275
tools/phase11_flare/02_run_flare_pipeline.py,28373
tools/phase11_flare/03_flare_forensic_diagnosis.py,18106
tools/phase11_flare/04_exact_code_forensics.py,26573
tools/phase12/00_freeze_starting_state.py,5406
tools/phase12/01_signed_axis_forensics.py,19217
tools/phase12/02_oracle_diagnostics.py,15269
tools/phase12/03_centering_audit.py,20582
tools/phase12/04_frame_stability_benchmark.py,15676
tools/phase12/05_v3_fov_diagnostic.py,12777
tools/phase12/07_target_equivalence_audit.py,15962
tools/phase12/08_system_evaluations_amos.py,17547
tools/phase12/09_generate_visual_translation_vectors.py,7347
tools/phase12b/01_v2_system_evaluation.py,17263
tools/phase12b/02_preprocessing_trace.py,12573
tools/phase12b/03_v2_fov_stress.py,11572
tools/phase12b/04_exact_target_comparison.py,14390
tools/phase12b/05_generate_figures.py,8543
tools/phase12c/00_phase12c_master.py,39270
tools/phase12c/01_generate_figures.py,6470
tools/phase13_word/download_word.py,3685
tools/phase14_ctorg/00_download_and_extract.py,7735
tools/phase14_ctorg/01_orientation_qc.py,5356
tools/phase14_ctorg/02_duplicate_audit.py,5785
tools/phase14_ctorg/03_eligibility_and_preprocessing.py,17835
tools/phase14_ctorg/04_run_inference_and_metrics.py,30923
tools/phase14_ctorg/05_generate_figures.py,6227
tools/phase14_ctorg/run_all_ctorg.py,1197
tools/phase15_ablation/01_surface_occlusion_ablation.py,11407
tools/phase15_ablation/02_sota_deep_learning_comparison.py,6621
tools/phase15_ablation/03_matched_literature_benchmarks.py,5191
tools/phase15_ablation/04_generate_ablation_figures.py,8417
tools/phase16_brain/01_train_brain_aware_model.py,10317
tools/phase2/compute_correlations_and_extremes.py,2742
tools/phase2/metrics.py,3374
tools/phase2/run_pointnet_experiments.py,18657
tools/phase2/run_pointnet_part2.py,9686
tools/phase2/run_population_and_surface_baselines.py,12452
tools/phase2/stage0_verify_dataset_v2.py,5634
tools/phase2/stage1_define_evaluation_cohort.py,3322
tools/phase3/run_phase3_experiments.py,20529
tools/phase3/run_phase3_part_b_overfit_debug.py,6243
tools/phase3/save_results_and_tables.py,1747
tools/phase4/run_phase4_voting_experiments.py,23134
tools/phase4/step1_metadata_confound_and_inner_splits.py,5635
tools/phase5/compute_diagnostics.py,14101
tools/phase5/prompt_phase5.txt,26048
tools/phase5/run_fast_phase5_experiments.py,33288
tools/phase5/run_phase5_experiments.py,26926
tools/phase5/step0_reproduce_phase4_base.py,6800
tools/phase5/step1_residual_oracle_and_controls.py,8682
tools/phase5/step2_gate_a_memorization.py,4170
tools/phase5/step3_inner_dev_ablations.py,9245
tools/phase5/update_report.py,3664
tools/phase6/step0_reproduce_baseline.py,9763
tools/phase6/step1_latent_dimension_search_and_oracle.py,10632
tools/phase6/step2_posthoc_projections.py,12902
tools/phase6/step3_train_prior_models.py,20135
tools/phase6/step4_diagnostics_and_controls.py,13097
tools/phase6/step5_generate_final_report.py,23864
tools/phase7/step0_stable_baseline_and_features.py,11910
tools/phase7/step1_latent_pipeline_diagnosis.py,11412
tools/phase7/step2_oof_residuals_and_oracle.py,12089
tools/phase7/step3_regional_covariance_and_basis.py,13375
tools/phase7/step4_train_regional_priors.py,19121
tools/phase7/step5_scientific_controls.py,21780
tools/phase7/step6_generate_final_report.py,29115
tools/phase9/run_phase9a_freeze.py,24203
tools/phase9/run_phase9b_scaling_experiments.py,29893
tools/reconstruct/build_dataset_v2.py,14489
tools/reconstruct/build_unique_patient_inventory.py,4510
tools/reconstruct/diagnose_old_input_degeneracy.py,6337
tools/reconstruct/evaluate_surface_extraction_thresholds.py,2171
tools/reconstruct/generate_phase1r_analytics_and_figures.py,8920
tools/reconstruct/run_v2_validation_and_tests.py,8692
tools/reconstruct/surface_extractor.py,6454
tools/reconstruct/target_extractor.py,4394
utils/checkpoint.py,1731
utils/metrics.py,1787
web/package-lock.json,56682
web/package.json,749
web/README.md,10370
web/tsconfig.json,595
web/.vercel/project.json,108
web/.vercel/README.txt,520
web/public/demo/canonical_atlas_107.json,22171
web/public/demo/sample_predictions.json,74007
